model_specification,repeat,seed,n_features,n_active_features,n_zero_variance_features,ddG_pooled_mean,ddG_pooled_sd
substrate_only,0,42,40,40,0,1.9596278567970025,0.8947584023065037
substrate_only,1,43,40,40,0,1.9634105651620537,0.9710901281000628
substrate_only,2,44,40,40,0,2.0114415538260038,0.9339265383068829
substrate_only,3,45,40,40,0,1.9549013569218383,0.9258604351112802
substrate_only,4,46,40,40,0,1.9790335674234665,0.8957795164058653
substrate_only,5,47,40,40,0,1.9565549640293003,0.8906405698566858
substrate_only,6,48,40,40,0,2.0019241892442694,0.8884303527178905
substrate_only,7,49,40,40,0,2.02772028635561,0.8864683298336717
substrate_only,8,50,40,40,0,2.0330651532562816,0.9287835810439657
substrate_only,9,51,40,40,0,1.9501222060532728,0.8911904373851166
substrate_only,10,52,40,40,0,1.9160540888109654,0.985935304867016
substrate_only,11,53,40,40,0,1.9764607141593074,0.9453396182237348
substrate_only,12,54,40,40,0,1.9753821059108152,0.9594587072251687
substrate_only,13,55,40,40,0,2.0461931841887933,0.9009671358618828
substrate_only,14,56,40,40,0,2.0617323975858812,0.8897236913250971
substrate_only,15,57,40,40,0,2.0349332532353097,0.8830124057682899
substrate_only,16,58,40,40,0,1.9561750543597405,0.8651954557333492
substrate_only,17,59,40,40,0,1.991305949688117,0.9799937852965224
substrate_only,18,60,40,40,0,2.0083550445796954,0.8687459245057416
substrate_only,19,61,40,40,0,1.9726199861091318,0.9746308480077303
substrate_only,20,62,40,40,0,1.9252373413408197,0.9302042377653553
substrate_only,21,63,40,40,0,2.069201380730511,0.863994870044761
substrate_only,22,64,40,40,0,2.0506955331888697,0.9086193951774922
substrate_only,23,65,40,40,0,1.9964832312885399,0.9358284444325852
substrate_only,24,66,40,40,0,1.8993452971199147,0.9682505756263119
substrate_only,25,67,40,40,0,1.9543465377240683,0.9124571723433829
substrate_only,26,68,40,40,0,2.0015784015205598,0.9212870487764739
substrate_only,27,69,40,40,0,1.885844796740536,0.8900670520422879
substrate_only,28,70,40,40,0,2.025003935563084,0.9434225773530182
substrate_only,29,71,40,40,0,1.9156670352828407,0.9625755261397175
substrate_only,30,72,40,40,0,2.036670402308655,0.9445402179029823
substrate_only,31,73,40,40,0,1.9931607144311327,0.8932836865514698
substrate_only,32,74,40,40,0,2.0456292962479226,0.9708313601633564
substrate_only,33,75,40,40,0,1.9221515265081794,0.9443237729468068
substrate_only,34,76,40,40,0,1.9625362562403053,0.8949924670866063
substrate_only,35,77,40,40,0,1.9664705923989803,0.934940542610247
substrate_only,36,78,40,40,0,2.0112823715467787,0.9297932859421081
substrate_only,37,79,40,40,0,1.9936901782966279,0.9401472162748707
substrate_only,38,80,40,40,0,2.005728385496735,0.9237657537460148
substrate_only,39,81,40,40,0,1.9620604794911012,0.9365549005546839
substrate_only,40,82,40,40,0,2.0926851665802935,0.8999245448305004
substrate_only,41,83,40,40,0,1.9520953758949762,0.9345263212608735
substrate_only,42,84,40,40,0,1.9855479264745204,0.8806270036927106
substrate_only,43,85,40,40,0,2.016614565721672,0.9516361955638712
substrate_only,44,86,40,40,0,2.0364022249453084,0.8951435978466329
substrate_only,45,87,40,40,0,2.062687440981107,0.9179040854273872
substrate_only,46,88,40,40,0,1.9226435257951124,0.9713168415910611
substrate_only,47,89,40,40,0,2.042540770907536,0.9210179728160256
substrate_only,48,90,40,40,0,1.9556538115135778,0.9574392673211147
substrate_only,49,91,40,40,0,1.9865749444176544,0.9291953850352104
substrate_only,50,92,40,40,0,1.9304161951367245,0.9540336228196412
substrate_only,51,93,40,40,0,1.9894874682895365,0.9296628031253241
substrate_only,52,94,40,40,0,2.033939336374635,0.8821705040492895
substrate_only,53,95,40,40,0,1.899627931754623,0.9076169265502133
substrate_only,54,96,40,40,0,1.8839784132098485,0.9190861759100698
substrate_only,55,97,40,40,0,2.041571151967559,0.9695831083414035
substrate_only,56,98,40,40,0,1.9523775030734842,0.8686491461014244
substrate_only,57,99,40,40,0,1.9585759410594061,0.9497142888104728
substrate_only,58,100,40,40,0,2.0382436805968305,0.9226227854877356
substrate_only,59,101,40,40,0,2.0255215249367264,0.94054772505487
substrate_only,60,102,40,40,0,1.9776598921442456,0.9275872881059644
substrate_only,61,103,40,40,0,2.005879287803403,0.8793696210551776
substrate_only,62,104,40,40,0,1.955582943001099,0.9665705538445669
substrate_only,63,105,40,40,0,1.9078355770128426,0.9755243110262682
substrate_only,64,106,40,40,0,1.9922285977385594,0.8623233647639965
substrate_only,65,107,40,40,0,1.9629311569999393,0.9500687269763247
substrate_only,66,108,40,40,0,1.9662180565190723,0.9200038791506462
substrate_only,67,109,40,40,0,2.0040265418826104,0.961758156621345
substrate_only,68,110,40,40,0,2.031658102710979,0.9472248209373016
substrate_only,69,111,40,40,0,1.9390441587707152,0.9757115678113965
substrate_only,70,112,40,40,0,1.942838360390625,0.9343776170391409
substrate_only,71,113,40,40,0,1.9340620166877505,0.8843007458654497
substrate_only,72,114,40,40,0,1.9368290936872654,0.8606914166514513
substrate_only,73,115,40,40,0,2.0692096548263246,0.892370170127948
substrate_only,74,116,40,40,0,1.91277458256408,0.9420356730327154
substrate_only,75,117,40,40,0,2.009528412832896,0.9043216324612147
substrate_only,76,118,40,40,0,1.9905667365136355,0.895155266708992
substrate_only,77,119,40,40,0,1.9616632048558373,0.9516846648141745
substrate_only,78,120,40,40,0,1.9991474417707842,0.9795103508248227
substrate_only,79,121,40,40,0,2.0303662199384394,0.9179557078410712
substrate_only,80,122,40,40,0,1.914104620545987,0.9244233581480484
substrate_only,81,123,40,40,0,1.9673405154297325,0.899998954345108
substrate_only,82,124,40,40,0,2.017519373814623,0.9465255794908659
substrate_only,83,125,40,40,0,2.037577418555759,0.8960476592434038
substrate_only,84,126,40,40,0,1.9021882627083697,0.8998084850314749
substrate_only,85,127,40,40,0,1.9105743179634618,0.9698200793635425
substrate_only,86,128,40,40,0,2.0383600445771712,0.9028489535122416
substrate_only,87,129,40,40,0,1.9234117629229837,0.9075062687105168
substrate_only,88,130,40,40,0,1.9909007542986414,0.9376838435028395
substrate_only,89,131,40,40,0,1.9705403945495263,0.9395976631839199
substrate_only,90,132,40,40,0,1.9683738292073991,0.952884221744253
substrate_only,91,133,40,40,0,2.0189341119258133,0.9626775497087704
substrate_only,92,134,40,40,0,1.9402667157327071,0.9273179603946067
substrate_only,93,135,40,40,0,2.046823108737741,0.9182411390238803
substrate_only,94,136,40,40,0,1.9659750662810798,0.88765347650113
substrate_only,95,137,40,40,0,1.9963777567892775,0.991975596581895
substrate_only,96,138,40,40,0,2.0216547968812346,0.9273151541006046
substrate_only,97,139,40,40,0,1.8932056727555928,0.8880869609205897
substrate_only,98,140,40,40,0,1.9604000240088735,0.8741748029739321
substrate_only,99,141,40,40,0,1.9669738214420853,0.9344574420433003
substrate_ligand,0,42,80,80,0,1.9596278567970025,0.8947584023065037
substrate_ligand,1,43,80,80,0,1.9634105651620537,0.9710901281000628
substrate_ligand,2,44,80,80,0,2.0114415538260038,0.9339265383068829
substrate_ligand,3,45,80,80,0,1.9549013569218383,0.9258604351112802
substrate_ligand,4,46,80,80,0,1.9790335674234665,0.8957795164058653
substrate_ligand,5,47,80,80,0,1.9565549640293003,0.8906405698566858
substrate_ligand,6,48,80,80,0,2.0019241892442694,0.8884303527178905
substrate_ligand,7,49,80,80,0,2.02772028635561,0.8864683298336717
substrate_ligand,8,50,80,80,0,2.0330651532562816,0.9287835810439657
substrate_ligand,9,51,80,80,0,1.9501222060532728,0.8911904373851166
substrate_ligand,10,52,80,80,0,1.9160540888109654,0.985935304867016
substrate_ligand,11,53,80,80,0,1.9764607141593074,0.9453396182237348
substrate_ligand,12,54,80,80,0,1.9753821059108152,0.9594587072251687
substrate_ligand,13,55,80,80,0,2.0461931841887933,0.9009671358618828
substrate_ligand,14,56,80,80,0,2.0617323975858812,0.8897236913250971
substrate_ligand,15,57,80,80,0,2.0349332532353097,0.8830124057682899
substrate_ligand,16,58,80,80,0,1.9561750543597405,0.8651954557333492
substrate_ligand,17,59,80,80,0,1.991305949688117,0.9799937852965224
substrate_ligand,18,60,80,80,0,2.0083550445796954,0.8687459245057416
substrate_ligand,19,61,80,80,0,1.9726199861091318,0.9746308480077303
substrate_ligand,20,62,80,80,0,1.9252373413408197,0.9302042377653553
substrate_ligand,21,63,80,80,0,2.069201380730511,0.863994870044761
substrate_ligand,22,64,80,80,0,2.0506955331888697,0.9086193951774922
substrate_ligand,23,65,80,80,0,1.9964832312885399,0.9358284444325852
substrate_ligand,24,66,80,80,0,1.8993452971199147,0.9682505756263119
substrate_ligand,25,67,80,80,0,1.9543465377240683,0.9124571723433829
substrate_ligand,26,68,80,80,0,2.0015784015205598,0.9212870487764739
substrate_ligand,27,69,80,80,0,1.885844796740536,0.8900670520422879
substrate_ligand,28,70,80,80,0,2.025003935563084,0.9434225773530182
substrate_ligand,29,71,80,80,0,1.9156670352828407,0.9625755261397175
substrate_ligand,30,72,80,80,0,2.036670402308655,0.9445402179029823
substrate_ligand,31,73,80,80,0,1.9931607144311327,0.8932836865514698
substrate_ligand,32,74,80,80,0,2.0456292962479226,0.9708313601633564
substrate_ligand,33,75,80,80,0,1.9221515265081794,0.9443237729468068
substrate_ligand,34,76,80,80,0,1.9625362562403053,0.8949924670866063
substrate_ligand,35,77,80,80,0,1.9664705923989803,0.934940542610247
substrate_ligand,36,78,80,80,0,2.0112823715467787,0.9297932859421081
substrate_ligand,37,79,80,80,0,1.9936901782966279,0.9401472162748707
substrate_ligand,38,80,80,80,0,2.005728385496735,0.9237657537460148
substrate_ligand,39,81,80,80,0,1.9620604794911012,0.9365549005546839
substrate_ligand,40,82,80,80,0,2.0926851665802935,0.8999245448305004
substrate_ligand,41,83,80,80,0,1.9520953758949762,0.9345263212608735
substrate_ligand,42,84,80,80,0,1.9855479264745204,0.8806270036927106
substrate_ligand,43,85,80,80,0,2.016614565721672,0.9516361955638712
substrate_ligand,44,86,80,80,0,2.0364022249453084,0.8951435978466329
substrate_ligand,45,87,80,80,0,2.062687440981107,0.9179040854273872
substrate_ligand,46,88,80,80,0,1.9226435257951124,0.9713168415910611
substrate_ligand,47,89,80,80,0,2.042540770907536,0.9210179728160256
substrate_ligand,48,90,80,80,0,1.9556538115135778,0.9574392673211147
substrate_ligand,49,91,80,80,0,1.9865749444176544,0.9291953850352104
substrate_ligand,50,92,80,80,0,1.9304161951367245,0.9540336228196412
substrate_ligand,51,93,80,80,0,1.9894874682895365,0.9296628031253241
substrate_ligand,52,94,80,80,0,2.033939336374635,0.8821705040492895
substrate_ligand,53,95,80,80,0,1.899627931754623,0.9076169265502133
substrate_ligand,54,96,80,80,0,1.8839784132098485,0.9190861759100698
substrate_ligand,55,97,80,80,0,2.041571151967559,0.9695831083414035
substrate_ligand,56,98,80,80,0,1.9523775030734842,0.8686491461014244
substrate_ligand,57,99,80,80,0,1.9585759410594061,0.9497142888104728
substrate_ligand,58,100,80,80,0,2.0382436805968305,0.9226227854877356
substrate_ligand,59,101,80,80,0,2.0255215249367264,0.94054772505487
substrate_ligand,60,102,80,80,0,1.9776598921442456,0.9275872881059644
substrate_ligand,61,103,80,80,0,2.005879287803403,0.8793696210551776
substrate_ligand,62,104,80,80,0,1.955582943001099,0.9665705538445669
substrate_ligand,63,105,80,80,0,1.9078355770128426,0.9755243110262682
substrate_ligand,64,106,80,80,0,1.9922285977385594,0.8623233647639965
substrate_ligand,65,107,80,80,0,1.9629311569999393,0.9500687269763247
substrate_ligand,66,108,80,80,0,1.9662180565190723,0.9200038791506462
substrate_ligand,67,109,80,80,0,2.0040265418826104,0.961758156621345
substrate_ligand,68,110,80,80,0,2.031658102710979,0.9472248209373016
substrate_ligand,69,111,80,80,0,1.9390441587707152,0.9757115678113965
substrate_ligand,70,112,80,80,0,1.942838360390625,0.9343776170391409
substrate_ligand,71,113,80,80,0,1.9340620166877505,0.8843007458654497
substrate_ligand,72,114,80,80,0,1.9368290936872654,0.8606914166514513
substrate_ligand,73,115,80,80,0,2.0692096548263246,0.892370170127948
substrate_ligand,74,116,80,80,0,1.91277458256408,0.9420356730327154
substrate_ligand,75,117,80,80,0,2.009528412832896,0.9043216324612147
substrate_ligand,76,118,80,80,0,1.9905667365136355,0.895155266708992
substrate_ligand,77,119,80,80,0,1.9616632048558373,0.9516846648141745
substrate_ligand,78,120,80,80,0,1.9991474417707842,0.9795103508248227
substrate_ligand,79,121,80,80,0,2.0303662199384394,0.9179557078410712
substrate_ligand,80,122,80,80,0,1.914104620545987,0.9244233581480484
substrate_ligand,81,123,80,80,0,1.9673405154297325,0.899998954345108
substrate_ligand,82,124,80,80,0,2.017519373814623,0.9465255794908659
substrate_ligand,83,125,80,80,0,2.037577418555759,0.8960476592434038
substrate_ligand,84,126,80,80,0,1.9021882627083697,0.8998084850314749
substrate_ligand,85,127,80,80,0,1.9105743179634618,0.9698200793635425
substrate_ligand,86,128,80,80,0,2.0383600445771712,0.9028489535122416
substrate_ligand,87,129,80,80,0,1.9234117629229837,0.9075062687105168
substrate_ligand,88,130,80,80,0,1.9909007542986414,0.9376838435028395
substrate_ligand,89,131,80,80,0,1.9705403945495263,0.9395976631839199
substrate_ligand,90,132,80,80,0,1.9683738292073991,0.952884221744253
substrate_ligand,91,133,80,80,0,2.0189341119258133,0.9626775497087704
substrate_ligand,92,134,80,80,0,1.9402667157327071,0.9273179603946067
substrate_ligand,93,135,80,80,0,2.046823108737741,0.9182411390238803
substrate_ligand,94,136,80,80,0,1.9659750662810798,0.88765347650113
substrate_ligand,95,137,80,80,0,1.9963777567892775,0.991975596581895
substrate_ligand,96,138,80,80,0,2.0216547968812346,0.9273151541006046
substrate_ligand,97,139,80,80,0,1.8932056727555928,0.8880869609205897
substrate_ligand,98,140,80,80,0,1.9604000240088735,0.8741748029739321
substrate_ligand,99,141,80,80,0,1.9669738214420853,0.9344574420433003
substrate_ligand_conditions,0,42,83,83,0,1.9596278567970025,0.8947584023065037
substrate_ligand_conditions,1,43,83,83,0,1.9634105651620537,0.9710901281000628
substrate_ligand_conditions,2,44,83,83,0,2.0114415538260038,0.9339265383068829
substrate_ligand_conditions,3,45,83,83,0,1.9549013569218383,0.9258604351112802
substrate_ligand_conditions,4,46,83,83,0,1.9790335674234665,0.8957795164058653
substrate_ligand_conditions,5,47,83,83,0,1.9565549640293003,0.8906405698566858
substrate_ligand_conditions,6,48,83,83,0,2.0019241892442694,0.8884303527178905
substrate_ligand_conditions,7,49,83,83,0,2.02772028635561,0.8864683298336717
substrate_ligand_conditions,8,50,83,83,0,2.0330651532562816,0.9287835810439657
substrate_ligand_conditions,9,51,83,83,0,1.9501222060532728,0.8911904373851166
substrate_ligand_conditions,10,52,83,83,0,1.9160540888109654,0.985935304867016
substrate_ligand_conditions,11,53,83,83,0,1.9764607141593074,0.9453396182237348
substrate_ligand_conditions,12,54,83,83,0,1.9753821059108152,0.9594587072251687
substrate_ligand_conditions,13,55,83,83,0,2.0461931841887933,0.9009671358618828
substrate_ligand_conditions,14,56,83,83,0,2.0617323975858812,0.8897236913250971
substrate_ligand_conditions,15,57,83,83,0,2.0349332532353097,0.8830124057682899
substrate_ligand_conditions,16,58,83,83,0,1.9561750543597405,0.8651954557333492
substrate_ligand_conditions,17,59,83,83,0,1.991305949688117,0.9799937852965224
substrate_ligand_conditions,18,60,83,83,0,2.0083550445796954,0.8687459245057416
substrate_ligand_conditions,19,61,83,83,0,1.9726199861091318,0.9746308480077303
substrate_ligand_conditions,20,62,83,83,0,1.9252373413408197,0.9302042377653553
substrate_ligand_conditions,21,63,83,83,0,2.069201380730511,0.863994870044761
substrate_ligand_conditions,22,64,83,83,0,2.0506955331888697,0.9086193951774922
substrate_ligand_conditions,23,65,83,83,0,1.9964832312885399,0.9358284444325852
substrate_ligand_conditions,24,66,83,83,0,1.8993452971199147,0.9682505756263119
substrate_ligand_conditions,25,67,83,83,0,1.9543465377240683,0.9124571723433829
substrate_ligand_conditions,26,68,83,83,0,2.0015784015205598,0.9212870487764739
substrate_ligand_conditions,27,69,83,83,0,1.885844796740536,0.8900670520422879
substrate_ligand_conditions,28,70,83,83,0,2.025003935563084,0.9434225773530182
substrate_ligand_conditions,29,71,83,83,0,1.9156670352828407,0.9625755261397175
substrate_ligand_conditions,30,72,83,83,0,2.036670402308655,0.9445402179029823
substrate_ligand_conditions,31,73,83,83,0,1.9931607144311327,0.8932836865514698
substrate_ligand_conditions,32,74,83,83,0,2.0456292962479226,0.9708313601633564
substrate_ligand_conditions,33,75,83,83,0,1.9221515265081794,0.9443237729468068
substrate_ligand_conditions,34,76,83,83,0,1.9625362562403053,0.8949924670866063
substrate_ligand_conditions,35,77,83,83,0,1.9664705923989803,0.934940542610247
substrate_ligand_conditions,36,78,83,83,0,2.0112823715467787,0.9297932859421081
substrate_ligand_conditions,37,79,83,83,0,1.9936901782966279,0.9401472162748707
substrate_ligand_conditions,38,80,83,83,0,2.005728385496735,0.9237657537460148
substrate_ligand_conditions,39,81,83,83,0,1.9620604794911012,0.9365549005546839
substrate_ligand_conditions,40,82,83,83,0,2.0926851665802935,0.8999245448305004
substrate_ligand_conditions,41,83,83,83,0,1.9520953758949762,0.9345263212608735
substrate_ligand_conditions,42,84,83,83,0,1.9855479264745204,0.8806270036927106
substrate_ligand_conditions,43,85,83,83,0,2.016614565721672,0.9516361955638712
substrate_ligand_conditions,44,86,83,83,0,2.0364022249453084,0.8951435978466329
substrate_ligand_conditions,45,87,83,83,0,2.062687440981107,0.9179040854273872
substrate_ligand_conditions,46,88,83,83,0,1.9226435257951124,0.9713168415910611
substrate_ligand_conditions,47,89,83,83,0,2.042540770907536,0.9210179728160256
substrate_ligand_conditions,48,90,83,83,0,1.9556538115135778,0.9574392673211147
substrate_ligand_conditions,49,91,83,83,0,1.9865749444176544,0.9291953850352104
substrate_ligand_conditions,50,92,83,83,0,1.9304161951367245,0.9540336228196412
substrate_ligand_conditions,51,93,83,83,0,1.9894874682895365,0.9296628031253241
substrate_ligand_conditions,52,94,83,83,0,2.033939336374635,0.8821705040492895
substrate_ligand_conditions,53,95,83,83,0,1.899627931754623,0.9076169265502133
substrate_ligand_conditions,54,96,83,83,0,1.8839784132098485,0.9190861759100698
substrate_ligand_conditions,55,97,83,83,0,2.041571151967559,0.9695831083414035
substrate_ligand_conditions,56,98,83,83,0,1.9523775030734842,0.8686491461014244
substrate_ligand_conditions,57,99,83,83,0,1.9585759410594061,0.9497142888104728
substrate_ligand_conditions,58,100,83,83,0,2.0382436805968305,0.9226227854877356
substrate_ligand_conditions,59,101,83,83,0,2.0255215249367264,0.94054772505487
substrate_ligand_conditions,60,102,83,83,0,1.9776598921442456,0.9275872881059644
substrate_ligand_conditions,61,103,83,83,0,2.005879287803403,0.8793696210551776
substrate_ligand_conditions,62,104,83,83,0,1.955582943001099,0.9665705538445669
substrate_ligand_conditions,63,105,83,83,0,1.9078355770128426,0.9755243110262682
substrate_ligand_conditions,64,106,83,83,0,1.9922285977385594,0.8623233647639965
substrate_ligand_conditions,65,107,83,83,0,1.9629311569999393,0.9500687269763247
substrate_ligand_conditions,66,108,83,83,0,1.9662180565190723,0.9200038791506462
substrate_ligand_conditions,67,109,83,83,0,2.0040265418826104,0.961758156621345
substrate_ligand_conditions,68,110,83,83,0,2.031658102710979,0.9472248209373016
substrate_ligand_conditions,69,111,83,83,0,1.9390441587707152,0.9757115678113965
substrate_ligand_conditions,70,112,83,83,0,1.942838360390625,0.9343776170391409
substrate_ligand_conditions,71,113,83,83,0,1.9340620166877505,0.8843007458654497
substrate_ligand_conditions,72,114,83,83,0,1.9368290936872654,0.8606914166514513
substrate_ligand_conditions,73,115,83,83,0,2.0692096548263246,0.892370170127948
substrate_ligand_conditions,74,116,83,83,0,1.91277458256408,0.9420356730327154
substrate_ligand_conditions,75,117,83,83,0,2.009528412832896,0.9043216324612147
substrate_ligand_conditions,76,118,83,83,0,1.9905667365136355,0.895155266708992
substrate_ligand_conditions,77,119,83,83,0,1.9616632048558373,0.9516846648141745
substrate_ligand_conditions,78,120,83,83,0,1.9991474417707842,0.9795103508248227
substrate_ligand_conditions,79,121,83,83,0,2.0303662199384394,0.9179557078410712
substrate_ligand_conditions,80,122,83,83,0,1.914104620545987,0.9244233581480484
substrate_ligand_conditions,81,123,83,83,0,1.9673405154297325,0.899998954345108
substrate_ligand_conditions,82,124,83,83,0,2.017519373814623,0.9465255794908659
substrate_ligand_conditions,83,125,83,83,0,2.037577418555759,0.8960476592434038
substrate_ligand_conditions,84,126,83,83,0,1.9021882627083697,0.8998084850314749
substrate_ligand_conditions,85,127,83,83,0,1.9105743179634618,0.9698200793635425
substrate_ligand_conditions,86,128,83,83,0,2.0383600445771712,0.9028489535122416
substrate_ligand_conditions,87,129,83,83,0,1.9234117629229837,0.9075062687105168
substrate_ligand_conditions,88,130,83,83,0,1.9909007542986414,0.9376838435028395
substrate_ligand_conditions,89,131,83,83,0,1.9705403945495263,0.9395976631839199
substrate_ligand_conditions,90,132,83,83,0,1.9683738292073991,0.952884221744253
substrate_ligand_conditions,91,133,83,83,0,2.0189341119258133,0.9626775497087704
substrate_ligand_conditions,92,134,83,83,0,1.9402667157327071,0.9273179603946067
substrate_ligand_conditions,93,135,83,83,0,2.046823108737741,0.9182411390238803
substrate_ligand_conditions,94,136,83,83,0,1.9659750662810798,0.88765347650113
substrate_ligand_conditions,95,137,83,83,0,1.9963777567892775,0.991975596581895
substrate_ligand_conditions,96,138,83,83,0,2.0216547968812346,0.9273151541006046
substrate_ligand_conditions,97,139,83,83,0,1.8932056727555928,0.8880869609205897
substrate_ligand_conditions,98,140,83,83,0,1.9604000240088735,0.8741748029739321
substrate_ligand_conditions,99,141,83,83,0,1.9669738214420853,0.9344574420433003
