model_specification,domain,block,feature_name,bit_index,active_repeat_count,selected_repeat_count,selection_frequency,median_coefficient,median_selected_coefficient,median_absolute_selected_coefficient,positive_fraction_selected,negative_fraction_selected,sign_stability,stable_feature
substrate_only,target,substrate,substrate_MACCS_132,132.0,100,100,1.0,0.4154809103218535,0.4154809103218535,0.4154809103218535,1.0,0.0,1.0,True
substrate_only,target,substrate,substrate_MACCS_155,155.0,100,100,1.0,-0.2270203141313891,-0.2270203141313891,0.2270203141313891,0.0,1.0,1.0,True
substrate_only,target,substrate,substrate_MACCS_159,159.0,100,81,0.81,0.3077110893492219,0.35542382654817045,0.35542382654817045,1.0,0.0,1.0,True
substrate_only,target,substrate,substrate_MACCS_145,145.0,100,0,0.0,0.0,0.0,0.0,0.0,0.0,0.0,False
substrate_only,target,substrate,substrate_MACCS_157,157.0,100,55,0.55,0.1452331192555535,0.2430381337297761,0.2430381337297761,1.0,0.0,1.0,False
substrate_only,target,substrate,substrate_MACCS_134,134.0,100,0,0.0,0.005155582020177647,0.0,0.0,0.0,0.0,0.0,False
substrate_only,target,substrate,substrate_MACCS_149,149.0,100,26,0.26,0.07357933297624535,0.12586962077032599,0.12586962077032599,1.0,0.0,1.0,False
substrate_only,target,substrate,substrate_MACCS_107,107.0,100,0,0.0,0.0,0.0,0.0,0.0,0.0,0.0,False
substrate_only,target,substrate,substrate_MACCS_160,160.0,100,1,0.01,0.0,0.10420994419011081,0.10420994419011081,1.0,0.0,1.0,False
substrate_only,target,substrate,substrate_MACCS_153,153.0,100,84,0.84,-0.1980551150315552,-0.2111126898310945,0.2111126898310945,0.0,1.0,1.0,True
substrate_only,target,substrate,substrate_MACCS_125,125.0,100,10,0.1,0.04453832546233116,0.12670281546345655,0.12670281546345655,1.0,0.0,1.0,False
substrate_only,target,substrate,substrate_MACCS_147,147.0,100,46,0.46,0.0,-0.20516544721327962,0.20516544721327962,0.0,1.0,1.0,False
substrate_only,target,substrate,substrate_MACCS_144,144.0,100,7,0.07,0.044185314226932476,0.12605457783210067,0.12605457783210067,1.0,0.0,1.0,False
substrate_only,target,substrate,substrate_MACCS_150,150.0,100,1,0.01,0.0,0.10127779839962281,0.10127779839962281,1.0,0.0,1.0,False
substrate_only,target,substrate,substrate_MACCS_118,118.0,100,49,0.49,-0.049483518220500025,-0.20591488666400207,0.20591488666400207,0.0,1.0,1.0,False
substrate_only,target,substrate,substrate_MACCS_126,126.0,100,58,0.58,0.2155501112329557,0.27838479489525636,0.27838479489525636,1.0,0.0,1.0,False
substrate_only,target,substrate,substrate_MACCS_127,127.0,100,0,0.0,0.0,0.0,0.0,0.0,0.0,0.0,False
substrate_only,target,substrate,substrate_MACCS_161,161.0,100,0,0.0,0.0,0.0,0.0,0.0,0.0,0.0,False
substrate_only,target,substrate,substrate_MACCS_087,87.0,100,77,0.77,0.11348507080841286,0.11852693594082818,0.11852693594082818,1.0,0.0,1.0,True
substrate_only,target,substrate,substrate_MACCS_093,93.0,100,17,0.17,0.0,0.20793534519285056,0.20793534519285056,0.9411764705882353,0.058823529411764705,0.9411764705882353,False
substrate_only,target,substrate,substrate_MACCS_146,146.0,100,99,0.99,-0.8076279873800892,-0.8076545188283422,0.8076545188283422,0.0,1.0,1.0,True
substrate_only,target,substrate,substrate_MACCS_158,158.0,100,0,0.0,0.0,0.0,0.0,0.0,0.0,0.0,False
substrate_only,target,substrate,substrate_MACCS_129,129.0,100,0,0.0,0.0,0.0,0.0,0.0,0.0,0.0,False
substrate_only,target,substrate,substrate_MACCS_137,137.0,100,0,0.0,0.0,0.0,0.0,0.0,0.0,0.0,False
substrate_only,target,substrate,substrate_MACCS_148,148.0,100,0,0.0,0.0,0.0,0.0,0.0,0.0,0.0,False
substrate_only,target,substrate,substrate_MACCS_099,99.0,100,10,0.1,-0.007116183493399382,-0.12561162773292556,0.12561162773292556,0.0,1.0,1.0,False
substrate_only,target,substrate,substrate_MACCS_100,100.0,100,100,1.0,0.2997402410162965,0.2997402410162965,0.2997402410162965,1.0,0.0,1.0,True
substrate_only,target,substrate,substrate_MACCS_105,105.0,100,3,0.03,0.0,-0.12718877641556345,0.12718877641556345,0.0,1.0,1.0,False
substrate_only,target,substrate,substrate_MACCS_136,136.0,100,0,0.0,0.0,0.0,0.0,0.0,0.0,0.0,False
substrate_only,target,substrate,substrate_MACCS_123,123.0,100,3,0.03,0.0,0.33689103844803103,0.33689103844803103,1.0,0.0,1.0,False
substrate_only,target,substrate,substrate_MACCS_128,128.0,100,0,0.0,0.0,0.0,0.0,0.0,0.0,0.0,False
substrate_only,target,substrate,substrate_MACCS_086,86.0,100,0,0.0,0.0,0.0,0.0,0.0,0.0,0.0,False
substrate_only,target,substrate,substrate_MACCS_122,122.0,100,0,0.0,0.0,0.0,0.0,0.0,0.0,0.0,False
substrate_only,target,substrate,substrate_MACCS_156,156.0,100,0,0.0,0.0,0.0,0.0,0.0,0.0,0.0,False
substrate_only,target,substrate,substrate_MACCS_101,101.0,100,6,0.06,0.0,-0.11646315612331827,0.11646315612331827,0.16666666666666666,0.8333333333333334,0.8333333333333334,False
substrate_only,target,substrate,substrate_MACCS_072,72.0,100,0,0.0,0.0,0.0,0.0,0.0,0.0,0.0,False
substrate_only,target,substrate,substrate_MACCS_121,121.0,100,0,0.0,0.0,0.0,0.0,0.0,0.0,0.0,False
substrate_only,target,substrate,substrate_MACCS_112,112.0,100,0,0.0,0.0,0.0,0.0,0.0,0.0,0.0,False
substrate_only,target,substrate,substrate_MACCS_085,85.0,100,0,0.0,0.0,0.0,0.0,0.0,0.0,0.0,False
substrate_only,target,substrate,substrate_MACCS_113,113.0,100,96,0.96,0.21430061503253928,0.21864620952163988,0.21864620952163988,1.0,0.0,1.0,True
substrate_only,inner,substrate,substrate_MACCS_132,132.0,100,92,0.92,0.2864855828156831,0.299519451071683,0.299519451071683,1.0,0.0,1.0,True
substrate_only,inner,substrate,substrate_MACCS_155,155.0,100,13,0.13,0.0,0.12539921028723627,0.12539921028723627,0.6153846153846154,0.38461538461538464,0.6153846153846154,False
substrate_only,inner,substrate,substrate_MACCS_159,159.0,100,24,0.24,0.0,0.184665331212585,0.184665331212585,0.9583333333333334,0.041666666666666664,0.9583333333333334,False
substrate_only,inner,substrate,substrate_MACCS_145,145.0,100,47,0.47,0.049979281205835696,0.20100038263832015,0.20100038263832015,1.0,0.0,1.0,False
substrate_only,inner,substrate,substrate_MACCS_157,157.0,100,18,0.18,0.0,0.20220360243062024,0.20220360243062024,1.0,0.0,1.0,False
substrate_only,inner,substrate,substrate_MACCS_134,134.0,100,3,0.03,0.0,-0.18400132439331598,0.18400132439331598,0.3333333333333333,0.6666666666666666,0.6666666666666666,False
substrate_only,inner,substrate,substrate_MACCS_149,149.0,100,65,0.65,0.13494226397947984,0.1668710369999264,0.1668710369999264,1.0,0.0,1.0,True
substrate_only,inner,substrate,substrate_MACCS_107,107.0,100,6,0.06,0.0,0.13175531285389214,0.13175531285389214,1.0,0.0,1.0,False
substrate_only,inner,substrate,substrate_MACCS_160,160.0,100,30,0.3,-0.0536809469028527,-0.14876595377994734,0.14876595377994734,0.0,1.0,1.0,False
substrate_only,inner,substrate,substrate_MACCS_153,153.0,100,12,0.12,0.0,0.13159489437757577,0.13159489437757577,0.9166666666666666,0.08333333333333333,0.9166666666666666,False
substrate_only,inner,substrate,substrate_MACCS_125,125.0,100,37,0.37,0.0,0.21171220455363787,0.21171220455363787,1.0,0.0,1.0,False
substrate_only,inner,substrate,substrate_MACCS_147,147.0,100,8,0.08,0.0,0.12178446209988716,0.12178446209988716,0.875,0.125,0.875,False
substrate_only,inner,substrate,substrate_MACCS_144,144.0,100,14,0.14,0.0,-0.12888184135251618,0.12888184135251618,0.07142857142857142,0.9285714285714286,0.9285714285714286,False
substrate_only,inner,substrate,substrate_MACCS_150,150.0,100,20,0.2,0.0,0.14735595461502055,0.14735595461502055,0.9,0.1,0.9,False
substrate_only,inner,substrate,substrate_MACCS_118,118.0,100,4,0.04,0.0,0.03069155616901003,0.03069155616901003,0.5,0.5,0.5,False
substrate_only,inner,substrate,substrate_MACCS_126,126.0,100,14,0.14,0.0,0.1311897349507848,0.1311897349507848,0.8571428571428571,0.14285714285714285,0.8571428571428571,False
substrate_only,inner,substrate,substrate_MACCS_127,127.0,100,37,0.37,0.037921195919418456,0.1870450111684998,0.1870450111684998,0.972972972972973,0.02702702702702703,0.972972972972973,False
substrate_only,inner,substrate,substrate_MACCS_161,161.0,100,8,0.08,0.0,-0.16608300201671544,0.16608300201671544,0.125,0.875,0.875,False
substrate_only,inner,substrate,substrate_MACCS_087,87.0,100,39,0.39,0.06529932926797893,0.14796795500300022,0.14796795500300022,1.0,0.0,1.0,False
substrate_only,inner,substrate,substrate_MACCS_093,93.0,100,60,0.6,0.1418539808044048,0.21032400756650232,0.21032400756650232,1.0,0.0,1.0,True
substrate_only,inner,substrate,substrate_MACCS_146,146.0,100,3,0.03,0.0,-0.16962797719490838,0.16962797719490838,0.0,1.0,1.0,False
substrate_only,inner,substrate,substrate_MACCS_158,158.0,100,20,0.2,0.0,-0.1566606409962317,0.1566606409962317,0.0,1.0,1.0,False
substrate_only,inner,substrate,substrate_MACCS_129,129.0,100,17,0.17,0.0,-0.12589345475789693,0.12589345475789693,0.35294117647058826,0.6470588235294118,0.6470588235294118,False
substrate_only,inner,substrate,substrate_MACCS_137,137.0,100,4,0.04,0.0,-0.1515541845365509,0.1515541845365509,0.25,0.75,0.75,False
substrate_only,inner,substrate,substrate_MACCS_148,148.0,100,4,0.04,0.0,0.19787660966472082,0.19787660966472082,1.0,0.0,1.0,False
substrate_only,inner,substrate,substrate_MACCS_099,99.0,100,83,0.83,0.23891331561985546,0.2752864945779715,0.2752864945779715,1.0,0.0,1.0,True
substrate_only,inner,substrate,substrate_MACCS_100,100.0,100,29,0.29,0.0,-0.21416838791658696,0.21416838791658696,0.0,1.0,1.0,False
substrate_only,inner,substrate,substrate_MACCS_105,105.0,100,1,0.01,0.0,0.10864887162299487,0.10864887162299487,1.0,0.0,1.0,False
substrate_only,inner,substrate,substrate_MACCS_136,136.0,100,28,0.28,-0.044287365553062466,-0.1410974310246554,0.1410974310246554,0.0,1.0,1.0,False
substrate_only,inner,substrate,substrate_MACCS_123,123.0,100,18,0.18,0.0,-0.19689751514624004,0.19689751514624004,0.0,1.0,1.0,False
substrate_only,inner,substrate,substrate_MACCS_128,128.0,100,21,0.21,0.02995698753472,0.14297341663336932,0.14297341663336932,0.9523809523809523,0.047619047619047616,0.9523809523809523,False
substrate_only,inner,substrate,substrate_MACCS_086,86.0,100,31,0.31,0.0017429027714886813,0.17438320427360043,0.17438320427360043,0.9354838709677419,0.06451612903225806,0.9354838709677419,False
substrate_only,inner,substrate,substrate_MACCS_122,122.0,100,11,0.11,0.0,0.15569485606233535,0.15569485606233535,1.0,0.0,1.0,False
substrate_only,inner,substrate,substrate_MACCS_156,156.0,100,22,0.22,0.0,-0.1876615648708691,0.1876615648708691,0.0,1.0,1.0,False
substrate_only,inner,substrate,substrate_MACCS_101,101.0,100,15,0.15,0.0,0.1220839400772152,0.1220839400772152,0.6,0.4,0.6,False
substrate_only,inner,substrate,substrate_MACCS_072,72.0,100,51,0.51,0.10206457814318404,0.14563652367613333,0.14563652367613333,1.0,0.0,1.0,False
substrate_only,inner,substrate,substrate_MACCS_121,121.0,100,14,0.14,0.0,-0.11987817944666218,0.11987817944666218,0.14285714285714285,0.8571428571428571,0.8571428571428571,False
substrate_only,inner,substrate,substrate_MACCS_112,112.0,100,44,0.44,-0.0859938936231659,-0.15116871099737755,0.15116871099737755,0.0,1.0,1.0,False
substrate_only,inner,substrate,substrate_MACCS_085,85.0,100,35,0.35,0.04828712297658428,0.23401349902018162,0.23401349902018162,1.0,0.0,1.0,False
substrate_only,inner,substrate,substrate_MACCS_113,113.0,100,21,0.21,0.0,-0.14636609577509774,0.14636609577509774,0.047619047619047616,0.9523809523809523,0.9523809523809523,False
substrate_only,outer,substrate,substrate_MACCS_132,132.0,100,27,0.27,0.0,0.20650491824279157,0.20650491824279157,0.9629629629629629,0.037037037037037035,0.9629629629629629,False
substrate_only,outer,substrate,substrate_MACCS_155,155.0,100,45,0.45,0.07134407226964402,0.2016635620228848,0.2016635620228848,1.0,0.0,1.0,False
substrate_only,outer,substrate,substrate_MACCS_159,159.0,100,14,0.14,0.0,0.1670102633913706,0.1670102633913706,0.7857142857142857,0.21428571428571427,0.7857142857142857,False
substrate_only,outer,substrate,substrate_MACCS_145,145.0,100,19,0.19,0.0,0.11872794446672666,0.11872794446672666,0.5263157894736842,0.47368421052631576,0.5263157894736842,False
substrate_only,outer,substrate,substrate_MACCS_157,157.0,100,6,0.06,0.0,0.192082149425124,0.192082149425124,0.6666666666666666,0.3333333333333333,0.6666666666666666,False
substrate_only,outer,substrate,substrate_MACCS_134,134.0,100,10,0.1,0.0,0.11082888268725291,0.11082888268725291,0.7,0.3,0.7,False
substrate_only,outer,substrate,substrate_MACCS_149,149.0,100,34,0.34,0.05869932607665072,0.1621617005935868,0.1621617005935868,0.9411764705882353,0.058823529411764705,0.9411764705882353,False
substrate_only,outer,substrate,substrate_MACCS_107,107.0,100,9,0.09,0.0,-0.15111877815390107,0.15111877815390107,0.1111111111111111,0.8888888888888888,0.8888888888888888,False
substrate_only,outer,substrate,substrate_MACCS_160,160.0,100,31,0.31,0.031148936968679854,0.16187206790056152,0.16187206790056152,0.9354838709677419,0.06451612903225806,0.9354838709677419,False
substrate_only,outer,substrate,substrate_MACCS_153,153.0,100,19,0.19,0.0,-0.13034891150061415,0.13034891150061415,0.3684210526315789,0.631578947368421,0.631578947368421,False
substrate_only,outer,substrate,substrate_MACCS_125,125.0,100,26,0.26,0.0,0.16005059785142597,0.16005059785142597,0.8846153846153846,0.11538461538461539,0.8846153846153846,False
substrate_only,outer,substrate,substrate_MACCS_147,147.0,100,10,0.1,0.0,-0.12093516095551227,0.12093516095551227,0.2,0.8,0.8,False
substrate_only,outer,substrate,substrate_MACCS_144,144.0,100,16,0.16,0.0,0.10221383678494707,0.10221383678494707,0.5625,0.4375,0.5625,False
substrate_only,outer,substrate,substrate_MACCS_150,150.0,100,38,0.38,0.05679897711089632,0.17029640498656184,0.17029640498656184,0.9473684210526315,0.05263157894736842,0.9473684210526315,False
substrate_only,outer,substrate,substrate_MACCS_118,118.0,100,15,0.15,0.0,-0.16261442856438288,0.16261442856438288,0.0,1.0,1.0,False
substrate_only,outer,substrate,substrate_MACCS_126,126.0,100,8,0.08,0.0,0.021519507429036362,0.021519507429036362,0.5,0.5,0.5,False
substrate_only,outer,substrate,substrate_MACCS_127,127.0,100,20,0.2,0.0,-0.17952737505072214,0.17952737505072214,0.05,0.95,0.95,False
substrate_only,outer,substrate,substrate_MACCS_161,161.0,100,14,0.14,0.0,0.2212025996045647,0.2212025996045647,0.8571428571428571,0.14285714285714285,0.8571428571428571,False
substrate_only,outer,substrate,substrate_MACCS_087,87.0,100,24,0.24,0.0,0.14363085331061656,0.14363085331061656,0.8333333333333334,0.16666666666666666,0.8333333333333334,False
substrate_only,outer,substrate,substrate_MACCS_093,93.0,100,14,0.14,0.0,0.19278291279721665,0.19278291279721665,0.8571428571428571,0.14285714285714285,0.8571428571428571,False
substrate_only,outer,substrate,substrate_MACCS_146,146.0,100,21,0.21,0.0,0.19632911313613938,0.19632911313613938,0.9047619047619048,0.09523809523809523,0.9047619047619048,False
substrate_only,outer,substrate,substrate_MACCS_158,158.0,100,10,0.1,0.0,-0.18785105859656887,0.18785105859656887,0.0,1.0,1.0,False
substrate_only,outer,substrate,substrate_MACCS_129,129.0,100,15,0.15,0.0,0.14437439258606644,0.14437439258606644,0.5333333333333333,0.4666666666666667,0.5333333333333333,False
substrate_only,outer,substrate,substrate_MACCS_137,137.0,100,27,0.27,0.0031946340977585894,0.15993083322352467,0.15993083322352467,0.9259259259259259,0.07407407407407407,0.9259259259259259,False
substrate_only,outer,substrate,substrate_MACCS_148,148.0,100,27,0.27,0.0,0.17506899388268227,0.17506899388268227,1.0,0.0,1.0,False
substrate_only,outer,substrate,substrate_MACCS_099,99.0,100,29,0.29,-0.03585111034302625,-0.17953717749738046,0.17953717749738046,0.034482758620689655,0.9655172413793104,0.9655172413793104,False
substrate_only,outer,substrate,substrate_MACCS_100,100.0,100,7,0.07,0.0,-0.12312939519640494,0.12312939519640494,0.42857142857142855,0.5714285714285714,0.5714285714285714,False
substrate_only,outer,substrate,substrate_MACCS_105,105.0,100,27,0.27,0.0,0.21636410068276388,0.21636410068276388,0.9629629629629629,0.037037037037037035,0.9629629629629629,False
substrate_only,outer,substrate,substrate_MACCS_136,136.0,100,14,0.14,0.0,0.18208194329233648,0.18208194329233648,1.0,0.0,1.0,False
substrate_only,outer,substrate,substrate_MACCS_123,123.0,100,10,0.1,0.0,0.005506464120724759,0.005506464120724759,0.5,0.5,0.5,False
substrate_only,outer,substrate,substrate_MACCS_128,128.0,100,18,0.18,0.0,-0.15182863089713827,0.15182863089713827,0.05555555555555555,0.9444444444444444,0.9444444444444444,False
substrate_only,outer,substrate,substrate_MACCS_086,86.0,100,32,0.32,-0.039246152625521766,-0.1839574940219008,0.1839574940219008,0.03125,0.96875,0.96875,False
substrate_only,outer,substrate,substrate_MACCS_122,122.0,100,6,0.06,0.0,0.1543641966901325,0.1543641966901325,1.0,0.0,1.0,False
substrate_only,outer,substrate,substrate_MACCS_156,156.0,100,29,0.29,-0.000734326332630414,-0.1657064433504031,0.1657064433504031,0.06896551724137931,0.9310344827586207,0.9310344827586207,False
substrate_only,outer,substrate,substrate_MACCS_101,101.0,100,30,0.3,0.017166707452878446,0.19021080054703338,0.19021080054703338,1.0,0.0,1.0,False
substrate_only,outer,substrate,substrate_MACCS_072,72.0,100,35,0.35,-0.02744497342192576,-0.21666972745041782,0.21666972745041782,0.05714285714285714,0.9428571428571428,0.9428571428571428,False
substrate_only,outer,substrate,substrate_MACCS_121,121.0,100,25,0.25,0.0,0.12270544837448656,0.12270544837448656,0.64,0.36,0.64,False
substrate_only,outer,substrate,substrate_MACCS_112,112.0,100,16,0.16,0.0,0.004596553292950875,0.004596553292950875,0.5,0.5,0.5,False
substrate_only,outer,substrate,substrate_MACCS_085,85.0,100,10,0.1,0.0,0.13797205086315922,0.13797205086315922,0.7,0.3,0.7,False
substrate_only,outer,substrate,substrate_MACCS_113,113.0,100,17,0.17,0.0,0.14935290039992502,0.14935290039992502,0.7647058823529411,0.23529411764705882,0.7647058823529411,False
substrate_ligand,target,substrate,substrate_MACCS_132,132.0,100,92,0.92,0.24058366310661122,0.24874683833081954,0.24874683833081954,1.0,0.0,1.0,True
substrate_ligand,target,substrate,substrate_MACCS_155,155.0,100,53,0.53,0.10292042503283197,0.13001136950637077,0.13001136950637077,1.0,0.0,1.0,False
substrate_ligand,target,substrate,substrate_MACCS_159,159.0,100,0,0.0,0.0,0.0,0.0,0.0,0.0,0.0,False
substrate_ligand,target,substrate,substrate_MACCS_145,145.0,100,0,0.0,0.0,0.0,0.0,0.0,0.0,0.0,False
substrate_ligand,target,substrate,substrate_MACCS_157,157.0,100,0,0.0,0.0,0.0,0.0,0.0,0.0,0.0,False
substrate_ligand,target,substrate,substrate_MACCS_134,134.0,100,0,0.0,0.0,0.0,0.0,0.0,0.0,0.0,False
substrate_ligand,target,substrate,substrate_MACCS_149,149.0,100,1,0.01,0.00015034393457370325,0.12670788543053765,0.12670788543053765,1.0,0.0,1.0,False
substrate_ligand,target,substrate,substrate_MACCS_107,107.0,100,4,0.04,0.0329994969240663,0.10738531492405176,0.10738531492405176,1.0,0.0,1.0,False
substrate_ligand,target,substrate,substrate_MACCS_160,160.0,100,19,0.19,0.07630948788986311,0.11137614371125616,0.11137614371125616,1.0,0.0,1.0,False
substrate_ligand,target,substrate,substrate_MACCS_153,153.0,100,0,0.0,0.0,0.0,0.0,0.0,0.0,0.0,False
substrate_ligand,target,substrate,substrate_MACCS_125,125.0,100,6,0.06,0.0,0.16881197842388335,0.16881197842388335,1.0,0.0,1.0,False
substrate_ligand,target,substrate,substrate_MACCS_147,147.0,100,5,0.05,-0.008751427633828867,-0.12289165665547634,0.12289165665547634,0.0,1.0,1.0,False
substrate_ligand,target,substrate,substrate_MACCS_144,144.0,100,1,0.01,0.00019585731665083301,0.12968376538231588,0.12968376538231588,1.0,0.0,1.0,False
substrate_ligand,target,substrate,substrate_MACCS_150,150.0,100,0,0.0,0.0,0.0,0.0,0.0,0.0,0.0,False
substrate_ligand,target,substrate,substrate_MACCS_118,118.0,100,0,0.0,-1.2407253826486602e-16,0.0,0.0,0.0,0.0,0.0,False
substrate_ligand,target,substrate,substrate_MACCS_126,126.0,100,0,0.0,0.0,0.0,0.0,0.0,0.0,0.0,False
substrate_ligand,target,substrate,substrate_MACCS_127,127.0,100,0,0.0,0.0,0.0,0.0,0.0,0.0,0.0,False
substrate_ligand,target,substrate,substrate_MACCS_161,161.0,100,0,0.0,0.0,0.0,0.0,0.0,0.0,0.0,False
substrate_ligand,target,substrate,substrate_MACCS_087,87.0,100,91,0.91,0.13179872959490718,0.13313131622090243,0.13313131622090243,1.0,0.0,1.0,True
substrate_ligand,target,substrate,substrate_MACCS_093,93.0,100,0,0.0,0.0,0.0,0.0,0.0,0.0,0.0,False
substrate_ligand,target,substrate,substrate_MACCS_146,146.0,100,82,0.82,-0.15341351690843041,-0.1586020906150561,0.1586020906150561,0.0,1.0,1.0,True
substrate_ligand,target,substrate,substrate_MACCS_158,158.0,100,0,0.0,0.0,0.0,0.0,0.0,0.0,0.0,False
substrate_ligand,target,substrate,substrate_MACCS_129,129.0,100,0,0.0,0.0,0.0,0.0,0.0,0.0,0.0,False
substrate_ligand,target,substrate,substrate_MACCS_137,137.0,100,0,0.0,0.0,0.0,0.0,0.0,0.0,0.0,False
substrate_ligand,target,substrate,substrate_MACCS_148,148.0,100,0,0.0,0.0,0.0,0.0,0.0,0.0,0.0,False
substrate_ligand,target,substrate,substrate_MACCS_099,99.0,100,33,0.33,0.04889981407294797,0.1388986741903776,0.1388986741903776,1.0,0.0,1.0,False
substrate_ligand,target,substrate,substrate_MACCS_100,100.0,100,72,0.72,0.14448590227443697,0.17493246243951027,0.17493246243951027,1.0,0.0,1.0,True
substrate_ligand,target,substrate,substrate_MACCS_105,105.0,100,13,0.13,0.0,0.23830448739762938,0.23830448739762938,1.0,0.0,1.0,False
substrate_ligand,target,substrate,substrate_MACCS_136,136.0,100,1,0.01,0.0,-0.20032683693826475,0.20032683693826475,0.0,1.0,1.0,False
substrate_ligand,target,substrate,substrate_MACCS_123,123.0,100,0,0.0,0.0,0.0,0.0,0.0,0.0,0.0,False
substrate_ligand,target,substrate,substrate_MACCS_128,128.0,100,0,0.0,0.0,0.0,0.0,0.0,0.0,0.0,False
substrate_ligand,target,substrate,substrate_MACCS_086,86.0,100,0,0.0,0.0,0.0,0.0,0.0,0.0,0.0,False
substrate_ligand,target,substrate,substrate_MACCS_122,122.0,100,0,0.0,0.0,0.0,0.0,0.0,0.0,0.0,False
substrate_ligand,target,substrate,substrate_MACCS_156,156.0,100,39,0.39,-0.08836923568426111,-0.144368817109601,0.144368817109601,0.0,1.0,1.0,False
substrate_ligand,target,substrate,substrate_MACCS_101,101.0,100,71,0.71,0.22851546111930732,0.25592310917464484,0.25592310917464484,1.0,0.0,1.0,True
substrate_ligand,target,substrate,substrate_MACCS_072,72.0,100,0,0.0,0.0,0.0,0.0,0.0,0.0,0.0,False
substrate_ligand,target,substrate,substrate_MACCS_121,121.0,100,0,0.0,0.0,0.0,0.0,0.0,0.0,0.0,False
substrate_ligand,target,substrate,substrate_MACCS_112,112.0,100,0,0.0,0.0,0.0,0.0,0.0,0.0,0.0,False
substrate_ligand,target,substrate,substrate_MACCS_085,85.0,100,0,0.0,0.0,0.0,0.0,0.0,0.0,0.0,False
substrate_ligand,target,substrate,substrate_MACCS_113,113.0,100,2,0.02,0.0,0.10640040788576469,0.10640040788576469,1.0,0.0,1.0,False
substrate_ligand,target,ligand,ligand_MACCS_054,54.0,100,0,0.0,0.0,0.0,0.0,0.0,0.0,0.0,False
substrate_ligand,target,ligand,ligand_MACCS_084,84.0,100,0,0.0,0.0,0.0,0.0,0.0,0.0,0.0,False
substrate_ligand,target,ligand,ligand_MACCS_153,153.0,100,0,0.0,0.0,0.0,0.0,0.0,0.0,0.0,False
substrate_ligand,target,ligand,ligand_MACCS_157,157.0,100,0,0.0,0.0,0.0,0.0,0.0,0.0,0.0,False
substrate_ligand,target,ligand,ligand_MACCS_112,112.0,100,1,0.01,0.0,0.10857069255887987,0.10857069255887987,1.0,0.0,1.0,False
substrate_ligand,target,ligand,ligand_MACCS_131,131.0,100,0,0.0,0.0,0.0,0.0,0.0,0.0,0.0,False
substrate_ligand,target,ligand,ligand_MACCS_137,137.0,100,100,1.0,-0.3660039090683662,-0.3660039090683662,0.3660039090683662,0.0,1.0,1.0,True
substrate_ligand,target,ligand,ligand_MACCS_159,159.0,100,0,0.0,0.0,0.0,0.0,0.0,0.0,0.0,False
substrate_ligand,target,ligand,ligand_MACCS_074,74.0,100,3,0.03,0.0,-0.1260717101917195,0.1260717101917195,0.0,1.0,1.0,False
substrate_ligand,target,ligand,ligand_MACCS_120,120.0,100,0,0.0,0.0,0.0,0.0,0.0,0.0,0.0,False
substrate_ligand,target,ligand,ligand_MACCS_111,111.0,100,0,0.0,0.0,0.0,0.0,0.0,0.0,0.0,False
substrate_ligand,target,ligand,ligand_MACCS_101,101.0,100,0,0.0,0.0,0.0,0.0,0.0,0.0,0.0,False
substrate_ligand,target,ligand,ligand_MACCS_096,96.0,100,22,0.22,-0.024812562868398155,-0.14799957423073232,0.14799957423073232,0.0,1.0,1.0,False
substrate_ligand,target,ligand,ligand_MACCS_138,138.0,100,0,0.0,0.0,0.0,0.0,0.0,0.0,0.0,False
substrate_ligand,target,ligand,ligand_MACCS_164,164.0,100,0,0.0,0.0,0.0,0.0,0.0,0.0,0.0,False
substrate_ligand,target,ligand,ligand_MACCS_121,121.0,100,0,0.0,0.0,0.0,0.0,0.0,0.0,0.0,False
substrate_ligand,target,ligand,ligand_MACCS_062,62.0,100,10,0.1,0.018425586405960637,0.10831286663215578,0.10831286663215578,1.0,0.0,1.0,False
substrate_ligand,target,ligand,ligand_MACCS_066,66.0,100,100,1.0,0.9914043524198359,0.9914043524198359,0.9914043524198359,1.0,0.0,1.0,True
substrate_ligand,target,ligand,ligand_MACCS_141,141.0,100,18,0.18,0.04311391300401281,0.11968886729200989,0.11968886729200989,1.0,0.0,1.0,False
substrate_ligand,target,ligand,ligand_MACCS_152,152.0,100,0,0.0,0.0,0.0,0.0,0.0,0.0,0.0,False
substrate_ligand,target,ligand,ligand_MACCS_083,83.0,100,29,0.29,-0.052976664454461454,-0.15924720437067352,0.15924720437067352,0.0,1.0,1.0,False
substrate_ligand,target,ligand,ligand_MACCS_166,166.0,100,0,0.0,0.0,0.0,0.0,0.0,0.0,0.0,False
substrate_ligand,target,ligand,ligand_MACCS_079,79.0,100,0,0.0,0.0,0.0,0.0,0.0,0.0,0.0,False
substrate_ligand,target,ligand,ligand_MACCS_093,93.0,100,0,0.0,0.0,0.0,0.0,0.0,0.0,0.0,False
substrate_ligand,target,ligand,ligand_MACCS_155,155.0,100,0,0.0,0.0,0.0,0.0,0.0,0.0,0.0,False
substrate_ligand,target,ligand,ligand_MACCS_144,144.0,100,0,0.0,0.0,0.0,0.0,0.0,0.0,0.0,False
substrate_ligand,target,ligand,ligand_MACCS_098,98.0,100,0,0.0,0.0,0.0,0.0,0.0,0.0,0.0,False
substrate_ligand,target,ligand,ligand_MACCS_151,151.0,100,0,0.0,0.0,0.0,0.0,0.0,0.0,0.0,False
substrate_ligand,target,ligand,ligand_MACCS_057,57.0,100,0,0.0,0.0,0.0,0.0,0.0,0.0,0.0,False
substrate_ligand,target,ligand,ligand_MACCS_100,100.0,100,0,0.0,0.0,0.0,0.0,0.0,0.0,0.0,False
substrate_ligand,target,ligand,ligand_MACCS_116,116.0,100,0,0.0,0.0,0.0,0.0,0.0,0.0,0.0,False
substrate_ligand,target,ligand,ligand_MACCS_149,149.0,100,2,0.02,0.0,0.11658577170024398,0.11658577170024398,1.0,0.0,1.0,False
substrate_ligand,target,ligand,ligand_MACCS_113,113.0,100,0,0.0,0.0,0.0,0.0,0.0,0.0,0.0,False
substrate_ligand,target,ligand,ligand_MACCS_118,118.0,100,0,0.0,0.0,0.0,0.0,0.0,0.0,0.0,False
substrate_ligand,target,ligand,ligand_MACCS_105,105.0,100,89,0.89,-0.19547678052917494,-0.20346685482270785,0.20346685482270785,0.0,1.0,1.0,True
substrate_ligand,target,ligand,ligand_MACCS_126,126.0,100,84,0.84,0.1759166145360726,0.1825419510796819,0.1825419510796819,1.0,0.0,1.0,True
substrate_ligand,target,ligand,ligand_MACCS_127,127.0,100,6,0.06,0.0,0.11822444456694126,0.11822444456694126,1.0,0.0,1.0,False
substrate_ligand,target,ligand,ligand_MACCS_117,117.0,100,0,0.0,0.0,0.0,0.0,0.0,0.0,0.0,False
substrate_ligand,target,ligand,ligand_MACCS_082,82.0,100,0,0.0,0.0,0.0,0.0,0.0,0.0,0.0,False
substrate_ligand,target,ligand,ligand_MACCS_128,128.0,100,0,0.0,0.0,0.0,0.0,0.0,0.0,0.0,False
substrate_ligand,inner,substrate,substrate_MACCS_132,132.0,100,84,0.84,0.2752830867299495,0.3014815953074776,0.3014815953074776,1.0,0.0,1.0,True
substrate_ligand,inner,substrate,substrate_MACCS_155,155.0,100,11,0.11,0.0,0.11584825652720629,0.11584825652720629,0.6363636363636364,0.36363636363636365,0.6363636363636364,False
substrate_ligand,inner,substrate,substrate_MACCS_159,159.0,100,29,0.29,0.0,0.1848935924083805,0.1848935924083805,1.0,0.0,1.0,False
substrate_ligand,inner,substrate,substrate_MACCS_145,145.0,100,12,0.12,0.0,0.1375620502945313,0.1375620502945313,0.75,0.25,0.75,False
substrate_ligand,inner,substrate,substrate_MACCS_157,157.0,100,7,0.07,0.0,0.12732120180516915,0.12732120180516915,1.0,0.0,1.0,False
substrate_ligand,inner,substrate,substrate_MACCS_134,134.0,100,3,0.03,0.0,-0.11423011805143043,0.11423011805143043,0.0,1.0,1.0,False
substrate_ligand,inner,substrate,substrate_MACCS_149,149.0,100,63,0.63,0.12736319916276811,0.17432538106271858,0.17432538106271858,1.0,0.0,1.0,True
substrate_ligand,inner,substrate,substrate_MACCS_107,107.0,100,3,0.03,0.0,0.16830402955971055,0.16830402955971055,0.6666666666666666,0.3333333333333333,0.6666666666666666,False
substrate_ligand,inner,substrate,substrate_MACCS_160,160.0,100,16,0.16,0.0,-0.171681584762172,0.171681584762172,0.0625,0.9375,0.9375,False
substrate_ligand,inner,substrate,substrate_MACCS_153,153.0,100,12,0.12,0.0,-0.1179213848620472,0.1179213848620472,0.3333333333333333,0.6666666666666666,0.6666666666666666,False
substrate_ligand,inner,substrate,substrate_MACCS_125,125.0,100,7,0.07,0.0,-0.11145564830516495,0.11145564830516495,0.42857142857142855,0.5714285714285714,0.5714285714285714,False
substrate_ligand,inner,substrate,substrate_MACCS_147,147.0,100,6,0.06,0.0,-0.19640234340291068,0.19640234340291068,0.0,1.0,1.0,False
substrate_ligand,inner,substrate,substrate_MACCS_144,144.0,100,17,0.17,-0.016273471388065258,-0.16626803971217538,0.16626803971217538,0.0,1.0,1.0,False
substrate_ligand,inner,substrate,substrate_MACCS_150,150.0,100,13,0.13,0.0,-0.1297854353113834,0.1297854353113834,0.15384615384615385,0.8461538461538461,0.8461538461538461,False
substrate_ligand,inner,substrate,substrate_MACCS_118,118.0,100,6,0.06,0.0,-0.15021415573992872,0.15021415573992872,0.0,1.0,1.0,False
substrate_ligand,inner,substrate,substrate_MACCS_126,126.0,100,24,0.24,0.0,0.1658933706913351,0.1658933706913351,1.0,0.0,1.0,False
substrate_ligand,inner,substrate,substrate_MACCS_127,127.0,100,24,0.24,0.02952401345064013,0.16518909725036035,0.16518909725036035,1.0,0.0,1.0,False
substrate_ligand,inner,substrate,substrate_MACCS_161,161.0,100,14,0.14,0.0,-0.16514707707519904,0.16514707707519904,0.0,1.0,1.0,False
substrate_ligand,inner,substrate,substrate_MACCS_087,87.0,100,29,0.29,0.04677493365031865,0.14998186118964052,0.14998186118964052,1.0,0.0,1.0,False
substrate_ligand,inner,substrate,substrate_MACCS_093,93.0,100,35,0.35,0.04749326364509393,0.17897821038752496,0.17897821038752496,0.9714285714285714,0.02857142857142857,0.9714285714285714,False
substrate_ligand,inner,substrate,substrate_MACCS_146,146.0,100,2,0.02,0.0,-0.18587774347830877,0.18587774347830877,0.0,1.0,1.0,False
substrate_ligand,inner,substrate,substrate_MACCS_158,158.0,100,16,0.16,0.0,-0.17502132045888805,0.17502132045888805,0.0,1.0,1.0,False
substrate_ligand,inner,substrate,substrate_MACCS_129,129.0,100,20,0.2,0.0,-0.14091013128095897,0.14091013128095897,0.2,0.8,0.8,False
substrate_ligand,inner,substrate,substrate_MACCS_137,137.0,100,7,0.07,0.0,0.11363436160910102,0.11363436160910102,0.7142857142857143,0.2857142857142857,0.7142857142857143,False
substrate_ligand,inner,substrate,substrate_MACCS_148,148.0,100,11,0.11,0.0,0.2017488146230073,0.2017488146230073,1.0,0.0,1.0,False
substrate_ligand,inner,substrate,substrate_MACCS_099,99.0,100,24,0.24,0.0,0.1861191747441654,0.1861191747441654,1.0,0.0,1.0,False
substrate_ligand,inner,substrate,substrate_MACCS_100,100.0,100,22,0.22,0.0,-0.16384581943412427,0.16384581943412427,0.0,1.0,1.0,False
substrate_ligand,inner,substrate,substrate_MACCS_105,105.0,100,7,0.07,0.0,0.15559378550789923,0.15559378550789923,1.0,0.0,1.0,False
substrate_ligand,inner,substrate,substrate_MACCS_136,136.0,100,33,0.33,-0.001381470042903886,-0.19365088252404417,0.19365088252404417,0.030303030303030304,0.9696969696969697,0.9696969696969697,False
substrate_ligand,inner,substrate,substrate_MACCS_123,123.0,100,52,0.52,-0.11996577585005541,-0.2234144818367535,0.2234144818367535,0.0,1.0,1.0,False
substrate_ligand,inner,substrate,substrate_MACCS_128,128.0,100,36,0.36,0.05517035919951972,0.12909336965711316,0.12909336965711316,1.0,0.0,1.0,False
substrate_ligand,inner,substrate,substrate_MACCS_086,86.0,100,20,0.2,0.0,0.1237165877654911,0.1237165877654911,0.75,0.25,0.75,False
substrate_ligand,inner,substrate,substrate_MACCS_122,122.0,100,26,0.26,0.012133963744756423,0.17830425215299783,0.17830425215299783,1.0,0.0,1.0,False
substrate_ligand,inner,substrate,substrate_MACCS_156,156.0,100,11,0.11,0.0,-0.12732976282998168,0.12732976282998168,0.36363636363636365,0.6363636363636364,0.6363636363636364,False
substrate_ligand,inner,substrate,substrate_MACCS_101,101.0,100,12,0.12,0.0,0.25141030534559095,0.25141030534559095,1.0,0.0,1.0,False
substrate_ligand,inner,substrate,substrate_MACCS_072,72.0,100,16,0.16,0.0,-0.12852700109249185,0.12852700109249185,0.25,0.75,0.75,False
substrate_ligand,inner,substrate,substrate_MACCS_121,121.0,100,10,0.1,0.0,0.1516560153484493,0.1516560153484493,0.9,0.1,0.9,False
substrate_ligand,inner,substrate,substrate_MACCS_112,112.0,100,36,0.36,-0.08860274691544712,-0.14369588403915448,0.14369588403915448,0.0,1.0,1.0,False
substrate_ligand,inner,substrate,substrate_MACCS_085,85.0,100,27,0.27,0.0,0.21208932134042005,0.21208932134042005,1.0,0.0,1.0,False
substrate_ligand,inner,substrate,substrate_MACCS_113,113.0,100,5,0.05,0.0,-0.17506657613774318,0.17506657613774318,0.0,1.0,1.0,False
substrate_ligand,inner,ligand,ligand_MACCS_054,54.0,100,0,0.0,0.0,0.0,0.0,0.0,0.0,0.0,False
substrate_ligand,inner,ligand,ligand_MACCS_084,84.0,100,2,0.02,0.0,0.11055768735316018,0.11055768735316018,1.0,0.0,1.0,False
substrate_ligand,inner,ligand,ligand_MACCS_153,153.0,100,3,0.03,0.0,-0.13133819970338884,0.13133819970338884,0.3333333333333333,0.6666666666666666,0.6666666666666666,False
substrate_ligand,inner,ligand,ligand_MACCS_157,157.0,100,2,0.02,0.0,-0.20397703388328303,0.20397703388328303,0.0,1.0,1.0,False
substrate_ligand,inner,ligand,ligand_MACCS_112,112.0,100,7,0.07,0.0,-0.15435351045833273,0.15435351045833273,0.0,1.0,1.0,False
substrate_ligand,inner,ligand,ligand_MACCS_131,131.0,100,48,0.48,0.09710798670805162,0.2233361311189027,0.2233361311189027,1.0,0.0,1.0,False
substrate_ligand,inner,ligand,ligand_MACCS_137,137.0,100,41,0.41,0.03068024130468354,0.2769449682163357,0.2769449682163357,1.0,0.0,1.0,False
substrate_ligand,inner,ligand,ligand_MACCS_159,159.0,100,12,0.12,0.0,0.19520205050856845,0.19520205050856845,1.0,0.0,1.0,False
substrate_ligand,inner,ligand,ligand_MACCS_074,74.0,100,7,0.07,0.0,0.15237542391787487,0.15237542391787487,1.0,0.0,1.0,False
substrate_ligand,inner,ligand,ligand_MACCS_120,120.0,100,44,0.44,0.07972391377659788,0.24840695262723403,0.24840695262723403,1.0,0.0,1.0,False
substrate_ligand,inner,ligand,ligand_MACCS_111,111.0,100,1,0.01,0.0,-0.1985818853527322,0.1985818853527322,0.0,1.0,1.0,False
substrate_ligand,inner,ligand,ligand_MACCS_101,101.0,100,30,0.3,0.0,-0.20991131606551672,0.20991131606551672,0.0,1.0,1.0,False
substrate_ligand,inner,ligand,ligand_MACCS_096,96.0,100,23,0.23,0.0,-0.1902655860915854,0.1902655860915854,0.0,1.0,1.0,False
substrate_ligand,inner,ligand,ligand_MACCS_138,138.0,100,9,0.09,0.0,0.20107645901296742,0.20107645901296742,1.0,0.0,1.0,False
substrate_ligand,inner,ligand,ligand_MACCS_164,164.0,100,0,0.0,0.0,0.0,0.0,0.0,0.0,0.0,False
substrate_ligand,inner,ligand,ligand_MACCS_121,121.0,100,7,0.07,0.0,0.1940556411391406,0.1940556411391406,1.0,0.0,1.0,False
substrate_ligand,inner,ligand,ligand_MACCS_062,62.0,100,11,0.11,0.0,0.21404658972366816,0.21404658972366816,1.0,0.0,1.0,False
substrate_ligand,inner,ligand,ligand_MACCS_066,66.0,100,3,0.03,0.0,-0.11635164335242588,0.11635164335242588,0.0,1.0,1.0,False
substrate_ligand,inner,ligand,ligand_MACCS_141,141.0,100,54,0.54,0.12986474833963785,0.21532348189737205,0.21532348189737205,1.0,0.0,1.0,False
substrate_ligand,inner,ligand,ligand_MACCS_152,152.0,100,19,0.19,0.0,-0.18131777427830043,0.18131777427830043,0.0,1.0,1.0,False
substrate_ligand,inner,ligand,ligand_MACCS_083,83.0,100,5,0.05,0.0,0.24828409603994167,0.24828409603994167,1.0,0.0,1.0,False
substrate_ligand,inner,ligand,ligand_MACCS_166,166.0,100,37,0.37,-0.04043555948680591,-0.2212961179231291,0.2212961179231291,0.0,1.0,1.0,False
substrate_ligand,inner,ligand,ligand_MACCS_079,79.0,100,8,0.08,0.0,-0.2318651488291017,0.2318651488291017,0.0,1.0,1.0,False
substrate_ligand,inner,ligand,ligand_MACCS_093,93.0,100,15,0.15,0.0,-0.14019957398329133,0.14019957398329133,0.0,1.0,1.0,False
substrate_ligand,inner,ligand,ligand_MACCS_155,155.0,100,16,0.16,0.0,-0.14818246037345834,0.14818246037345834,0.0,1.0,1.0,False
substrate_ligand,inner,ligand,ligand_MACCS_144,144.0,100,5,0.05,0.0,0.14742901813438575,0.14742901813438575,0.6,0.4,0.6,False
substrate_ligand,inner,ligand,ligand_MACCS_098,98.0,100,3,0.03,0.0,0.13877818939576508,0.13877818939576508,1.0,0.0,1.0,False
substrate_ligand,inner,ligand,ligand_MACCS_151,151.0,100,8,0.08,0.0,0.1445124234822663,0.1445124234822663,1.0,0.0,1.0,False
substrate_ligand,inner,ligand,ligand_MACCS_057,57.0,100,1,0.01,0.0,0.22880658792658043,0.22880658792658043,1.0,0.0,1.0,False
substrate_ligand,inner,ligand,ligand_MACCS_100,100.0,100,10,0.1,0.0,-0.13224188992559854,0.13224188992559854,0.1,0.9,0.9,False
substrate_ligand,inner,ligand,ligand_MACCS_116,116.0,100,1,0.01,0.0,0.31664821536246,0.31664821536246,1.0,0.0,1.0,False
substrate_ligand,inner,ligand,ligand_MACCS_149,149.0,100,10,0.1,0.0,-0.163249817543483,0.163249817543483,0.0,1.0,1.0,False
substrate_ligand,inner,ligand,ligand_MACCS_113,113.0,100,22,0.22,0.0,0.17970630910798147,0.17970630910798147,1.0,0.0,1.0,False
substrate_ligand,inner,ligand,ligand_MACCS_118,118.0,100,55,0.55,-0.11931000534047212,-0.17966669250821166,0.17966669250821166,0.0,1.0,1.0,False
substrate_ligand,inner,ligand,ligand_MACCS_105,105.0,100,16,0.16,0.0,-0.23779875985491722,0.23779875985491722,0.0,1.0,1.0,False
substrate_ligand,inner,ligand,ligand_MACCS_126,126.0,100,10,0.1,0.0,-0.1711724045473096,0.1711724045473096,0.0,1.0,1.0,False
substrate_ligand,inner,ligand,ligand_MACCS_127,127.0,100,31,0.31,0.0,-0.20362682835929102,0.20362682835929102,0.0,1.0,1.0,False
substrate_ligand,inner,ligand,ligand_MACCS_117,117.0,100,0,0.0,0.0,0.0,0.0,0.0,0.0,0.0,False
substrate_ligand,inner,ligand,ligand_MACCS_082,82.0,100,0,0.0,0.0,0.0,0.0,0.0,0.0,0.0,False
substrate_ligand,inner,ligand,ligand_MACCS_128,128.0,100,21,0.21,0.0,-0.1419296753387507,0.1419296753387507,0.047619047619047616,0.9523809523809523,0.9523809523809523,False
substrate_ligand,outer,substrate,substrate_MACCS_132,132.0,100,17,0.17,0.0,0.1555074783430592,0.1555074783430592,1.0,0.0,1.0,False
substrate_ligand,outer,substrate,substrate_MACCS_155,155.0,100,34,0.34,0.015525766092425605,0.1782805122441912,0.1782805122441912,1.0,0.0,1.0,False
substrate_ligand,outer,substrate,substrate_MACCS_159,159.0,100,10,0.1,0.0,0.11849547533699101,0.11849547533699101,0.7,0.3,0.7,False
substrate_ligand,outer,substrate,substrate_MACCS_145,145.0,100,20,0.2,0.0,-0.16602158062297884,0.16602158062297884,0.2,0.8,0.8,False
substrate_ligand,outer,substrate,substrate_MACCS_157,157.0,100,4,0.04,0.0,0.19519326705614148,0.19519326705614148,0.75,0.25,0.75,False
substrate_ligand,outer,substrate,substrate_MACCS_134,134.0,100,4,0.04,0.0,0.10502255915766934,0.10502255915766934,0.75,0.25,0.75,False
substrate_ligand,outer,substrate,substrate_MACCS_149,149.0,100,20,0.2,0.021160837020014603,0.1391736931920512,0.1391736931920512,0.9,0.1,0.9,False
substrate_ligand,outer,substrate,substrate_MACCS_107,107.0,100,10,0.1,0.0,-0.0057372755928831315,0.0057372755928831315,0.5,0.5,0.5,False
substrate_ligand,outer,substrate,substrate_MACCS_160,160.0,100,27,0.27,0.001647771579350024,0.20555230786796705,0.20555230786796705,0.8518518518518519,0.14814814814814814,0.8518518518518519,False
substrate_ligand,outer,substrate,substrate_MACCS_153,153.0,100,11,0.11,0.0,0.1196548755742385,0.1196548755742385,0.5454545454545454,0.45454545454545453,0.5454545454545454,False
substrate_ligand,outer,substrate,substrate_MACCS_125,125.0,100,5,0.05,0.0,0.17209717372688,0.17209717372688,0.8,0.2,0.8,False
substrate_ligand,outer,substrate,substrate_MACCS_147,147.0,100,9,0.09,0.0,-0.11152336037773114,0.11152336037773114,0.4444444444444444,0.5555555555555556,0.5555555555555556,False
substrate_ligand,outer,substrate,substrate_MACCS_144,144.0,100,13,0.13,0.0,0.1487129027215191,0.1487129027215191,0.9230769230769231,0.07692307692307693,0.9230769230769231,False
substrate_ligand,outer,substrate,substrate_MACCS_150,150.0,100,34,0.34,0.03761033259286773,0.146198826684246,0.146198826684246,0.9117647058823529,0.08823529411764706,0.9117647058823529,False
substrate_ligand,outer,substrate,substrate_MACCS_118,118.0,100,5,0.05,0.0,-0.17010969011615887,0.17010969011615887,0.0,1.0,1.0,False
substrate_ligand,outer,substrate,substrate_MACCS_126,126.0,100,6,0.06,0.0,0.1399132808910653,0.1399132808910653,0.6666666666666666,0.3333333333333333,0.6666666666666666,False
substrate_ligand,outer,substrate,substrate_MACCS_127,127.0,100,18,0.18,0.0,-0.20305264678739188,0.20305264678739188,0.0,1.0,1.0,False
substrate_ligand,outer,substrate,substrate_MACCS_161,161.0,100,9,0.09,0.0,-0.16571740433876936,0.16571740433876936,0.4444444444444444,0.5555555555555556,0.5555555555555556,False
substrate_ligand,outer,substrate,substrate_MACCS_087,87.0,100,13,0.13,0.0,0.12527191307223726,0.12527191307223726,0.8461538461538461,0.15384615384615385,0.8461538461538461,False
substrate_ligand,outer,substrate,substrate_MACCS_093,93.0,100,4,0.04,0.0,-0.18137110408945709,0.18137110408945709,0.0,1.0,1.0,False
substrate_ligand,outer,substrate,substrate_MACCS_146,146.0,100,12,0.12,0.0,0.12822977411068268,0.12822977411068268,0.5833333333333334,0.4166666666666667,0.5833333333333334,False
substrate_ligand,outer,substrate,substrate_MACCS_158,158.0,100,12,0.12,0.0,-0.17910683192715,0.17910683192715,0.08333333333333333,0.9166666666666666,0.9166666666666666,False
substrate_ligand,outer,substrate,substrate_MACCS_129,129.0,100,5,0.05,0.0,0.11141688037644606,0.11141688037644606,0.6,0.4,0.6,False
substrate_ligand,outer,substrate,substrate_MACCS_137,137.0,100,22,0.22,0.0,0.12861521340499144,0.12861521340499144,0.8181818181818182,0.18181818181818182,0.8181818181818182,False
substrate_ligand,outer,substrate,substrate_MACCS_148,148.0,100,10,0.1,0.0,0.11003153342539024,0.11003153342539024,0.8,0.2,0.8,False
substrate_ligand,outer,substrate,substrate_MACCS_099,99.0,100,16,0.16,0.0,-0.18261382380744748,0.18261382380744748,0.1875,0.8125,0.8125,False
substrate_ligand,outer,substrate,substrate_MACCS_100,100.0,100,4,0.04,0.0,0.19516204227318534,0.19516204227318534,1.0,0.0,1.0,False
substrate_ligand,outer,substrate,substrate_MACCS_105,105.0,100,24,0.24,0.0,0.18375334318885872,0.18375334318885872,1.0,0.0,1.0,False
substrate_ligand,outer,substrate,substrate_MACCS_136,136.0,100,2,0.02,0.0,0.26284964693321206,0.26284964693321206,1.0,0.0,1.0,False
substrate_ligand,outer,substrate,substrate_MACCS_123,123.0,100,4,0.04,0.0,0.14500191444582947,0.14500191444582947,0.75,0.25,0.75,False
substrate_ligand,outer,substrate,substrate_MACCS_128,128.0,100,16,0.16,0.0,-0.11451625452839381,0.11451625452839381,0.1875,0.8125,0.8125,False
substrate_ligand,outer,substrate,substrate_MACCS_086,86.0,100,21,0.21,0.0,-0.14941465790371367,0.14941465790371367,0.14285714285714285,0.8571428571428571,0.8571428571428571,False
substrate_ligand,outer,substrate,substrate_MACCS_122,122.0,100,5,0.05,0.0,0.1164874976356965,0.1164874976356965,1.0,0.0,1.0,False
substrate_ligand,outer,substrate,substrate_MACCS_156,156.0,100,17,0.17,0.0,-0.15463284924284934,0.15463284924284934,0.17647058823529413,0.8235294117647058,0.8235294117647058,False
substrate_ligand,outer,substrate,substrate_MACCS_101,101.0,100,25,0.25,0.021049113609885296,0.1676303399167384,0.1676303399167384,1.0,0.0,1.0,False
substrate_ligand,outer,substrate,substrate_MACCS_072,72.0,100,29,0.29,0.0,-0.15689061794416995,0.15689061794416995,0.13793103448275862,0.8620689655172413,0.8620689655172413,False
substrate_ligand,outer,substrate,substrate_MACCS_121,121.0,100,17,0.17,0.0,0.12239748890590871,0.12239748890590871,0.7647058823529411,0.23529411764705882,0.7647058823529411,False
substrate_ligand,outer,substrate,substrate_MACCS_112,112.0,100,11,0.11,0.0,0.11695244205676052,0.11695244205676052,0.6363636363636364,0.36363636363636365,0.6363636363636364,False
substrate_ligand,outer,substrate,substrate_MACCS_085,85.0,100,6,0.06,0.0,-0.11411412777629076,0.11411412777629076,0.3333333333333333,0.6666666666666666,0.6666666666666666,False
substrate_ligand,outer,substrate,substrate_MACCS_113,113.0,100,8,0.08,0.0,0.19578228407827444,0.19578228407827444,1.0,0.0,1.0,False
substrate_ligand,outer,ligand,ligand_MACCS_054,54.0,100,28,0.28,0.0,-0.15112819874246292,0.15112819874246292,0.03571428571428571,0.9642857142857143,0.9642857142857143,False
substrate_ligand,outer,ligand,ligand_MACCS_084,84.0,100,25,0.25,0.0,0.11984768470239784,0.11984768470239784,0.72,0.28,0.72,False
substrate_ligand,outer,ligand,ligand_MACCS_153,153.0,100,20,0.2,0.0,-0.18484731242515437,0.18484731242515437,0.1,0.9,0.9,False
substrate_ligand,outer,ligand,ligand_MACCS_157,157.0,100,9,0.09,0.0,0.12783321623745303,0.12783321623745303,0.6666666666666666,0.3333333333333333,0.6666666666666666,False
substrate_ligand,outer,ligand,ligand_MACCS_112,112.0,100,70,0.7,0.18873558383023675,0.2278213104584193,0.2278213104584193,1.0,0.0,1.0,True
substrate_ligand,outer,ligand,ligand_MACCS_131,131.0,100,24,0.24,0.0,-0.17226803070838262,0.17226803070838262,0.125,0.875,0.875,False
substrate_ligand,outer,ligand,ligand_MACCS_137,137.0,100,11,0.11,0.0,-0.18260873665824548,0.18260873665824548,0.09090909090909091,0.9090909090909091,0.9090909090909091,False
substrate_ligand,outer,ligand,ligand_MACCS_159,159.0,100,11,0.11,0.0,-0.10754648368231028,0.10754648368231028,0.45454545454545453,0.5454545454545454,0.5454545454545454,False
substrate_ligand,outer,ligand,ligand_MACCS_074,74.0,100,24,0.24,0.0,0.11418651774129204,0.11418651774129204,0.5833333333333334,0.4166666666666667,0.5833333333333334,False
substrate_ligand,outer,ligand,ligand_MACCS_120,120.0,100,15,0.15,0.0,-0.13536859635298984,0.13536859635298984,0.4,0.6,0.6,False
substrate_ligand,outer,ligand,ligand_MACCS_111,111.0,100,26,0.26,0.0,-0.21982209478334136,0.21982209478334136,0.07692307692307693,0.9230769230769231,0.9230769230769231,False
substrate_ligand,outer,ligand,ligand_MACCS_101,101.0,100,64,0.64,0.17284777829448664,0.2690697439630493,0.2690697439630493,1.0,0.0,1.0,True
substrate_ligand,outer,ligand,ligand_MACCS_096,96.0,100,15,0.15,0.0,0.13523403346048551,0.13523403346048551,0.8666666666666667,0.13333333333333333,0.8666666666666667,False
substrate_ligand,outer,ligand,ligand_MACCS_138,138.0,100,58,0.58,-0.12451134586442247,-0.22333390432429723,0.22333390432429723,0.017241379310344827,0.9827586206896551,0.9827586206896551,False
substrate_ligand,outer,ligand,ligand_MACCS_164,164.0,100,9,0.09,0.0,0.16493811995158364,0.16493811995158364,1.0,0.0,1.0,False
substrate_ligand,outer,ligand,ligand_MACCS_121,121.0,100,11,0.11,0.0,-0.11595125068411559,0.11595125068411559,0.36363636363636365,0.6363636363636364,0.6363636363636364,False
substrate_ligand,outer,ligand,ligand_MACCS_062,62.0,100,28,0.28,-0.03660320729859459,-0.15166687255607228,0.15166687255607228,0.10714285714285714,0.8928571428571429,0.8928571428571429,False
substrate_ligand,outer,ligand,ligand_MACCS_066,66.0,100,15,0.15,0.0,-0.10952448533208514,0.10952448533208514,0.3333333333333333,0.6666666666666666,0.6666666666666666,False
substrate_ligand,outer,ligand,ligand_MACCS_141,141.0,100,32,0.32,0.022591476333128753,0.17982458627487852,0.17982458627487852,0.96875,0.03125,0.96875,False
substrate_ligand,outer,ligand,ligand_MACCS_152,152.0,100,33,0.33,-0.03608246835309739,-0.19958838676447926,0.19958838676447926,0.030303030303030304,0.9696969696969697,0.9696969696969697,False
substrate_ligand,outer,ligand,ligand_MACCS_083,83.0,100,17,0.17,0.0,-0.15840690136709248,0.15840690136709248,0.058823529411764705,0.9411764705882353,0.9411764705882353,False
substrate_ligand,outer,ligand,ligand_MACCS_166,166.0,100,24,0.24,0.0,0.12127947204487785,0.12127947204487785,0.7916666666666666,0.20833333333333334,0.7916666666666666,False
substrate_ligand,outer,ligand,ligand_MACCS_079,79.0,100,34,0.34,0.0,-0.20291750053677293,0.20291750053677293,0.029411764705882353,0.9705882352941176,0.9705882352941176,False
substrate_ligand,outer,ligand,ligand_MACCS_093,93.0,100,21,0.21,0.0,-0.10316852925852264,0.10316852925852264,0.47619047619047616,0.5238095238095238,0.5238095238095238,False
substrate_ligand,outer,ligand,ligand_MACCS_155,155.0,100,15,0.15,0.0,-0.1352691771180972,0.1352691771180972,0.13333333333333333,0.8666666666666667,0.8666666666666667,False
substrate_ligand,outer,ligand,ligand_MACCS_144,144.0,100,34,0.34,0.0,0.1986178264495706,0.1986178264495706,0.8823529411764706,0.11764705882352941,0.8823529411764706,False
substrate_ligand,outer,ligand,ligand_MACCS_098,98.0,100,15,0.15,0.0,0.1259518800030015,0.1259518800030015,0.7333333333333333,0.26666666666666666,0.7333333333333333,False
substrate_ligand,outer,ligand,ligand_MACCS_151,151.0,100,12,0.12,0.0,-0.16950967662646707,0.16950967662646707,0.16666666666666666,0.8333333333333334,0.8333333333333334,False
substrate_ligand,outer,ligand,ligand_MACCS_057,57.0,100,12,0.12,0.0,0.15185344363086717,0.15185344363086717,0.9166666666666666,0.08333333333333333,0.9166666666666666,False
substrate_ligand,outer,ligand,ligand_MACCS_100,100.0,100,9,0.09,0.0,0.1265877569485523,0.1265877569485523,0.6666666666666666,0.3333333333333333,0.6666666666666666,False
substrate_ligand,outer,ligand,ligand_MACCS_116,116.0,100,19,0.19,0.0,0.15193841945431044,0.15193841945431044,0.7368421052631579,0.2631578947368421,0.7368421052631579,False
substrate_ligand,outer,ligand,ligand_MACCS_149,149.0,100,25,0.25,0.0,0.15458096268896493,0.15458096268896493,0.8,0.2,0.8,False
substrate_ligand,outer,ligand,ligand_MACCS_113,113.0,100,9,0.09,0.0,0.13162943204546607,0.13162943204546607,0.5555555555555556,0.4444444444444444,0.5555555555555556,False
substrate_ligand,outer,ligand,ligand_MACCS_118,118.0,100,20,0.2,0.0,0.11188314108798542,0.11188314108798542,0.55,0.45,0.55,False
substrate_ligand,outer,ligand,ligand_MACCS_105,105.0,100,35,0.35,0.0025798279204200065,0.19941668675477303,0.19941668675477303,1.0,0.0,1.0,False
substrate_ligand,outer,ligand,ligand_MACCS_126,126.0,100,29,0.29,0.0015117122511073423,0.15475250897685344,0.15475250897685344,1.0,0.0,1.0,False
substrate_ligand,outer,ligand,ligand_MACCS_127,127.0,100,28,0.28,0.011832101551844196,0.18860633268965413,0.18860633268965413,1.0,0.0,1.0,False
substrate_ligand,outer,ligand,ligand_MACCS_117,117.0,100,23,0.23,0.0,0.11560902701662787,0.11560902701662787,0.5652173913043478,0.43478260869565216,0.5652173913043478,False
substrate_ligand,outer,ligand,ligand_MACCS_082,82.0,100,44,0.44,0.07893907628998983,0.1810239857296959,0.1810239857296959,1.0,0.0,1.0,False
substrate_ligand,outer,ligand,ligand_MACCS_128,128.0,100,48,0.48,-0.08991903152699673,-0.15144494858143084,0.15144494858143084,0.020833333333333332,0.9791666666666666,0.9791666666666666,False
substrate_ligand_conditions,target,substrate,substrate_MACCS_132,132.0,100,90,0.9,0.24192995089934266,0.25103830680662764,0.25103830680662764,1.0,0.0,1.0,True
substrate_ligand_conditions,target,substrate,substrate_MACCS_155,155.0,100,53,0.53,0.10291902564677345,0.12929981349284006,0.12929981349284006,1.0,0.0,1.0,False
substrate_ligand_conditions,target,substrate,substrate_MACCS_159,159.0,100,0,0.0,0.0,0.0,0.0,0.0,0.0,0.0,False
substrate_ligand_conditions,target,substrate,substrate_MACCS_145,145.0,100,0,0.0,0.0,0.0,0.0,0.0,0.0,0.0,False
substrate_ligand_conditions,target,substrate,substrate_MACCS_157,157.0,100,0,0.0,0.0,0.0,0.0,0.0,0.0,0.0,False
substrate_ligand_conditions,target,substrate,substrate_MACCS_134,134.0,100,0,0.0,0.0,0.0,0.0,0.0,0.0,0.0,False
substrate_ligand_conditions,target,substrate,substrate_MACCS_149,149.0,100,1,0.01,0.0,0.1267069256094334,0.1267069256094334,1.0,0.0,1.0,False
substrate_ligand_conditions,target,substrate,substrate_MACCS_107,107.0,100,4,0.04,0.03160949791019364,0.10738398036304062,0.10738398036304062,1.0,0.0,1.0,False
substrate_ligand_conditions,target,substrate,substrate_MACCS_160,160.0,100,18,0.18,0.07586109750608236,0.11184189327650604,0.11184189327650604,1.0,0.0,1.0,False
substrate_ligand_conditions,target,substrate,substrate_MACCS_153,153.0,100,0,0.0,0.0,0.0,0.0,0.0,0.0,0.0,False
substrate_ligand_conditions,target,substrate,substrate_MACCS_125,125.0,100,6,0.06,0.0,0.17135453121772248,0.17135453121772248,1.0,0.0,1.0,False
substrate_ligand_conditions,target,substrate,substrate_MACCS_147,147.0,100,4,0.04,-0.00883972181523814,-0.12558396108061287,0.12558396108061287,0.0,1.0,1.0,False
substrate_ligand_conditions,target,substrate,substrate_MACCS_144,144.0,100,1,0.01,0.0,0.12968221865007307,0.12968221865007307,1.0,0.0,1.0,False
substrate_ligand_conditions,target,substrate,substrate_MACCS_150,150.0,100,0,0.0,0.0,0.0,0.0,0.0,0.0,0.0,False
substrate_ligand_conditions,target,substrate,substrate_MACCS_118,118.0,100,0,0.0,-3.8855314410650545e-17,0.0,0.0,0.0,0.0,0.0,False
substrate_ligand_conditions,target,substrate,substrate_MACCS_126,126.0,100,0,0.0,0.0,0.0,0.0,0.0,0.0,0.0,False
substrate_ligand_conditions,target,substrate,substrate_MACCS_127,127.0,100,0,0.0,0.0,0.0,0.0,0.0,0.0,0.0,False
substrate_ligand_conditions,target,substrate,substrate_MACCS_161,161.0,100,0,0.0,0.0,0.0,0.0,0.0,0.0,0.0,False
substrate_ligand_conditions,target,substrate,substrate_MACCS_087,87.0,100,91,0.91,0.13193532706438071,0.13380467019302425,0.13380467019302425,1.0,0.0,1.0,True
substrate_ligand_conditions,target,substrate,substrate_MACCS_093,93.0,100,0,0.0,0.0,0.0,0.0,0.0,0.0,0.0,False
substrate_ligand_conditions,target,substrate,substrate_MACCS_146,146.0,100,83,0.83,-0.15358096589255074,-0.160487646276182,0.160487646276182,0.0,1.0,1.0,True
substrate_ligand_conditions,target,substrate,substrate_MACCS_158,158.0,100,0,0.0,0.0,0.0,0.0,0.0,0.0,0.0,False
substrate_ligand_conditions,target,substrate,substrate_MACCS_129,129.0,100,0,0.0,0.0,0.0,0.0,0.0,0.0,0.0,False
substrate_ligand_conditions,target,substrate,substrate_MACCS_137,137.0,100,0,0.0,0.0,0.0,0.0,0.0,0.0,0.0,False
substrate_ligand_conditions,target,substrate,substrate_MACCS_148,148.0,100,0,0.0,0.0,0.0,0.0,0.0,0.0,0.0,False
substrate_ligand_conditions,target,substrate,substrate_MACCS_099,99.0,100,32,0.32,0.04888858626581932,0.13981549474061594,0.13981549474061594,1.0,0.0,1.0,False
substrate_ligand_conditions,target,substrate,substrate_MACCS_100,100.0,100,72,0.72,0.14476646962710066,0.17404731478740923,0.17404731478740923,1.0,0.0,1.0,True
substrate_ligand_conditions,target,substrate,substrate_MACCS_105,105.0,100,13,0.13,0.0,0.2384101318474674,0.2384101318474674,1.0,0.0,1.0,False
substrate_ligand_conditions,target,substrate,substrate_MACCS_136,136.0,100,1,0.01,0.0,-0.2003253972216048,0.2003253972216048,0.0,1.0,1.0,False
substrate_ligand_conditions,target,substrate,substrate_MACCS_123,123.0,100,0,0.0,0.0,0.0,0.0,0.0,0.0,0.0,False
substrate_ligand_conditions,target,substrate,substrate_MACCS_128,128.0,100,0,0.0,0.0,0.0,0.0,0.0,0.0,0.0,False
substrate_ligand_conditions,target,substrate,substrate_MACCS_086,86.0,100,0,0.0,0.0,0.0,0.0,0.0,0.0,0.0,False
substrate_ligand_conditions,target,substrate,substrate_MACCS_122,122.0,100,0,0.0,0.0,0.0,0.0,0.0,0.0,0.0,False
substrate_ligand_conditions,target,substrate,substrate_MACCS_156,156.0,100,38,0.38,-0.08836037069666568,-0.15396633372544824,0.15396633372544824,0.0,1.0,1.0,False
substrate_ligand_conditions,target,substrate,substrate_MACCS_101,101.0,100,71,0.71,0.22701147166615876,0.25478069500719036,0.25478069500719036,1.0,0.0,1.0,True
substrate_ligand_conditions,target,substrate,substrate_MACCS_072,72.0,100,0,0.0,0.0,0.0,0.0,0.0,0.0,0.0,False
substrate_ligand_conditions,target,substrate,substrate_MACCS_121,121.0,100,0,0.0,0.0,0.0,0.0,0.0,0.0,0.0,False
substrate_ligand_conditions,target,substrate,substrate_MACCS_112,112.0,100,0,0.0,0.0,0.0,0.0,0.0,0.0,0.0,False
substrate_ligand_conditions,target,substrate,substrate_MACCS_085,85.0,100,0,0.0,0.0,0.0,0.0,0.0,0.0,0.0,False
substrate_ligand_conditions,target,substrate,substrate_MACCS_113,113.0,100,2,0.02,0.0,0.10629788956901684,0.10629788956901684,1.0,0.0,1.0,False
substrate_ligand_conditions,target,ligand,ligand_MACCS_054,54.0,100,0,0.0,0.0,0.0,0.0,0.0,0.0,0.0,False
substrate_ligand_conditions,target,ligand,ligand_MACCS_084,84.0,100,0,0.0,0.0,0.0,0.0,0.0,0.0,0.0,False
substrate_ligand_conditions,target,ligand,ligand_MACCS_153,153.0,100,0,0.0,0.0,0.0,0.0,0.0,0.0,0.0,False
substrate_ligand_conditions,target,ligand,ligand_MACCS_157,157.0,100,0,0.0,0.0,0.0,0.0,0.0,0.0,0.0,False
substrate_ligand_conditions,target,ligand,ligand_MACCS_112,112.0,100,1,0.01,0.0,0.10861429814030979,0.10861429814030979,1.0,0.0,1.0,False
substrate_ligand_conditions,target,ligand,ligand_MACCS_131,131.0,100,0,0.0,0.0,0.0,0.0,0.0,0.0,0.0,False
substrate_ligand_conditions,target,ligand,ligand_MACCS_137,137.0,100,100,1.0,-0.3647884612994537,-0.3647884612994537,0.3647884612994537,0.0,1.0,1.0,True
substrate_ligand_conditions,target,ligand,ligand_MACCS_159,159.0,100,0,0.0,0.0,0.0,0.0,0.0,0.0,0.0,False
substrate_ligand_conditions,target,ligand,ligand_MACCS_074,74.0,100,3,0.03,0.0,-0.126067908297535,0.126067908297535,0.0,1.0,1.0,False
substrate_ligand_conditions,target,ligand,ligand_MACCS_120,120.0,100,0,0.0,0.0,0.0,0.0,0.0,0.0,0.0,False
substrate_ligand_conditions,target,ligand,ligand_MACCS_111,111.0,100,0,0.0,0.0,0.0,0.0,0.0,0.0,0.0,False
substrate_ligand_conditions,target,ligand,ligand_MACCS_101,101.0,100,0,0.0,0.0,0.0,0.0,0.0,0.0,0.0,False
substrate_ligand_conditions,target,ligand,ligand_MACCS_096,96.0,100,23,0.23,-0.02827873532780021,-0.15048373359756256,0.15048373359756256,0.0,1.0,1.0,False
substrate_ligand_conditions,target,ligand,ligand_MACCS_138,138.0,100,0,0.0,0.0,0.0,0.0,0.0,0.0,0.0,False
substrate_ligand_conditions,target,ligand,ligand_MACCS_164,164.0,100,0,0.0,0.0,0.0,0.0,0.0,0.0,0.0,False
substrate_ligand_conditions,target,ligand,ligand_MACCS_121,121.0,100,0,0.0,0.0,0.0,0.0,0.0,0.0,0.0,False
substrate_ligand_conditions,target,ligand,ligand_MACCS_062,62.0,100,10,0.1,0.015357892755070114,0.10883694891706817,0.10883694891706817,1.0,0.0,1.0,False
substrate_ligand_conditions,target,ligand,ligand_MACCS_066,66.0,100,100,1.0,0.9815875854846247,0.9815875854846247,0.9815875854846247,1.0,0.0,1.0,True
substrate_ligand_conditions,target,ligand,ligand_MACCS_141,141.0,100,18,0.18,0.04213597589211532,0.11969070145399703,0.11969070145399703,1.0,0.0,1.0,False
substrate_ligand_conditions,target,ligand,ligand_MACCS_152,152.0,100,0,0.0,0.0,0.0,0.0,0.0,0.0,0.0,False
substrate_ligand_conditions,target,ligand,ligand_MACCS_083,83.0,100,32,0.32,-0.05623635929460423,-0.16886247178722952,0.16886247178722952,0.0,1.0,1.0,False
substrate_ligand_conditions,target,ligand,ligand_MACCS_166,166.0,100,0,0.0,0.0,0.0,0.0,0.0,0.0,0.0,False
substrate_ligand_conditions,target,ligand,ligand_MACCS_079,79.0,100,0,0.0,0.0,0.0,0.0,0.0,0.0,0.0,False
substrate_ligand_conditions,target,ligand,ligand_MACCS_093,93.0,100,0,0.0,0.0,0.0,0.0,0.0,0.0,0.0,False
substrate_ligand_conditions,target,ligand,ligand_MACCS_155,155.0,100,0,0.0,0.0,0.0,0.0,0.0,0.0,0.0,False
substrate_ligand_conditions,target,ligand,ligand_MACCS_144,144.0,100,0,0.0,0.0,0.0,0.0,0.0,0.0,0.0,False
substrate_ligand_conditions,target,ligand,ligand_MACCS_098,98.0,100,0,0.0,0.0,0.0,0.0,0.0,0.0,0.0,False
substrate_ligand_conditions,target,ligand,ligand_MACCS_151,151.0,100,0,0.0,0.0,0.0,0.0,0.0,0.0,0.0,False
substrate_ligand_conditions,target,ligand,ligand_MACCS_057,57.0,100,0,0.0,0.0,0.0,0.0,0.0,0.0,0.0,False
substrate_ligand_conditions,target,ligand,ligand_MACCS_100,100.0,100,0,0.0,0.0,0.0,0.0,0.0,0.0,0.0,False
substrate_ligand_conditions,target,ligand,ligand_MACCS_116,116.0,100,0,0.0,0.0,0.0,0.0,0.0,0.0,0.0,False
substrate_ligand_conditions,target,ligand,ligand_MACCS_149,149.0,100,2,0.02,0.0,0.11701814361164177,0.11701814361164177,1.0,0.0,1.0,False
substrate_ligand_conditions,target,ligand,ligand_MACCS_113,113.0,100,0,0.0,0.0,0.0,0.0,0.0,0.0,0.0,False
substrate_ligand_conditions,target,ligand,ligand_MACCS_118,118.0,100,0,0.0,0.0,0.0,0.0,0.0,0.0,0.0,False
substrate_ligand_conditions,target,ligand,ligand_MACCS_105,105.0,100,89,0.89,-0.19779267625281352,-0.20336726907807348,0.20336726907807348,0.0,1.0,1.0,True
substrate_ligand_conditions,target,ligand,ligand_MACCS_126,126.0,100,84,0.84,0.17499628728345604,0.1820900301642735,0.1820900301642735,1.0,0.0,1.0,True
substrate_ligand_conditions,target,ligand,ligand_MACCS_127,127.0,100,6,0.06,0.0,0.11810768221019682,0.11810768221019682,1.0,0.0,1.0,False
substrate_ligand_conditions,target,ligand,ligand_MACCS_117,117.0,100,0,0.0,0.0,0.0,0.0,0.0,0.0,0.0,False
substrate_ligand_conditions,target,ligand,ligand_MACCS_082,82.0,100,0,0.0,0.0,0.0,0.0,0.0,0.0,0.0,False
substrate_ligand_conditions,target,ligand,ligand_MACCS_128,128.0,100,0,0.0,0.0,0.0,0.0,0.0,0.0,0.0,False
substrate_ligand_conditions,target,condition,condition_Pressure/atm,,100,0,0.0,0.0,0.0,0.0,0.0,0.0,0.0,False
substrate_ligand_conditions,target,condition,condition_Temperature/C,,100,0,0.0,0.0,0.0,0.0,0.0,0.0,0.0,False
substrate_ligand_conditions,target,condition,condition_S/C,,100,0,0.0,0.0,0.0,0.0,0.0,0.0,0.0,False
substrate_ligand_conditions,inner,substrate,substrate_MACCS_132,132.0,100,77,0.77,0.2607840903731099,0.3156378754121841,0.3156378754121841,1.0,0.0,1.0,True
substrate_ligand_conditions,inner,substrate,substrate_MACCS_155,155.0,100,10,0.1,0.0,0.1425668338820905,0.1425668338820905,0.6,0.4,0.6,False
substrate_ligand_conditions,inner,substrate,substrate_MACCS_159,159.0,100,31,0.31,0.0006886880306997736,0.18663711903184443,0.18663711903184443,1.0,0.0,1.0,False
substrate_ligand_conditions,inner,substrate,substrate_MACCS_145,145.0,100,12,0.12,0.0,0.15171861976387485,0.15171861976387485,0.6666666666666666,0.3333333333333333,0.6666666666666666,False
substrate_ligand_conditions,inner,substrate,substrate_MACCS_157,157.0,100,5,0.05,0.0,0.17100182835011646,0.17100182835011646,1.0,0.0,1.0,False
substrate_ligand_conditions,inner,substrate,substrate_MACCS_134,134.0,100,3,0.03,0.0,-0.14440677836460242,0.14440677836460242,0.0,1.0,1.0,False
substrate_ligand_conditions,inner,substrate,substrate_MACCS_149,149.0,100,46,0.46,0.08501747544272537,0.15809963527654947,0.15809963527654947,1.0,0.0,1.0,False
substrate_ligand_conditions,inner,substrate,substrate_MACCS_107,107.0,100,4,0.04,0.0,0.15114784406003134,0.15114784406003134,0.75,0.25,0.75,False
substrate_ligand_conditions,inner,substrate,substrate_MACCS_160,160.0,100,20,0.2,0.0,-0.13555864193913197,0.13555864193913197,0.05,0.95,0.95,False
substrate_ligand_conditions,inner,substrate,substrate_MACCS_153,153.0,100,14,0.14,0.0,0.1324347863951026,0.1324347863951026,0.7857142857142857,0.21428571428571427,0.7857142857142857,False
substrate_ligand_conditions,inner,substrate,substrate_MACCS_125,125.0,100,10,0.1,0.0,0.11636313301227907,0.11636313301227907,0.6,0.4,0.6,False
substrate_ligand_conditions,inner,substrate,substrate_MACCS_147,147.0,100,11,0.11,0.0,-0.19803583595469423,0.19803583595469423,0.0,1.0,1.0,False
substrate_ligand_conditions,inner,substrate,substrate_MACCS_144,144.0,100,14,0.14,-0.002467654651381164,-0.1591067403204714,0.1591067403204714,0.0,1.0,1.0,False
substrate_ligand_conditions,inner,substrate,substrate_MACCS_150,150.0,100,11,0.11,0.0,-0.14556797347170303,0.14556797347170303,0.36363636363636365,0.6363636363636364,0.6363636363636364,False
substrate_ligand_conditions,inner,substrate,substrate_MACCS_118,118.0,100,6,0.06,0.0,-0.13777055609924183,0.13777055609924183,0.0,1.0,1.0,False
substrate_ligand_conditions,inner,substrate,substrate_MACCS_126,126.0,100,23,0.23,0.0,0.16492767160408822,0.16492767160408822,1.0,0.0,1.0,False
substrate_ligand_conditions,inner,substrate,substrate_MACCS_127,127.0,100,32,0.32,0.033394279982612504,0.14684254638392152,0.14684254638392152,1.0,0.0,1.0,False
substrate_ligand_conditions,inner,substrate,substrate_MACCS_161,161.0,100,12,0.12,0.0,-0.20849401692559155,0.20849401692559155,0.0,1.0,1.0,False
substrate_ligand_conditions,inner,substrate,substrate_MACCS_087,87.0,100,25,0.25,0.03411125085822132,0.14393604618064287,0.14393604618064287,1.0,0.0,1.0,False
substrate_ligand_conditions,inner,substrate,substrate_MACCS_093,93.0,100,31,0.31,0.00607215680164431,0.15021495852862674,0.15021495852862674,0.9032258064516129,0.0967741935483871,0.9032258064516129,False
substrate_ligand_conditions,inner,substrate,substrate_MACCS_146,146.0,100,3,0.03,0.0,-0.14636147475288858,0.14636147475288858,0.0,1.0,1.0,False
substrate_ligand_conditions,inner,substrate,substrate_MACCS_158,158.0,100,13,0.13,0.0,-0.163423695782756,0.163423695782756,0.0,1.0,1.0,False
substrate_ligand_conditions,inner,substrate,substrate_MACCS_129,129.0,100,20,0.2,0.0,-0.13504892696308443,0.13504892696308443,0.25,0.75,0.75,False
substrate_ligand_conditions,inner,substrate,substrate_MACCS_137,137.0,100,9,0.09,0.0,0.10597556101833115,0.10597556101833115,0.6666666666666666,0.3333333333333333,0.6666666666666666,False
substrate_ligand_conditions,inner,substrate,substrate_MACCS_148,148.0,100,2,0.02,0.0,0.22549086565703563,0.22549086565703563,1.0,0.0,1.0,False
substrate_ligand_conditions,inner,substrate,substrate_MACCS_099,99.0,100,8,0.08,0.0,0.13444680645885151,0.13444680645885151,1.0,0.0,1.0,False
substrate_ligand_conditions,inner,substrate,substrate_MACCS_100,100.0,100,10,0.1,0.0,-0.15769708015113354,0.15769708015113354,0.2,0.8,0.8,False
substrate_ligand_conditions,inner,substrate,substrate_MACCS_105,105.0,100,5,0.05,0.0,0.12032484391772921,0.12032484391772921,1.0,0.0,1.0,False
substrate_ligand_conditions,inner,substrate,substrate_MACCS_136,136.0,100,27,0.27,0.0,-0.15444467674411072,0.15444467674411072,0.037037037037037035,0.9629629629629629,0.9629629629629629,False
substrate_ligand_conditions,inner,substrate,substrate_MACCS_123,123.0,100,53,0.53,-0.11717144566380232,-0.23145258830364773,0.23145258830364773,0.0,1.0,1.0,False
substrate_ligand_conditions,inner,substrate,substrate_MACCS_128,128.0,100,25,0.25,0.0364887717159863,0.1333345267815479,0.1333345267815479,1.0,0.0,1.0,False
substrate_ligand_conditions,inner,substrate,substrate_MACCS_086,86.0,100,15,0.15,0.0,0.10207749797580172,0.10207749797580172,0.6,0.4,0.6,False
substrate_ligand_conditions,inner,substrate,substrate_MACCS_122,122.0,100,20,0.2,0.0,0.12566968496932412,0.12566968496932412,0.9,0.1,0.9,False
substrate_ligand_conditions,inner,substrate,substrate_MACCS_156,156.0,100,11,0.11,0.0,-0.13011248994313293,0.13011248994313293,0.36363636363636365,0.6363636363636364,0.6363636363636364,False
substrate_ligand_conditions,inner,substrate,substrate_MACCS_101,101.0,100,20,0.2,0.0,0.2330905416185893,0.2330905416185893,0.95,0.05,0.95,False
substrate_ligand_conditions,inner,substrate,substrate_MACCS_072,72.0,100,12,0.12,0.0,-0.1070829805043067,0.1070829805043067,0.3333333333333333,0.6666666666666666,0.6666666666666666,False
substrate_ligand_conditions,inner,substrate,substrate_MACCS_121,121.0,100,16,0.16,0.0,0.19101159356045244,0.19101159356045244,1.0,0.0,1.0,False
substrate_ligand_conditions,inner,substrate,substrate_MACCS_112,112.0,100,33,0.33,-0.06759843700883006,-0.11965811628482682,0.11965811628482682,0.0,1.0,1.0,False
substrate_ligand_conditions,inner,substrate,substrate_MACCS_085,85.0,100,38,0.38,0.025300319793321882,0.19806228276900736,0.19806228276900736,0.9736842105263158,0.02631578947368421,0.9736842105263158,False
substrate_ligand_conditions,inner,substrate,substrate_MACCS_113,113.0,100,8,0.08,0.0,-0.1451835876783642,0.1451835876783642,0.0,1.0,1.0,False
substrate_ligand_conditions,inner,ligand,ligand_MACCS_054,54.0,100,0,0.0,0.0,0.0,0.0,0.0,0.0,0.0,False
substrate_ligand_conditions,inner,ligand,ligand_MACCS_084,84.0,100,0,0.0,0.0,0.0,0.0,0.0,0.0,0.0,False
substrate_ligand_conditions,inner,ligand,ligand_MACCS_153,153.0,100,3,0.03,0.0,-0.1259713511050457,0.1259713511050457,0.3333333333333333,0.6666666666666666,0.6666666666666666,False
substrate_ligand_conditions,inner,ligand,ligand_MACCS_157,157.0,100,4,0.04,0.0,-0.17991149215373448,0.17991149215373448,0.0,1.0,1.0,False
substrate_ligand_conditions,inner,ligand,ligand_MACCS_112,112.0,100,7,0.07,0.0,-0.15435300165144722,0.15435300165144722,0.0,1.0,1.0,False
substrate_ligand_conditions,inner,ligand,ligand_MACCS_131,131.0,100,45,0.45,0.08379515150767598,0.18871508497778433,0.18871508497778433,1.0,0.0,1.0,False
substrate_ligand_conditions,inner,ligand,ligand_MACCS_137,137.0,100,33,0.33,0.0004207218692425301,0.23798818447344403,0.23798818447344403,1.0,0.0,1.0,False
substrate_ligand_conditions,inner,ligand,ligand_MACCS_159,159.0,100,13,0.13,0.0,0.22309388443542819,0.22309388443542819,1.0,0.0,1.0,False
substrate_ligand_conditions,inner,ligand,ligand_MACCS_074,74.0,100,6,0.06,0.0,0.14551820022712297,0.14551820022712297,1.0,0.0,1.0,False
substrate_ligand_conditions,inner,ligand,ligand_MACCS_120,120.0,100,32,0.32,0.0008967523785370117,0.22188946528657777,0.22188946528657777,1.0,0.0,1.0,False
substrate_ligand_conditions,inner,ligand,ligand_MACCS_111,111.0,100,3,0.03,0.0,-0.1935966674274671,0.1935966674274671,0.0,1.0,1.0,False
substrate_ligand_conditions,inner,ligand,ligand_MACCS_101,101.0,100,20,0.2,0.0,-0.21068311035109571,0.21068311035109571,0.0,1.0,1.0,False
substrate_ligand_conditions,inner,ligand,ligand_MACCS_096,96.0,100,11,0.11,0.0,-0.25047571422181053,0.25047571422181053,0.0,1.0,1.0,False
substrate_ligand_conditions,inner,ligand,ligand_MACCS_138,138.0,100,7,0.07,0.0,0.1984631628948418,0.1984631628948418,1.0,0.0,1.0,False
substrate_ligand_conditions,inner,ligand,ligand_MACCS_164,164.0,100,0,0.0,0.0,0.0,0.0,0.0,0.0,0.0,False
substrate_ligand_conditions,inner,ligand,ligand_MACCS_121,121.0,100,0,0.0,0.0,0.0,0.0,0.0,0.0,0.0,False
substrate_ligand_conditions,inner,ligand,ligand_MACCS_062,62.0,100,17,0.17,0.0,0.2140291126470257,0.2140291126470257,1.0,0.0,1.0,False
substrate_ligand_conditions,inner,ligand,ligand_MACCS_066,66.0,100,4,0.04,0.0,-0.15156996178100715,0.15156996178100715,0.0,1.0,1.0,False
substrate_ligand_conditions,inner,ligand,ligand_MACCS_141,141.0,100,47,0.47,0.08828793518631403,0.22020728296065933,0.22020728296065933,1.0,0.0,1.0,False
substrate_ligand_conditions,inner,ligand,ligand_MACCS_152,152.0,100,7,0.07,0.0,-0.18564943840210782,0.18564943840210782,0.0,1.0,1.0,False
substrate_ligand_conditions,inner,ligand,ligand_MACCS_083,83.0,100,7,0.07,0.0,0.16405803061750385,0.16405803061750385,1.0,0.0,1.0,False
substrate_ligand_conditions,inner,ligand,ligand_MACCS_166,166.0,100,50,0.5,-0.09811906666854099,-0.2464159495354013,0.2464159495354013,0.0,1.0,1.0,False
substrate_ligand_conditions,inner,ligand,ligand_MACCS_079,79.0,100,13,0.13,0.0,-0.21800551980040717,0.21800551980040717,0.0,1.0,1.0,False
substrate_ligand_conditions,inner,ligand,ligand_MACCS_093,93.0,100,14,0.14,0.0,-0.16540688735968276,0.16540688735968276,0.0,1.0,1.0,False
substrate_ligand_conditions,inner,ligand,ligand_MACCS_155,155.0,100,12,0.12,0.0,-0.14420427378514172,0.14420427378514172,0.0,1.0,1.0,False
substrate_ligand_conditions,inner,ligand,ligand_MACCS_144,144.0,100,7,0.07,0.0,0.19843994857773783,0.19843994857773783,1.0,0.0,1.0,False
substrate_ligand_conditions,inner,ligand,ligand_MACCS_098,98.0,100,3,0.03,0.0,0.10719912835325651,0.10719912835325651,0.6666666666666666,0.3333333333333333,0.6666666666666666,False
substrate_ligand_conditions,inner,ligand,ligand_MACCS_151,151.0,100,0,0.0,0.0,0.0,0.0,0.0,0.0,0.0,False
substrate_ligand_conditions,inner,ligand,ligand_MACCS_057,57.0,100,0,0.0,0.0,0.0,0.0,0.0,0.0,0.0,False
substrate_ligand_conditions,inner,ligand,ligand_MACCS_100,100.0,100,9,0.09,0.0,-0.1775993268142931,0.1775993268142931,0.1111111111111111,0.8888888888888888,0.8888888888888888,False
substrate_ligand_conditions,inner,ligand,ligand_MACCS_116,116.0,100,1,0.01,0.0,0.2769649317141003,0.2769649317141003,1.0,0.0,1.0,False
substrate_ligand_conditions,inner,ligand,ligand_MACCS_149,149.0,100,6,0.06,0.0,-0.1274233815796485,0.1274233815796485,0.0,1.0,1.0,False
substrate_ligand_conditions,inner,ligand,ligand_MACCS_113,113.0,100,38,0.38,0.04268765103693752,0.1633198968997383,0.1633198968997383,1.0,0.0,1.0,False
substrate_ligand_conditions,inner,ligand,ligand_MACCS_118,118.0,100,28,0.28,-0.054009779272958594,-0.1840796035350229,0.1840796035350229,0.0,1.0,1.0,False
substrate_ligand_conditions,inner,ligand,ligand_MACCS_105,105.0,100,14,0.14,0.0,-0.21888933497417573,0.21888933497417573,0.0,1.0,1.0,False
substrate_ligand_conditions,inner,ligand,ligand_MACCS_126,126.0,100,10,0.1,0.0,-0.15553115377267057,0.15553115377267057,0.0,1.0,1.0,False
substrate_ligand_conditions,inner,ligand,ligand_MACCS_127,127.0,100,38,0.38,-0.03904367024808665,-0.2156015001816175,0.2156015001816175,0.0,1.0,1.0,False
substrate_ligand_conditions,inner,ligand,ligand_MACCS_117,117.0,100,0,0.0,0.0,0.0,0.0,0.0,0.0,0.0,False
substrate_ligand_conditions,inner,ligand,ligand_MACCS_082,82.0,100,0,0.0,0.0,0.0,0.0,0.0,0.0,0.0,False
substrate_ligand_conditions,inner,ligand,ligand_MACCS_128,128.0,100,19,0.19,-0.007495834342858935,-0.14620097567924192,0.14620097567924192,0.0,1.0,1.0,False
substrate_ligand_conditions,inner,condition,condition_Pressure/atm,,100,31,0.31,-0.015054454026996955,-0.19143531520802484,0.19143531520802484,0.0,1.0,1.0,False
substrate_ligand_conditions,inner,condition,condition_Temperature/C,,100,64,0.64,-0.15215062702439774,-0.1949390121670825,0.1949390121670825,0.015625,0.984375,0.984375,True
substrate_ligand_conditions,inner,condition,condition_S/C,,100,0,0.0,0.0,0.0,0.0,0.0,0.0,0.0,False
substrate_ligand_conditions,outer,substrate,substrate_MACCS_132,132.0,100,16,0.16,0.0,0.1385289533322876,0.1385289533322876,0.9375,0.0625,0.9375,False
substrate_ligand_conditions,outer,substrate,substrate_MACCS_155,155.0,100,35,0.35,0.04726783406949503,0.18898909719086351,0.18898909719086351,0.9714285714285714,0.02857142857142857,0.9714285714285714,False
substrate_ligand_conditions,outer,substrate,substrate_MACCS_159,159.0,100,11,0.11,0.0,0.11873430169615339,0.11873430169615339,0.7272727272727273,0.2727272727272727,0.7272727272727273,False
substrate_ligand_conditions,outer,substrate,substrate_MACCS_145,145.0,100,15,0.15,0.0,-0.20902150551597948,0.20902150551597948,0.06666666666666667,0.9333333333333333,0.9333333333333333,False
substrate_ligand_conditions,outer,substrate,substrate_MACCS_157,157.0,100,4,0.04,0.0,0.17911023206857973,0.17911023206857973,0.75,0.25,0.75,False
substrate_ligand_conditions,outer,substrate,substrate_MACCS_134,134.0,100,8,0.08,0.0,0.11237219981911786,0.11237219981911786,0.875,0.125,0.875,False
substrate_ligand_conditions,outer,substrate,substrate_MACCS_149,149.0,100,23,0.23,0.028537882217299394,0.1369523342141163,0.1369523342141163,0.9565217391304348,0.043478260869565216,0.9565217391304348,False
substrate_ligand_conditions,outer,substrate,substrate_MACCS_107,107.0,100,9,0.09,0.0,-0.11625920175582023,0.11625920175582023,0.4444444444444444,0.5555555555555556,0.5555555555555556,False
substrate_ligand_conditions,outer,substrate,substrate_MACCS_160,160.0,100,28,0.28,0.0,0.2185370177671599,0.2185370177671599,0.8571428571428571,0.14285714285714285,0.8571428571428571,False
substrate_ligand_conditions,outer,substrate,substrate_MACCS_153,153.0,100,10,0.1,0.0,0.010609497774302909,0.010609497774302909,0.5,0.5,0.5,False
substrate_ligand_conditions,outer,substrate,substrate_MACCS_125,125.0,100,4,0.04,0.0,0.20506587017582267,0.20506587017582267,1.0,0.0,1.0,False
substrate_ligand_conditions,outer,substrate,substrate_MACCS_147,147.0,100,9,0.09,0.0,0.1101801288160423,0.1101801288160423,0.5555555555555556,0.4444444444444444,0.5555555555555556,False
substrate_ligand_conditions,outer,substrate,substrate_MACCS_144,144.0,100,10,0.1,0.0,0.16112391262117315,0.16112391262117315,0.9,0.1,0.9,False
substrate_ligand_conditions,outer,substrate,substrate_MACCS_150,150.0,100,32,0.32,0.04314542737492598,0.14629296110944393,0.14629296110944393,0.875,0.125,0.875,False
substrate_ligand_conditions,outer,substrate,substrate_MACCS_118,118.0,100,5,0.05,0.0,-0.14662954852925056,0.14662954852925056,0.0,1.0,1.0,False
substrate_ligand_conditions,outer,substrate,substrate_MACCS_126,126.0,100,7,0.07,0.0,0.1398727317483918,0.1398727317483918,0.7142857142857143,0.2857142857142857,0.7142857142857143,False
substrate_ligand_conditions,outer,substrate,substrate_MACCS_127,127.0,100,16,0.16,0.0,-0.21991784783764728,0.21991784783764728,0.0,1.0,1.0,False
substrate_ligand_conditions,outer,substrate,substrate_MACCS_161,161.0,100,11,0.11,0.0,0.11217910345984389,0.11217910345984389,0.5454545454545454,0.45454545454545453,0.5454545454545454,False
substrate_ligand_conditions,outer,substrate,substrate_MACCS_087,87.0,100,15,0.15,0.0,0.12278507601419633,0.12278507601419633,0.8,0.2,0.8,False
substrate_ligand_conditions,outer,substrate,substrate_MACCS_093,93.0,100,4,0.04,0.0,-0.16421321860261964,0.16421321860261964,0.25,0.75,0.75,False
substrate_ligand_conditions,outer,substrate,substrate_MACCS_146,146.0,100,10,0.1,0.0,0.0005473734845953537,0.0005473734845953537,0.5,0.5,0.5,False
substrate_ligand_conditions,outer,substrate,substrate_MACCS_158,158.0,100,11,0.11,0.0,-0.1961619605177897,0.1961619605177897,0.0,1.0,1.0,False
substrate_ligand_conditions,outer,substrate,substrate_MACCS_129,129.0,100,5,0.05,0.0,0.10118655271041986,0.10118655271041986,0.6,0.4,0.6,False
substrate_ligand_conditions,outer,substrate,substrate_MACCS_137,137.0,100,25,0.25,0.0,0.11969859401612887,0.11969859401612887,0.8,0.2,0.8,False
substrate_ligand_conditions,outer,substrate,substrate_MACCS_148,148.0,100,11,0.11,0.0,0.11611011887425236,0.11611011887425236,0.7272727272727273,0.2727272727272727,0.7272727272727273,False
substrate_ligand_conditions,outer,substrate,substrate_MACCS_099,99.0,100,21,0.21,0.0,-0.16485160415200148,0.16485160415200148,0.2857142857142857,0.7142857142857143,0.7142857142857143,False
substrate_ligand_conditions,outer,substrate,substrate_MACCS_100,100.0,100,6,0.06,0.0,0.18599487519829905,0.18599487519829905,0.6666666666666666,0.3333333333333333,0.6666666666666666,False
substrate_ligand_conditions,outer,substrate,substrate_MACCS_105,105.0,100,24,0.24,0.0,0.18850935595193352,0.18850935595193352,1.0,0.0,1.0,False
substrate_ligand_conditions,outer,substrate,substrate_MACCS_136,136.0,100,5,0.05,0.0,0.20230143209827342,0.20230143209827342,1.0,0.0,1.0,False
substrate_ligand_conditions,outer,substrate,substrate_MACCS_123,123.0,100,2,0.02,0.0,-0.004801861148873841,0.004801861148873841,0.5,0.5,0.5,False
substrate_ligand_conditions,outer,substrate,substrate_MACCS_128,128.0,100,18,0.18,0.0,-0.12631273721579336,0.12631273721579336,0.2777777777777778,0.7222222222222222,0.7222222222222222,False
substrate_ligand_conditions,outer,substrate,substrate_MACCS_086,86.0,100,25,0.25,0.0,-0.1485569411679356,0.1485569411679356,0.12,0.88,0.88,False
substrate_ligand_conditions,outer,substrate,substrate_MACCS_122,122.0,100,5,0.05,0.0,0.11648086672614834,0.11648086672614834,0.8,0.2,0.8,False
substrate_ligand_conditions,outer,substrate,substrate_MACCS_156,156.0,100,15,0.15,0.0,-0.17153086772955786,0.17153086772955786,0.13333333333333333,0.8666666666666667,0.8666666666666667,False
substrate_ligand_conditions,outer,substrate,substrate_MACCS_101,101.0,100,33,0.33,0.049336002322042403,0.15918116471251265,0.15918116471251265,1.0,0.0,1.0,False
substrate_ligand_conditions,outer,substrate,substrate_MACCS_072,72.0,100,26,0.26,0.0,-0.16530960108876147,0.16530960108876147,0.11538461538461539,0.8846153846153846,0.8846153846153846,False
substrate_ligand_conditions,outer,substrate,substrate_MACCS_121,121.0,100,16,0.16,0.0,0.13558012367095745,0.13558012367095745,0.8125,0.1875,0.8125,False
substrate_ligand_conditions,outer,substrate,substrate_MACCS_112,112.0,100,10,0.1,0.0,0.10651984364495579,0.10651984364495579,0.7,0.3,0.7,False
substrate_ligand_conditions,outer,substrate,substrate_MACCS_085,85.0,100,6,0.06,0.0,-0.12055756251823319,0.12055756251823319,0.3333333333333333,0.6666666666666666,0.6666666666666666,False
substrate_ligand_conditions,outer,substrate,substrate_MACCS_113,113.0,100,8,0.08,0.0,0.19364754486998575,0.19364754486998575,1.0,0.0,1.0,False
substrate_ligand_conditions,outer,ligand,ligand_MACCS_054,54.0,100,23,0.23,0.0,-0.17279691153765556,0.17279691153765556,0.0,1.0,1.0,False
substrate_ligand_conditions,outer,ligand,ligand_MACCS_084,84.0,100,21,0.21,0.0,0.11978772386671885,0.11978772386671885,0.6666666666666666,0.3333333333333333,0.6666666666666666,False
substrate_ligand_conditions,outer,ligand,ligand_MACCS_153,153.0,100,17,0.17,0.0,-0.16508199386107938,0.16508199386107938,0.0,1.0,1.0,False
substrate_ligand_conditions,outer,ligand,ligand_MACCS_157,157.0,100,9,0.09,0.0,0.10046905629167904,0.10046905629167904,0.5555555555555556,0.4444444444444444,0.5555555555555556,False
substrate_ligand_conditions,outer,ligand,ligand_MACCS_112,112.0,100,66,0.66,0.15733057542887474,0.23263036074418691,0.23263036074418691,1.0,0.0,1.0,True
substrate_ligand_conditions,outer,ligand,ligand_MACCS_131,131.0,100,24,0.24,0.0,-0.171629156773293,0.171629156773293,0.125,0.875,0.875,False
substrate_ligand_conditions,outer,ligand,ligand_MACCS_137,137.0,100,9,0.09,0.0,-0.1826079630058426,0.1826079630058426,0.1111111111111111,0.8888888888888888,0.8888888888888888,False
substrate_ligand_conditions,outer,ligand,ligand_MACCS_159,159.0,100,9,0.09,0.0,0.11487877274973238,0.11487877274973238,0.5555555555555556,0.4444444444444444,0.5555555555555556,False
substrate_ligand_conditions,outer,ligand,ligand_MACCS_074,74.0,100,17,0.17,0.0,0.1381518226845459,0.1381518226845459,0.7058823529411765,0.29411764705882354,0.7058823529411765,False
substrate_ligand_conditions,outer,ligand,ligand_MACCS_120,120.0,100,20,0.2,0.0,-0.1272447972175785,0.1272447972175785,0.4,0.6,0.6,False
substrate_ligand_conditions,outer,ligand,ligand_MACCS_111,111.0,100,26,0.26,0.0,-0.21648476371646697,0.21648476371646697,0.07692307692307693,0.9230769230769231,0.9230769230769231,False
substrate_ligand_conditions,outer,ligand,ligand_MACCS_101,101.0,100,59,0.59,0.1570419470541487,0.272200837443061,0.272200837443061,1.0,0.0,1.0,False
substrate_ligand_conditions,outer,ligand,ligand_MACCS_096,96.0,100,12,0.12,0.0,0.18567929732230393,0.18567929732230393,0.6666666666666666,0.3333333333333333,0.6666666666666666,False
substrate_ligand_conditions,outer,ligand,ligand_MACCS_138,138.0,100,55,0.55,-0.10561028843940003,-0.22507974471863346,0.22507974471863346,0.01818181818181818,0.9818181818181818,0.9818181818181818,False
substrate_ligand_conditions,outer,ligand,ligand_MACCS_164,164.0,100,12,0.12,0.0,0.1258019288769198,0.1258019288769198,1.0,0.0,1.0,False
substrate_ligand_conditions,outer,ligand,ligand_MACCS_121,121.0,100,10,0.1,0.0,-0.11150692644561386,0.11150692644561386,0.4,0.6,0.6,False
substrate_ligand_conditions,outer,ligand,ligand_MACCS_062,62.0,100,24,0.24,-0.023234881122526793,-0.14570275348259026,0.14570275348259026,0.125,0.875,0.875,False
substrate_ligand_conditions,outer,ligand,ligand_MACCS_066,66.0,100,16,0.16,0.0,-0.11331579315963897,0.11331579315963897,0.3125,0.6875,0.6875,False
substrate_ligand_conditions,outer,ligand,ligand_MACCS_141,141.0,100,33,0.33,0.014391120748745934,0.18423050856006004,0.18423050856006004,0.9696969696969697,0.030303030303030304,0.9696969696969697,False
substrate_ligand_conditions,outer,ligand,ligand_MACCS_152,152.0,100,29,0.29,-0.017888761074794916,-0.20204799265034554,0.20204799265034554,0.034482758620689655,0.9655172413793104,0.9655172413793104,False
substrate_ligand_conditions,outer,ligand,ligand_MACCS_083,83.0,100,16,0.16,0.0,-0.17070448137624447,0.17070448137624447,0.0625,0.9375,0.9375,False
substrate_ligand_conditions,outer,ligand,ligand_MACCS_166,166.0,100,20,0.2,0.0,0.15901000211550836,0.15901000211550836,0.85,0.15,0.85,False
substrate_ligand_conditions,outer,ligand,ligand_MACCS_079,79.0,100,33,0.33,0.0,-0.211858359020875,0.211858359020875,0.030303030303030304,0.9696969696969697,0.9696969696969697,False
substrate_ligand_conditions,outer,ligand,ligand_MACCS_093,93.0,100,18,0.18,0.0,-0.10225178058098876,0.10225178058098876,0.4444444444444444,0.5555555555555556,0.5555555555555556,False
substrate_ligand_conditions,outer,ligand,ligand_MACCS_155,155.0,100,16,0.16,0.0,-0.1326490257970388,0.1326490257970388,0.1875,0.8125,0.8125,False
substrate_ligand_conditions,outer,ligand,ligand_MACCS_144,144.0,100,32,0.32,0.0,0.19411846281118778,0.19411846281118778,0.9375,0.0625,0.9375,False
substrate_ligand_conditions,outer,ligand,ligand_MACCS_098,98.0,100,15,0.15,0.0,0.13596252855624674,0.13596252855624674,0.7333333333333333,0.26666666666666666,0.7333333333333333,False
substrate_ligand_conditions,outer,ligand,ligand_MACCS_151,151.0,100,11,0.11,0.0,-0.1893852878808827,0.1893852878808827,0.18181818181818182,0.8181818181818182,0.8181818181818182,False
substrate_ligand_conditions,outer,ligand,ligand_MACCS_057,57.0,100,11,0.11,0.0,0.16648882463372572,0.16648882463372572,0.7272727272727273,0.2727272727272727,0.7272727272727273,False
substrate_ligand_conditions,outer,ligand,ligand_MACCS_100,100.0,100,11,0.11,0.0,0.1334198680259278,0.1334198680259278,0.7272727272727273,0.2727272727272727,0.7272727272727273,False
substrate_ligand_conditions,outer,ligand,ligand_MACCS_116,116.0,100,20,0.2,0.0,0.14526376993723528,0.14526376993723528,0.75,0.25,0.75,False
substrate_ligand_conditions,outer,ligand,ligand_MACCS_149,149.0,100,24,0.24,0.0,0.14071752216296468,0.14071752216296468,0.8333333333333334,0.16666666666666666,0.8333333333333334,False
substrate_ligand_conditions,outer,ligand,ligand_MACCS_113,113.0,100,9,0.09,0.0,0.14260675994709607,0.14260675994709607,0.6666666666666666,0.3333333333333333,0.6666666666666666,False
substrate_ligand_conditions,outer,ligand,ligand_MACCS_118,118.0,100,19,0.19,0.0,-0.1055512293253686,0.1055512293253686,0.47368421052631576,0.5263157894736842,0.5263157894736842,False
substrate_ligand_conditions,outer,ligand,ligand_MACCS_105,105.0,100,40,0.4,0.0,0.17626412050180423,0.17626412050180423,1.0,0.0,1.0,False
substrate_ligand_conditions,outer,ligand,ligand_MACCS_126,126.0,100,23,0.23,0.0,0.18103281979552205,0.18103281979552205,1.0,0.0,1.0,False
substrate_ligand_conditions,outer,ligand,ligand_MACCS_127,127.0,100,29,0.29,1.4170632829933128e-05,0.176307151120955,0.176307151120955,1.0,0.0,1.0,False
substrate_ligand_conditions,outer,ligand,ligand_MACCS_117,117.0,100,20,0.2,0.0,-0.11420560698396669,0.11420560698396669,0.45,0.55,0.55,False
substrate_ligand_conditions,outer,ligand,ligand_MACCS_082,82.0,100,43,0.43,0.07425030728206161,0.15869225022732755,0.15869225022732755,1.0,0.0,1.0,False
substrate_ligand_conditions,outer,ligand,ligand_MACCS_128,128.0,100,44,0.44,-0.07900653289783446,-0.15331732304540185,0.15331732304540185,0.022727272727272728,0.9772727272727273,0.9772727272727273,False
substrate_ligand_conditions,outer,condition,condition_Pressure/atm,,100,24,0.24,0.0,0.11527067632486915,0.11527067632486915,0.625,0.375,0.625,False
substrate_ligand_conditions,outer,condition,condition_Temperature/C,,100,20,0.2,0.0,0.21624159782478633,0.21624159782478633,1.0,0.0,1.0,False
substrate_ligand_conditions,outer,condition,condition_S/C,,100,18,0.18,0.051403996058502,0.1253855445335258,0.1253855445335258,1.0,0.0,1.0,False
