entity_type,bit_index,feature_name,pooled_prevalence,pooled_variance,eligible,duplicate_of,exclusion_reason,selection_uses_ddG,retained_primary
substrate,1,substrate_MACCS_001,0.0,0.0,False,,undefined MACCS key,False,False
substrate,2,substrate_MACCS_002,0.0,0.0,False,,constant in pooled data,False,False
substrate,3,substrate_MACCS_003,0.0,0.0,False,,constant in pooled data,False,False
substrate,4,substrate_MACCS_004,0.0,0.0,False,,constant in pooled data,False,False
substrate,5,substrate_MACCS_005,0.0,0.0,False,,constant in pooled data,False,False
substrate,6,substrate_MACCS_006,0.0,0.0,False,,constant in pooled data,False,False
substrate,7,substrate_MACCS_007,0.0,0.0,False,,constant in pooled data,False,False
substrate,8,substrate_MACCS_008,0.0014071294559099437,0.0014051494426042543,False,,"pooled prevalence outside [0.02, 0.98]",False,False
substrate,9,substrate_MACCS_009,0.0014071294559099437,0.0014051494426042543,False,,"pooled prevalence outside [0.02, 0.98]",False,False
substrate,10,substrate_MACCS_010,0.0,0.0,False,,constant in pooled data,False,False
substrate,11,substrate_MACCS_011,0.001876172607879925,0.0018726525842253658,False,,"pooled prevalence outside [0.02, 0.98]",False,False
substrate,12,substrate_MACCS_012,0.0,0.0,False,,constant in pooled data,False,False
substrate,13,substrate_MACCS_013,0.004690431519699813,0.00466843137185882,False,,"pooled prevalence outside [0.02, 0.98]",False,False
substrate,14,substrate_MACCS_014,0.0,0.0,False,,constant in pooled data,False,False
substrate,15,substrate_MACCS_015,0.0,0.0,False,,constant in pooled data,False,False
substrate,16,substrate_MACCS_016,0.0014071294559099437,0.0014051494426042543,False,,"pooled prevalence outside [0.02, 0.98]",False,False
substrate,17,substrate_MACCS_017,0.0075046904315197,0.007448370053046756,False,,"pooled prevalence outside [0.02, 0.98]",False,False
substrate,18,substrate_MACCS_018,0.0,0.0,False,,constant in pooled data,False,False
substrate,19,substrate_MACCS_019,0.0023452157598499064,0.002339715722889658,False,,"pooled prevalence outside [0.02, 0.98]",False,False
substrate,20,substrate_MACCS_020,0.01594746716697936,0.015693145457937475,False,,"pooled prevalence outside [0.02, 0.98]",False,False
substrate,21,substrate_MACCS_021,0.0,0.0,False,,constant in pooled data,False,False
substrate,22,substrate_MACCS_022,0.0075046904315197,0.007448370053046756,False,,"pooled prevalence outside [0.02, 0.98]",False,False
substrate,23,substrate_MACCS_023,0.0023452157598499064,0.002339715722889658,False,,"pooled prevalence outside [0.02, 0.98]",False,False
substrate,24,substrate_MACCS_024,0.006566604127579738,0.006523483837811391,False,,"pooled prevalence outside [0.02, 0.98]",False,False
substrate,25,substrate_MACCS_025,0.0,0.0,False,,constant in pooled data,False,False
substrate,26,substrate_MACCS_026,0.00046904315196998124,0.00046882315049157135,False,,"pooled prevalence outside [0.02, 0.98]",False,False
substrate,27,substrate_MACCS_027,0.00375234521575985,0.0037382651211416143,False,,"pooled prevalence outside [0.02, 0.98]",False,False
substrate,28,substrate_MACCS_028,0.0009380863039399625,0.0009372062980263227,False,,"pooled prevalence outside [0.02, 0.98]",False,False
substrate,29,substrate_MACCS_029,0.0,0.0,False,,constant in pooled data,False,False
substrate,30,substrate_MACCS_030,0.017354596622889306,0.017053414598946104,False,,"pooled prevalence outside [0.02, 0.98]",False,False
substrate,31,substrate_MACCS_031,0.0,0.0,False,,constant in pooled data,False,False
substrate,32,substrate_MACCS_032,0.0,0.0,False,,constant in pooled data,False,False
substrate,33,substrate_MACCS_033,0.0,0.0,False,,constant in pooled data,False,False
substrate,34,substrate_MACCS_034,0.04596622889305816,0.04385333469440915,True,,,False,False
substrate,35,substrate_MACCS_035,0.0,0.0,False,,constant in pooled data,False,False
substrate,36,substrate_MACCS_036,0.01876172607879925,0.018409723713343356,False,,"pooled prevalence outside [0.02, 0.98]",False,False
substrate,37,substrate_MACCS_037,0.0,0.0,False,,constant in pooled data,False,False
substrate,38,substrate_MACCS_038,0.00046904315196998124,0.00046882315049157135,False,,"pooled prevalence outside [0.02, 0.98]",False,False
substrate,39,substrate_MACCS_039,0.0,0.0,False,,constant in pooled data,False,False
substrate,40,substrate_MACCS_040,0.0,0.0,False,,constant in pooled data,False,False
substrate,41,substrate_MACCS_041,0.00046904315196998124,0.00046882315049157135,False,,"pooled prevalence outside [0.02, 0.98]",False,False
substrate,42,substrate_MACCS_042,0.09099437148217636,0.08271439584074004,True,,,False,False
substrate,43,substrate_MACCS_043,0.0,0.0,False,,constant in pooled data,False,False
substrate,44,substrate_MACCS_044,0.0014071294559099437,0.0014051494426042543,False,,"pooled prevalence outside [0.02, 0.98]",False,False
substrate,45,substrate_MACCS_045,0.005159474671669793,0.005132854492782191,False,,"pooled prevalence outside [0.02, 0.98]",False,False
substrate,46,substrate_MACCS_046,0.04784240150093809,0.045553506119561125,True,,,False,False
substrate,47,substrate_MACCS_047,0.0,0.0,False,,constant in pooled data,False,False
substrate,48,substrate_MACCS_048,0.0,0.0,False,,constant in pooled data,False,False
substrate,49,substrate_MACCS_049,0.001876172607879925,0.0018726525842253658,False,,"pooled prevalence outside [0.02, 0.98]",False,False
substrate,50,substrate_MACCS_050,0.08818011257035648,0.08040438031743573,True,,,False,False
substrate,51,substrate_MACCS_051,0.0,0.0,False,,constant in pooled data,False,False
substrate,52,substrate_MACCS_052,0.0014071294559099437,0.0014051494426042543,False,,"pooled prevalence outside [0.02, 0.98]",False,False
substrate,53,substrate_MACCS_053,0.0,0.0,False,,constant in pooled data,False,False
substrate,54,substrate_MACCS_054,0.00046904315196998124,0.00046882315049157135,False,,"pooled prevalence outside [0.02, 0.98]",False,False
substrate,55,substrate_MACCS_055,0.0,0.0,False,,constant in pooled data,False,False
substrate,56,substrate_MACCS_056,0.001876172607879925,0.0018726525842253658,False,,"pooled prevalence outside [0.02, 0.98]",False,False
substrate,57,substrate_MACCS_057,0.01594746716697936,0.015693145457937475,False,,"pooled prevalence outside [0.02, 0.98]",False,False
substrate,58,substrate_MACCS_058,0.0,0.0,False,,constant in pooled data,False,False
substrate,59,substrate_MACCS_059,0.0014071294559099437,0.0014051494426042543,False,,"pooled prevalence outside [0.02, 0.98]",False,False
substrate,60,substrate_MACCS_060,0.0,0.0,False,,constant in pooled data,False,False
substrate,61,substrate_MACCS_061,0.0,0.0,False,,constant in pooled data,False,False
substrate,62,substrate_MACCS_062,0.03330206378986867,0.03219303633720419,True,,,False,False
substrate,63,substrate_MACCS_063,0.001876172607879925,0.0018726525842253658,False,,"pooled prevalence outside [0.02, 0.98]",False,False
substrate,64,substrate_MACCS_064,0.00046904315196998124,0.00046882315049157135,False,,"pooled prevalence outside [0.02, 0.98]",False,False
substrate,65,substrate_MACCS_065,0.03799249530956848,0.0365490656097209,True,,,False,False
substrate,66,substrate_MACCS_066,0.039868667917448405,0.038279157235936626,True,,,False,False
substrate,67,substrate_MACCS_067,0.0,0.0,False,,constant in pooled data,False,False
substrate,68,substrate_MACCS_068,0.0,0.0,False,,constant in pooled data,False,False
substrate,69,substrate_MACCS_069,0.0,0.0,False,,constant in pooled data,False,False
substrate,70,substrate_MACCS_070,0.003283302063789869,0.003272521991347782,False,,"pooled prevalence outside [0.02, 0.98]",False,False
substrate,71,substrate_MACCS_071,0.006566604127579738,0.006523483837811391,False,,"pooled prevalence outside [0.02, 0.98]",False,False
substrate,72,substrate_MACCS_072,0.10365853658536585,0.09291344437834621,True,,,False,True
substrate,73,substrate_MACCS_073,0.0,0.0,False,,constant in pooled data,False,False
substrate,74,substrate_MACCS_074,0.06707317073170732,0.06257436049970255,True,,,False,False
substrate,75,substrate_MACCS_075,0.06848030018761726,0.06379074867383108,True,,,False,False
substrate,76,substrate_MACCS_076,0.09380863039399624,0.08500857125759885,True,,,False,False
substrate,77,substrate_MACCS_077,0.0150093808630394,0.014784099349147626,False,,"pooled prevalence outside [0.02, 0.98]",False,False
substrate,78,substrate_MACCS_078,0.0,0.0,False,,constant in pooled data,False,False
substrate,79,substrate_MACCS_079,0.04643527204502814,0.044279037555132364,True,,,False,False
substrate,80,substrate_MACCS_080,0.001876172607879925,0.0018726525842253658,False,,"pooled prevalence outside [0.02, 0.98]",False,False
substrate,81,substrate_MACCS_081,0.016885553470919325,0.01660043155490005,False,,"pooled prevalence outside [0.02, 0.98]",False,False
substrate,82,substrate_MACCS_082,0.036585365853658534,0.03524687685901249,True,,,False,False
substrate,83,substrate_MACCS_083,0.0647279549718574,0.06053824681701861,True,,,False,False
substrate,84,substrate_MACCS_084,0.008442776735459663,0.008371496256454844,False,,"pooled prevalence outside [0.02, 0.98]",False,False
substrate,85,substrate_MACCS_085,0.09896810506566604,0.08917341924537733,True,,,False,True
substrate,86,substrate_MACCS_086,0.10928705440900563,0.09734339414760868,True,,,False,True
substrate,87,substrate_MACCS_087,0.16463414634146342,0.137529744199881,True,,,False,True
substrate,88,substrate_MACCS_088,0.019230769230769232,0.01886094674556213,False,,"pooled prevalence outside [0.02, 0.98]",False,False
substrate,89,substrate_MACCS_089,0.08864915572232646,0.08079048291204517,True,,,False,False
substrate,90,substrate_MACCS_090,0.00797373358348968,0.00791015315622921,False,,"pooled prevalence outside [0.02, 0.98]",False,False
substrate,91,substrate_MACCS_091,0.005628517823639775,0.005596837610748744,False,,"pooled prevalence outside [0.02, 0.98]",False,False
substrate,92,substrate_MACCS_092,0.03424015009380863,0.03306776221536209,True,,,False,False
substrate,93,substrate_MACCS_093,0.15666041275797374,0.13211792783247503,True,,,False,True
substrate,94,substrate_MACCS_094,0.00797373358348968,0.00791015315622921,False,,"pooled prevalence outside [0.02, 0.98]",False,False
substrate,95,substrate_MACCS_095,0.075046904315197,0.06941486646790267,True,,,False,False
substrate,96,substrate_MACCS_096,0.0947467166979362,0.08576977637289722,True,,,False,False
substrate,97,substrate_MACCS_097,0.08630393996247655,0.0788555699094298,True,,,False,False
substrate,98,substrate_MACCS_098,0.07363977485928705,0.06821695841796056,True,,,False,False
substrate,99,substrate_MACCS_099,0.12148217636022514,0.10672425718700829,True,,,False,True
substrate,100,substrate_MACCS_100,0.12101313320825516,0.10636895479937625,True,,,False,True
substrate,101,substrate_MACCS_101,0.10553470919324578,0.09439713434874282,True,,,False,True
substrate,102,substrate_MACCS_102,0.006566604127579738,0.006523483837811391,False,,"pooled prevalence outside [0.02, 0.98]",False,False
substrate,103,substrate_MACCS_103,0.09427767354596622,0.08538939381672644,True,,,False,False
substrate,104,substrate_MACCS_104,0.019230769230769232,0.01886094674556213,False,,"pooled prevalence outside [0.02, 0.98]",False,False
substrate,105,substrate_MACCS_105,0.11866791744840526,0.10458584281686374,True,,,False,True
substrate,106,substrate_MACCS_106,0.05863039399624766,0.05519287089609242,True,,,False,False
substrate,107,substrate_MACCS_107,0.22091932457786118,0.1721139766059228,True,,,False,True
substrate,108,substrate_MACCS_108,0.06144465290806754,0.05766920753707465,True,,,False,False
substrate,109,substrate_MACCS_109,0.08067542213883677,0.07416689840155725,True,,,False,False
substrate,110,substrate_MACCS_110,0.036585365853658534,0.03524687685901249,True,,,False,False
substrate,111,substrate_MACCS_111,0.08677298311444653,0.0792434325158665,True,,,False,False
substrate,112,substrate_MACCS_112,0.10084427767354597,0.09067470933404673,True,,,False,True
substrate,113,substrate_MACCS_113,0.09568480300187618,0.08652922147636832,True,,,False,True
substrate,114,substrate_MACCS_114,0.09380863039399624,0.08500857125759885,True,,,False,False
substrate,115,substrate_MACCS_115,0.06941838649155722,0.06459947410846602,True,,,False,False
substrate,116,substrate_MACCS_116,0.058161350844277676,0.05477860811224652,True,,,False,False
substrate,117,substrate_MACCS_117,0.036585365853658534,0.03524687685901249,False,110.0,duplicate of bit 110,False,False
substrate,118,substrate_MACCS_118,0.1796435272045028,0.14737173033802786,True,,,False,True
substrate,119,substrate_MACCS_119,0.001876172607879925,0.0018726525842253658,False,,"pooled prevalence outside [0.02, 0.98]",False,False
substrate,120,substrate_MACCS_120,0.04971857410881801,0.04724663749740399,True,,,False,False
substrate,121,substrate_MACCS_121,0.10272045028142589,0.092168959375407,True,,,False,True
substrate,122,substrate_MACCS_122,0.10694183864915573,0.09550528179549367,True,,,False,True
substrate,123,substrate_MACCS_123,0.11585365853658537,0.10243158834027365,True,,,False,True
substrate,124,substrate_MACCS_124,0.00797373358348968,0.00791015315622921,False,,"pooled prevalence outside [0.02, 0.98]",False,False
substrate,125,substrate_MACCS_125,0.2124765478424015,0.16733026445937715,True,,,False,True
substrate,126,substrate_MACCS_126,0.17589118198874296,0.14495347408734585,True,,,False,True
substrate,127,substrate_MACCS_127,0.174953095684803,0.14434450999510717,True,,,False,True
substrate,128,substrate_MACCS_128,0.11116322701688555,0.09880596397607792,True,,,False,True
substrate,129,substrate_MACCS_129,0.14118198874296436,0.12124963479754584,True,,,False,True
substrate,130,substrate_MACCS_130,0.003283302063789869,0.003272521991347782,False,,"pooled prevalence outside [0.02, 0.98]",False,False
substrate,131,substrate_MACCS_131,0.0009380863039399625,0.0009372062980263227,False,,"pooled prevalence outside [0.02, 0.98]",False,False
substrate,132,substrate_MACCS_132,0.299718574108818,0.209887350442995,True,,,False,True
substrate,133,substrate_MACCS_133,0.04784240150093809,0.045553506119561125,True,,,False,False
substrate,134,substrate_MACCS_134,0.2326454033771107,0.17852151966461216,True,,,False,True
substrate,135,substrate_MACCS_135,0.04831144465290807,0.04597744896845707,True,,,False,False
substrate,136,substrate_MACCS_136,0.1177298311444653,0.10386951800316098,True,,,False,True
substrate,137,substrate_MACCS_137,0.13649155722326453,0.11786161203003283,True,,,False,True
substrate,138,substrate_MACCS_138,0.09052532833020638,0.08233049326091471,True,,,False,False
substrate,139,substrate_MACCS_139,0.0623827392120075,0.05849113306041416,True,,,False,False
substrate,140,substrate_MACCS_140,0.017823639774859287,0.017505957640035343,False,,"pooled prevalence outside [0.02, 0.98]",False,False
substrate,141,substrate_MACCS_141,0.0698874296435272,0.06500317682134824,True,,,False,False
substrate,142,substrate_MACCS_142,0.04690431519699812,0.04470430041289877,True,,,False,False
substrate,143,substrate_MACCS_143,0.174953095684803,0.14434450999510717,False,127.0,duplicate of bit 127,False,False
substrate,144,substrate_MACCS_144,0.1848030018761726,0.15065085237372794,True,,,False,True
substrate,145,substrate_MACCS_145,0.2453095684803002,0.1851327840923091,True,,,False,True
substrate,146,substrate_MACCS_146,0.14634146341463414,0.12492563950029743,True,,,False,True
substrate,147,substrate_MACCS_147,0.18574108818011256,0.15124133634178022,True,,,False,True
substrate,148,substrate_MACCS_148,0.12429643527204502,0.10884683145070734,True,,,False,True
substrate,149,substrate_MACCS_149,0.22607879924953095,0.17496717577942122,True,,,False,True
substrate,150,substrate_MACCS_150,0.1801125703564728,0.14767203235605744,True,,,False,True
substrate,151,substrate_MACCS_151,0.036116322701688554,0.034811933936196054,True,,,False,False
substrate,152,substrate_MACCS_152,0.950281425891182,0.047246637497403945,True,,,False,False
substrate,153,substrate_MACCS_153,0.2129455909943715,0.16759976627042936,True,,,False,True
substrate,154,substrate_MACCS_154,0.9920262664165104,0.007910153156229158,False,,"pooled prevalence outside [0.02, 0.98]",False,False
substrate,155,substrate_MACCS_155,0.2706378986866792,0.19739302648113796,True,,,False,True
substrate,156,substrate_MACCS_156,0.10600375234521577,0.09476695683394994,True,,,False,True
substrate,157,substrate_MACCS_157,0.23405253283302063,0.17927194470746843,True,,,False,True
substrate,158,substrate_MACCS_158,0.1430581613508443,0.1225925238217601,True,,,False,True
substrate,159,substrate_MACCS_159,0.2654784240150094,0.19499963039751625,True,,,False,True
substrate,160,substrate_MACCS_160,0.7837711069418386,0.1694739588650036,True,,,False,True
substrate,161,substrate_MACCS_161,0.16604127579737335,0.13847157052895395,True,,,False,True
substrate,162,substrate_MACCS_162,0.9226078799249531,0.07140257982533645,True,,,False,False
substrate,163,substrate_MACCS_163,0.9183864915572233,0.07495274368243753,True,,,False,False
substrate,164,substrate_MACCS_164,0.9924953095684803,0.007448370053046746,False,,"pooled prevalence outside [0.02, 0.98]",False,False
substrate,165,substrate_MACCS_165,0.9469981238273921,0.05019267729479142,True,,,False,False
substrate,166,substrate_MACCS_166,0.0,0.0,False,,constant in pooled data,False,False
ligand,1,ligand_MACCS_001,0.0,0.0,False,,undefined MACCS key,False,False
ligand,2,ligand_MACCS_002,0.0,0.0,False,,constant in pooled data,False,False
ligand,3,ligand_MACCS_003,0.0,0.0,False,,constant in pooled data,False,False
ligand,4,ligand_MACCS_004,0.0,0.0,False,,constant in pooled data,False,False
ligand,5,ligand_MACCS_005,0.0,0.0,False,,constant in pooled data,False,False
ligand,6,ligand_MACCS_006,0.0,0.0,False,,constant in pooled data,False,False
ligand,7,ligand_MACCS_007,0.0,0.0,False,,constant in pooled data,False,False
ligand,8,ligand_MACCS_008,0.17166979362101314,0.1421992755791319,True,,,False,False
ligand,9,ligand_MACCS_009,0.1899624765478424,0.15387673405165284,True,,,False,False
ligand,10,ligand_MACCS_010,0.0,0.0,False,,constant in pooled data,False,False
ligand,11,ligand_MACCS_011,0.17166979362101314,0.1421992755791319,False,8.0,duplicate of bit 8,False,False
ligand,12,ligand_MACCS_012,0.0,0.0,False,,constant in pooled data,False,False
ligand,13,ligand_MACCS_013,0.0,0.0,False,,constant in pooled data,False,False
ligand,14,ligand_MACCS_014,0.0,0.0,False,,constant in pooled data,False,False
ligand,15,ligand_MACCS_015,0.0,0.0,False,,constant in pooled data,False,False
ligand,16,ligand_MACCS_016,0.17166979362101314,0.1421992755791319,False,8.0,duplicate of bit 8,False,False
ligand,17,ligand_MACCS_017,0.0,0.0,False,,constant in pooled data,False,False
ligand,18,ligand_MACCS_018,0.0,0.0,False,,constant in pooled data,False,False
ligand,19,ligand_MACCS_019,0.02954971857410882,0.028676532706299787,True,,,False,False
ligand,20,ligand_MACCS_020,0.024859287054409006,0.0242413029015555,True,,,False,False
ligand,21,ligand_MACCS_021,0.0,0.0,False,,constant in pooled data,False,False
ligand,22,ligand_MACCS_022,0.17166979362101314,0.1421992755791319,False,8.0,duplicate of bit 8,False,False
ligand,23,ligand_MACCS_023,0.0,0.0,False,,constant in pooled data,False,False
ligand,24,ligand_MACCS_024,0.00797373358348968,0.00791015315622921,False,,"pooled prevalence outside [0.02, 0.98]",False,False
ligand,25,ligand_MACCS_025,0.0,0.0,False,,constant in pooled data,False,False
ligand,26,ligand_MACCS_026,0.013602251407129456,0.013417230163786702,False,,"pooled prevalence outside [0.02, 0.98]",False,False
ligand,27,ligand_MACCS_027,0.00375234521575985,0.0037382651211416143,False,,"pooled prevalence outside [0.02, 0.98]",False,False
ligand,28,ligand_MACCS_028,0.004221388367729831,0.004203568247978627,False,,"pooled prevalence outside [0.02, 0.98]",False,False
ligand,29,ligand_MACCS_029,0.9141651031894934,0.07846726730003628,True,,,False,False
ligand,30,ligand_MACCS_030,0.19324577861163228,0.1559018476604163,True,,,False,False
ligand,31,ligand_MACCS_031,0.0,0.0,False,,constant in pooled data,False,False
ligand,32,ligand_MACCS_032,0.021106941838649154,0.020661438844869037,True,,,False,False
ligand,33,ligand_MACCS_033,0.021106941838649154,0.020661438844869037,False,32.0,duplicate of bit 32,False,False
ligand,34,ligand_MACCS_034,0.03377110694183865,0.03263061927776155,True,,,False,False
ligand,35,ligand_MACCS_035,0.0,0.0,False,,constant in pooled data,False,False
ligand,36,ligand_MACCS_036,0.009849906191369606,0.009752885539390825,False,,"pooled prevalence outside [0.02, 0.98]",False,False
ligand,37,ligand_MACCS_037,0.0,0.0,False,,constant in pooled data,False,False
ligand,38,ligand_MACCS_038,0.05018761726078799,0.047668820334472645,True,,,False,False
ligand,39,ligand_MACCS_039,0.00797373358348968,0.00791015315622921,False,,"pooled prevalence outside [0.02, 0.98]",False,False
ligand,40,ligand_MACCS_040,0.00797373358348968,0.00791015315622921,False,,"pooled prevalence outside [0.02, 0.98]",False,False
ligand,41,ligand_MACCS_041,0.0,0.0,False,,constant in pooled data,False,False
ligand,42,ligand_MACCS_042,0.014071294559099437,0.013873293228530497,False,,"pooled prevalence outside [0.02, 0.98]",False,False
ligand,43,ligand_MACCS_043,0.0075046904315197,0.007448370053046756,False,,"pooled prevalence outside [0.02, 0.98]",False,False
ligand,44,ligand_MACCS_044,0.1899624765478424,0.15387673405165284,False,9.0,duplicate of bit 9,False,False
ligand,45,ligand_MACCS_045,0.0,0.0,False,,constant in pooled data,False,False
ligand,46,ligand_MACCS_046,0.04221388367729831,0.04043187170217784,True,,,False,False
ligand,47,ligand_MACCS_047,0.00797373358348968,0.00791015315622921,False,,"pooled prevalence outside [0.02, 0.98]",False,False
ligand,48,ligand_MACCS_048,0.027204502814258912,0.02646441784088789,True,,,False,False
ligand,49,ligand_MACCS_049,0.039399624765478425,0.03784729433381792,True,,,False,False
ligand,50,ligand_MACCS_050,0.03189493433395872,0.03087764749779118,True,,,False,False
ligand,51,ligand_MACCS_051,0.03048780487804878,0.029558298631766802,True,,,False,False
ligand,52,ligand_MACCS_052,0.00046904315196998124,0.00046882315049157135,False,,"pooled prevalence outside [0.02, 0.98]",False,False
ligand,53,ligand_MACCS_053,0.0,0.0,False,,constant in pooled data,False,False
ligand,54,ligand_MACCS_054,0.49859287054409007,0.2499980199866943,True,,,False,True
ligand,55,ligand_MACCS_055,0.029080675422138838,0.028234989739131047,True,,,False,False
ligand,56,ligand_MACCS_056,0.0,0.0,False,,constant in pooled data,False,False
ligand,57,ligand_MACCS_057,0.2893996247654784,0.2056474819510787,True,,,False,True
ligand,58,ligand_MACCS_058,0.029080675422138838,0.028234989739131047,False,55.0,duplicate of bit 55,False,False
ligand,59,ligand_MACCS_059,0.04878048780487805,0.04640095181439619,True,,,False,False
ligand,60,ligand_MACCS_060,0.03048780487804878,0.029558298631766802,False,51.0,duplicate of bit 51,False,False
ligand,61,ligand_MACCS_061,0.03048780487804878,0.029558298631766802,False,51.0,duplicate of bit 51,False,False
ligand,62,ligand_MACCS_062,0.6125703564727955,0.23732791484358776,True,,,False,True
ligand,63,ligand_MACCS_063,0.0,0.0,False,,constant in pooled data,False,False
ligand,64,ligand_MACCS_064,0.05018761726078799,0.047668820334472645,True,,,False,False
ligand,65,ligand_MACCS_065,0.1951219512195122,0.15704937537180252,True,,,False,False
ligand,66,ligand_MACCS_066,0.37382739212007504,0.23408047302077872,True,,,False,True
ligand,67,ligand_MACCS_067,0.03048780487804878,0.029558298631766802,False,51.0,duplicate of bit 51,False,False
ligand,68,ligand_MACCS_068,0.0,0.0,False,,constant in pooled data,False,False
ligand,69,ligand_MACCS_069,0.03799249530956848,0.0365490656097209,True,,,False,False
ligand,70,ligand_MACCS_070,0.0014071294559099437,0.0014051494426042543,False,,"pooled prevalence outside [0.02, 0.98]",False,False
ligand,71,ligand_MACCS_071,0.00797373358348968,0.00791015315622921,False,,"pooled prevalence outside [0.02, 0.98]",False,False
ligand,72,ligand_MACCS_072,0.10178236397748593,0.09142271436064049,True,,,False,False
ligand,73,ligand_MACCS_073,0.03048780487804878,0.029558298631766802,False,51.0,duplicate of bit 51,False,False
ligand,74,ligand_MACCS_074,0.4629455909943715,0.2486269707732436,True,,,False,True
ligand,75,ligand_MACCS_075,0.023921200750469045,0.023348976905124805,True,,,False,False
ligand,76,ligand_MACCS_076,0.03189493433395872,0.03087764749779118,False,50.0,duplicate of bit 50,False,False
ligand,77,ligand_MACCS_077,0.054878048780487805,0.0518664485425342,True,,,False,False
ligand,78,ligand_MACCS_078,0.1627579737335835,0.13626781571972166,True,,,False,False
ligand,79,ligand_MACCS_079,0.6580675422138836,0.2250146520984621,True,,,False,True
ligand,80,ligand_MACCS_080,0.0009380863039399625,0.0009372062980263227,False,,"pooled prevalence outside [0.02, 0.98]",False,False
ligand,81,ligand_MACCS_081,0.06613508442776736,0.06176123503549944,True,,,False,False
ligand,82,ligand_MACCS_082,0.23170731707317074,0.17801903628792387,True,,,False,True
ligand,83,ligand_MACCS_083,0.3531894934333959,0.2284466751616571,True,,,False,True
ligand,84,ligand_MACCS_084,0.4981238273921201,0.24999647997634547,True,,,False,True
ligand,85,ligand_MACCS_085,0.0877110694183865,0.08001783771986948,True,,,False,False
ligand,86,ligand_MACCS_086,0.15619136960600374,0.13179562566660447,True,,,False,False
ligand,87,ligand_MACCS_087,0.0698874296435272,0.06500317682134824,True,,,False,False
ligand,88,ligand_MACCS_088,0.06894934333958724,0.06419533139262695,True,,,False,False
ligand,89,ligand_MACCS_089,0.05112570356472795,0.04851186599973952,True,,,False,False
ligand,90,ligand_MACCS_090,0.0877110694183865,0.08001783771986948,True,,,False,False
ligand,91,ligand_MACCS_091,0.15619136960600374,0.13179562566660447,True,,,False,False
ligand,92,ligand_MACCS_092,0.2101313320825516,0.165976155359764,True,,,False,False
ligand,93,ligand_MACCS_093,0.325515947467167,0.2195553154117196,True,,,False,True
ligand,94,ligand_MACCS_094,0.036585365853658534,0.03524687685901249,True,,,False,False
ligand,95,ligand_MACCS_095,0.19230769230769232,0.15532544378698226,True,,,False,False
ligand,96,ligand_MACCS_096,0.41369606003752346,0.24255162994695326,True,,,False,True
ligand,97,ligand_MACCS_097,0.052063789868667915,0.049353151653179106,True,,,False,False
ligand,98,ligand_MACCS_098,0.30909943714821764,0.2135569751028727,True,,,False,True
ligand,99,ligand_MACCS_099,0.07129455909943715,0.06621164494225401,True,,,False,False
ligand,100,ligand_MACCS_100,0.2893996247654784,0.2056474819510787,True,,,False,True
ligand,101,ligand_MACCS_101,0.5755159474671669,0.24429734167813608,True,,,False,True
ligand,102,ligand_MACCS_102,0.07973733583489681,0.07337929310884969,True,,,False,False
ligand,103,ligand_MACCS_103,0.01594746716697936,0.015693145457937475,False,,"pooled prevalence outside [0.02, 0.98]",False,False
ligand,104,ligand_MACCS_104,0.19559099437148217,0.157335157292257,True,,,False,False
ligand,105,ligand_MACCS_105,0.7345215759849906,0.1949996303975163,True,,,False,True
ligand,106,ligand_MACCS_106,0.0647279549718574,0.06053824681701861,True,,,False,False
ligand,107,ligand_MACCS_107,0.07598499061913697,0.07021127181974664,True,,,False,False
ligand,108,ligand_MACCS_108,0.1477485928705441,0.1259189461753183,True,,,False,False
ligand,109,ligand_MACCS_109,0.18714821763602252,0.15212376227168248,True,,,False,False
ligand,110,ligand_MACCS_110,0.2101313320825516,0.165976155359764,False,92.0,duplicate of bit 92,False,False
ligand,111,ligand_MACCS_111,0.4301125703564728,0.24511574717782106,True,,,False,True
ligand,112,ligand_MACCS_112,0.525797373358349,0.24933449552780995,True,,,False,True
ligand,113,ligand_MACCS_113,0.2678236397748593,0.1960941377526057,True,,,False,True
ligand,114,ligand_MACCS_114,0.04831144465290807,0.04597744896845707,True,,,False,False
ligand,115,ligand_MACCS_115,0.175422138836773,0.14464921204270495,True,,,False,False
ligand,116,ligand_MACCS_116,0.27298311444652906,0.19846333367360228,True,,,False,True
ligand,117,ligand_MACCS_117,0.2373358348968105,0.1810075363706444,True,,,False,True
ligand,118,ligand_MACCS_118,0.2678236397748593,0.1960941377526057,True,,,False,True
ligand,119,ligand_MACCS_119,0.1627579737335835,0.13626781571972166,False,78.0,duplicate of bit 78,False,False
ligand,120,ligand_MACCS_120,0.4596622889305816,0.24837286906568012,True,,,False,True
ligand,121,ligand_MACCS_121,0.3921200750469043,0.23836192179211446,True,,,False,True
ligand,122,ligand_MACCS_122,0.09380863039399624,0.08500857125759885,True,,,False,False
ligand,123,ligand_MACCS_123,0.0900562851782364,0.08194615067813256,True,,,False,False
ligand,124,ligand_MACCS_124,0.08114446529080675,0.07456004104347581,True,,,False,False
ligand,125,ligand_MACCS_125,0.9892120075046904,0.01067161171323074,False,,"pooled prevalence outside [0.02, 0.98]",False,False
ligand,126,ligand_MACCS_126,0.2575046904315197,0.1911960248372869,True,,,False,True
ligand,127,ligand_MACCS_127,0.23874296435272044,0.18174476132479608,True,,,False,True
ligand,128,ligand_MACCS_128,0.21388367729831145,0.16813744988366322,True,,,False,True
ligand,129,ligand_MACCS_129,0.20356472795497185,0.16212612948759017,True,,,False,False
ligand,130,ligand_MACCS_130,0.08114446529080675,0.07456004104347581,False,124.0,duplicate of bit 124,False,False
ligand,131,ligand_MACCS_131,0.5290806754221389,0.2491543143169922,True,,,False,True
ligand,132,ligand_MACCS_132,0.1149155722326454,0.10170998349108906,True,,,False,False
ligand,133,ligand_MACCS_133,0.08208255159474671,0.07534500631844246,True,,,False,False
ligand,134,ligand_MACCS_134,0.07598499061913697,0.07021127181974664,False,107.0,duplicate of bit 107,False,False
ligand,135,ligand_MACCS_135,0.02673545966228893,0.026020674858935052,True,,,False,False
ligand,136,ligand_MACCS_136,0.06144465290806754,0.05766920753707465,True,,,False,False
ligand,137,ligand_MACCS_137,0.5347091932457786,0.2487952719042272,True,,,False,True
ligand,138,ligand_MACCS_138,0.40431519699812385,0.24084441847449217,True,,,False,True
ligand,139,ligand_MACCS_139,0.03799249530956848,0.0365490656097209,True,,,False,False
ligand,140,ligand_MACCS_140,0.13555347091932457,0.1171787274410484,True,,,False,False
ligand,141,ligand_MACCS_141,0.6336772983114447,0.232130379916153,True,,,False,True
ligand,142,ligand_MACCS_142,0.800656660412758,0.15960557254944754,True,,,False,False
ligand,143,ligand_MACCS_143,0.23874296435272044,0.18174476132479608,False,127.0,duplicate of bit 127,False,False
ligand,144,ligand_MACCS_144,0.6848030018761726,0.21584785049755534,True,,,False,True
ligand,145,ligand_MACCS_145,0.9892120075046904,0.01067161171323074,False,,"pooled prevalence outside [0.02, 0.98]",False,False
ligand,146,ligand_MACCS_146,0.19793621013133209,0.15875746685017722,True,,,False,False
ligand,147,ligand_MACCS_147,0.2678236397748593,0.1960941377526057,False,118.0,duplicate of bit 118,False,False
ligand,148,ligand_MACCS_148,0.949812382739212,0.04766882033447267,True,,,False,False
ligand,149,ligand_MACCS_149,0.7274859287054409,0.19825015224102305,True,,,False,True
ligand,150,ligand_MACCS_150,0.8128517823639775,0.15212376227168248,True,,,False,False
ligand,151,ligand_MACCS_151,0.702626641651032,0.2089424440932243,True,,,False,True
ligand,152,ligand_MACCS_152,0.3649155722326454,0.23175219737476638,True,,,False,True
ligand,153,ligand_MACCS_153,0.5023452157598499,0.24999449996303974,True,,,False,True
ligand,154,ligand_MACCS_154,0.0647279549718574,0.06053824681701861,True,,,False,False
ligand,155,ligand_MACCS_155,0.31848030018761725,0.21705059858002243,True,,,False,True
ligand,156,ligand_MACCS_156,0.8705440900562852,0.11269707732435962,True,,,False,False
ligand,157,ligand_MACCS_157,0.5089118198874296,0.249920579466294,True,,,False,True
ligand,158,ligand_MACCS_158,0.8545966228893058,0.12426123503549943,True,,,False,False
ligand,159,ligand_MACCS_159,0.5347091932457786,0.2487952719042272,True,,,False,True
ligand,160,ligand_MACCS_160,0.7917448405253283,0.16488494802685075,True,,,False,False
ligand,161,ligand_MACCS_161,0.8799249530956847,0.10565703001524175,True,,,False,False
ligand,162,ligand_MACCS_162,0.9967166979362101,0.0032725219913478185,False,,"pooled prevalence outside [0.02, 0.98]",False,False
ligand,163,ligand_MACCS_163,0.9967166979362101,0.0032725219913478185,False,,"pooled prevalence outside [0.02, 0.98]",False,False
ligand,164,ligand_MACCS_164,0.601782363977486,0.23964035038315457,True,,,False,True
ligand,165,ligand_MACCS_165,0.99812382739212,0.0018726525842254187,False,,"pooled prevalence outside [0.02, 0.98]",False,False
ligand,166,ligand_MACCS_166,0.6477485928705441,0.2281703533047742,True,,,False,True
