model_specification,repeat,signed_cosine_aligned,signed_cosine_mismatched,signed_cosine_advantage,weighted_overlap_aligned,weighted_overlap_mismatched,weighted_overlap_advantage
substrate_only,0,0.3761309407641795,-0.1432145937878646,0.5193455345520441,0.14403224406158158,0.1234811566457423,0.020551087415839275
substrate_only,1,0.19704969846963905,-0.27694759561803345,0.4739972940876725,0.07524440221386573,0.09453711687865521,-0.019292714664789476
substrate_only,2,0.08425630335862863,-0.16108498434445104,0.24534128770307967,0.1286325819446497,0.14664632451966636,-0.018013742575016672
substrate_only,3,0.26074074683689735,-0.1629700295522897,0.4237107763891871,0.12784124674959915,0.056991989370626224,0.07084925737897294
substrate_only,4,-0.04317087380607909,0.11409462323055056,-0.15726549703662965,0.11012899466343143,0.053929209767914744,0.056199784895516684
substrate_only,5,0.16927068443243307,-0.22799414888626074,0.3972648333186938,0.09350824181763022,0.1544820444856034,-0.060973802667973184
substrate_only,6,0.16785956482172343,0.12408810928304191,0.04377145553868152,0.10084260063987659,0.08889447790424161,0.011948122735634975
substrate_only,7,0.19800859600385406,0.0,0.19800859600385406,0.11471827805637093,0.0,0.11471827805637093
substrate_only,8,0.28503024449515546,0.15061956347136812,0.13441068102378734,0.1162159208105021,0.06297947506801273,0.05323644574248937
substrate_only,9,0.022319342925596,0.0,0.022319342925596,0.18331949021104166,0.0,0.18331949021104166
substrate_only,10,0.10827819706545976,-0.05338232843084105,0.1616605254963008,0.18898873458035936,0.10930320196670348,0.07968553261365588
substrate_only,11,0.17745379844938403,0.02574340071807778,0.15171039773130623,0.08008213979855498,0.08057138745085599,-0.0004892476523010031
substrate_only,12,0.28611951294027055,0.09874742367325405,0.18737208926701648,0.10303518528149343,0.07531678708804877,0.027718398193444654
substrate_only,13,0.2931228653573603,-0.18305615440401443,0.4761790197613748,0.12280705991935198,0.024897917558952792,0.09790914236039919
substrate_only,14,0.051347212698106715,-0.1074682412900687,0.15881545398817543,0.11299790986636832,0.05210003910249836,0.06089787076386996
substrate_only,15,0.04954095054975727,0.04793037830212702,0.0016105722476302473,0.1338078923205519,0.07881453463543153,0.05499335768512037
substrate_only,16,0.14053861949563673,0.10786835340451686,0.032670266091119865,0.16495384757865764,0.03203444435355527,0.13291940322510237
substrate_only,17,0.3214453778892709,0.2844823352867135,0.036963042602557394,0.07396919186442655,0.1865786845195761,-0.11260949265514955
substrate_only,18,0.00021881355042023244,-0.06058280711052553,0.060801620660945764,0.22363309407412013,0.06501073773704738,0.15862235633707275
substrate_only,19,0.1264704702881115,0.0,0.1264704702881115,0.15213926196442298,0.0,0.15213926196442298
substrate_only,20,0.12620547262836063,-0.07455068570106552,0.20075615832942614,0.1186521819873541,0.04056784075348257,0.07808434123387153
substrate_only,21,0.22077711726873478,0.03658226415464637,0.1841948531140884,0.1539092084839804,0.07508597532316305,0.07882323316081735
substrate_only,22,0.18706908313819412,-0.036749596210092925,0.22381867934828703,0.06132592681545198,0.12260900466850363,-0.061283077853051655
substrate_only,23,0.12128333593092631,0.13265853168888878,-0.011375195757962461,0.16336914603772013,0.05711686069859295,0.10625228533912717
substrate_only,24,0.302561734672769,0.013521867754152173,0.28903986691861683,0.1367842608960706,0.022738092060103292,0.1140461688359673
substrate_only,25,0.16435204306318615,-0.2833311756916658,0.44768321875485195,0.19574743747031634,0.13847958738590513,0.05726785008441121
substrate_only,26,0.17025775378898866,0.24254837928235845,-0.07229062549336979,0.1125816471115132,0.11600373188718993,-0.003422084775676737
substrate_only,27,0.20318969071286155,-0.12101572767618005,0.3242054183890416,0.09451982643011783,0.062453779742498446,0.032066046687619386
substrate_only,28,0.13384347862150842,-0.042212718885968614,0.17605619750747703,0.05737768735852637,0.06503149734505984,-0.0076538099865334636
substrate_only,29,0.0210223154775366,0.10281863499856107,-0.08179631952102448,0.10940721476314978,0.211918263499272,-0.10251104873612223
substrate_only,30,0.2600405055218592,-0.07730267190347495,0.33734317742533415,0.12866858158273378,0.06160844884653869,0.0670601327361951
substrate_only,31,0.23433025265599663,0.04195556773380414,0.1923746849221925,0.0912971397949181,0.03434323463893012,0.056953905155987986
substrate_only,32,0.1430319972626322,0.27188139950059625,-0.12884940223796407,0.1366488179543232,0.10015442573130943,0.036494392223013775
substrate_only,33,0.17477691002855467,-0.06076826031710933,0.235545170345664,0.19360861911138905,0.045506986680389556,0.1481016324309995
substrate_only,34,0.2523796905807528,0.15726337176551955,0.09511631881523328,0.10541605543472071,0.06610379595494663,0.039312259479774084
substrate_only,35,0.22420017946271867,-0.04088384216060845,0.2650840216233271,0.085170694849689,0.13671625697831005,-0.05154556212862105
substrate_only,36,0.1840197225013206,0.28976214893288565,-0.10574242643156506,0.08299262570330705,0.08061476868617433,0.002377857017132723
substrate_only,37,-0.009079821731163285,-0.06400827501654718,0.0549284532853839,0.05386627199525555,0.08641707212417875,-0.032550800128923196
substrate_only,38,0.08830052484833745,-0.47521060091619677,0.5635111257645342,0.08165016648107018,0.17990807200010658,-0.0982579055190364
substrate_only,39,0.0963035601427596,-0.07047507146854477,0.16677863161130438,0.1357999616883944,0.03866231406768948,0.09713764762070491
substrate_only,40,0.22411977096034172,0.0324784444327958,0.19164132652754592,0.15973850996083955,0.02613156678242876,0.1336069431784108
substrate_only,41,0.2110887516546188,0.20798185326595084,0.0031068983886679558,0.10845676423307207,0.11547422239999007,-0.0070174581669179975
substrate_only,42,0.20992504492159492,0.27114334189526423,-0.06121829697366932,0.17532487295478516,0.1252877783657499,0.05003709458903527
substrate_only,43,0.026859357767642533,-0.4478442731701415,0.47470363093778406,0.05445962582013684,0.0884587856208628,-0.033999159800725966
substrate_only,44,0.288377738743211,0.1324986585752393,0.1558790801679717,0.12680873117396746,0.07009458196848728,0.05671414920548018
substrate_only,45,0.15082014314672237,-0.000879390294121004,0.1516995334408434,0.160552480379666,0.04969263806692683,0.11085984231273915
substrate_only,46,0.06648707947991155,0.1189979224890934,-0.05251084300918185,0.048249639151191244,0.07366912269502081,-0.025419483543829564
substrate_only,47,0.05400170132024217,0.12384987950963913,-0.06984817818939695,0.09156050739852523,0.06450592483623262,0.02705458256229261
substrate_only,48,0.2605804858755052,-0.048639341949126,0.3092198278246312,0.1339743318897839,0.03722340261743757,0.09675092927234633
substrate_only,49,0.0491337500956834,-0.1073368757598759,0.1564706258555593,0.12663205845222478,0.2169611008761402,-0.09032904242391543
substrate_only,50,0.05775151527785936,0.07269290982760526,-0.014941394549745905,0.1649303446953307,0.15593134453704777,0.008999000158282922
substrate_only,51,0.24770417764903147,-0.1299245005091466,0.3776286781581781,0.09574737350280124,0.0563503940190964,0.03939697948370484
substrate_only,52,0.04071329411762936,0.07200137671598726,-0.0312880825983579,0.07334783174737171,0.09264212463144987,-0.019294292884078162
substrate_only,53,0.16485872581592362,-0.049736039569675955,0.21459476538559957,0.067638603330545,0.037834652391988736,0.029803950938556263
substrate_only,54,0.24915508766494557,0.11733241306625763,0.13182267459868793,0.10834863108779248,0.1490351218593217,-0.04068649077152921
substrate_only,55,0.30296874518798644,-0.31010390845099217,0.6130726536389786,0.1622714921079623,0.17935301466945983,-0.01708152256149753
substrate_only,56,0.13557851924725536,-0.007320059156115444,0.1428985784033708,0.10971704481710394,0.07963384172846126,0.03008320308864268
substrate_only,57,0.18611457022060382,0.0,0.18611457022060382,0.08372698635384473,0.0,0.08372698635384473
substrate_only,58,0.17984497385390108,0.22621810645535106,-0.046373132601449985,0.1384962515225813,0.2400363945369669,-0.1015401430143856
substrate_only,59,-0.04190396757050311,-0.09752295070767485,0.055618983137171736,0.03155563224888983,0.13406048108780683,-0.102504848838917
substrate_only,60,-0.046325004148120616,0.10179623425491255,-0.14812123840303315,0.13951656493505527,0.04224296387608972,0.09727360105896554
substrate_only,61,0.10092710250259664,0.0,0.10092710250259664,0.08913458429061842,0.0,0.08913458429061842
substrate_only,62,0.2895425067505849,-0.027182561029784714,0.31672506778036963,0.15179478351016826,0.13717127265594692,0.014623510854221339
substrate_only,63,0.28996747601097816,0.01479296524107517,0.275174510769903,0.0880770594168969,0.0914452050165824,-0.0033681455996854986
substrate_only,64,0.3108612639029451,-0.10936719115034815,0.42022845505329326,0.1756274058001346,0.030760757736413517,0.1448666480637211
substrate_only,65,0.264376579411356,-0.09870218679095319,0.36307876620230917,0.12790202594752667,0.09463702046234122,0.03326500548518545
substrate_only,66,0.02138645265793344,-0.07042247752277862,0.09180893018071207,0.10810262016912021,0.045156561648069596,0.06294605852105062
substrate_only,67,0.24135968248930686,-0.019830566301141665,0.26119024879044855,0.11415221466663639,0.06896120977512417,0.04519100489151222
substrate_only,68,0.28197874160527625,0.039913449952733625,0.24206529165254262,0.16132736363359573,0.04695732905789466,0.11437003457570108
substrate_only,69,0.3001639554503578,0.0,0.3001639554503578,0.12014834904714321,0.0,0.12014834904714321
substrate_only,70,0.0732512438288125,0.023778639143361518,0.04947260468545098,0.03302289508515813,0.06335987012826902,-0.030336975043110892
substrate_only,71,0.2160066214614353,-0.012677397816721335,0.22868401927815662,0.09720483787133176,0.14984503241207442,-0.05264019454074266
substrate_only,72,0.03994930545126824,0.0018279503576341513,0.03812135509363409,0.11851625776972677,0.0564333466767718,0.06208291109295497
substrate_only,73,0.17389614314412258,-0.03385437950997646,0.20775052265409905,0.11179891860781485,0.16558623617590576,-0.05378731756809091
substrate_only,74,0.1847691059125901,0.10043931812146976,0.08432978779112034,0.24293224055265059,0.11627983003181575,0.12665241052083484
substrate_only,75,-0.0021740936322473987,-0.05168730284277582,0.04951320921052842,0.18335813865218348,0.21068150072454905,-0.027323362072365576
substrate_only,76,0.08163683554617612,-0.025529550946492847,0.10716638649266896,0.09383861425216895,0.058290271874838775,0.03554834237733018
substrate_only,77,0.1342344522451036,0.11531842500747377,0.018916027237629834,0.103759636822067,0.12069251974689077,-0.01693288292482377
substrate_only,78,0.12582915421100202,-0.14045582798139336,0.2662849821923954,0.20538720479584366,0.07152916936718354,0.13385803542866012
substrate_only,79,0.035754283363658525,-0.04164482716607322,0.07739911052973175,0.02674523611540218,0.02396405024885425,0.002781185866547929
substrate_only,80,0.23858494698139893,-0.10939302972596796,0.34797797670736685,0.1190769628967972,0.19376653824186757,-0.07468957534507037
substrate_only,81,-0.14058068240950178,0.18497495746880482,-0.3255556398783066,0.13781509093119748,0.08443882442286689,0.05337626650833059
substrate_only,82,0.1032501533031814,0.0,0.1032501533031814,0.18377553531452112,0.0,0.18377553531452112
substrate_only,83,0.24939012732987173,-0.16997338951015073,0.4193635168400225,0.09098759904208602,0.028438026141632537,0.06254957290045349
substrate_only,84,0.29036612620131597,0.20370084573198674,0.08666528046932923,0.14349563628540665,0.10724066362740593,0.03625497265800072
substrate_only,85,0.030635480622056455,-0.03649636261638518,0.06713184323844164,0.14650046533124078,0.02962470027840899,0.11687576505283179
substrate_only,86,0.1554225644066256,-0.008800081573434837,0.16422264598006045,0.13366992889555532,0.13385707513038383,-0.0001871462348285169
substrate_only,87,-0.07802429098096389,-0.08851142656591801,0.010487135584954121,0.05575272048366551,0.03608386190856232,0.01966885857510319
substrate_only,88,0.123092471010246,0.1632414751950236,-0.04014900418477761,0.13939301167626128,0.17604932125889647,-0.03665630958263519
substrate_only,89,0.05389213835668377,-0.09287101815210305,0.14676315650878682,0.10993786502579377,0.19101329173986606,-0.0810754267140723
substrate_only,90,0.32029434442527965,0.24732937749904965,0.07296496692623,0.2328981300671901,0.11145896446338567,0.12143916560380442
substrate_only,91,0.12616671298540733,-0.0396424042114869,0.16580911719689423,0.18475567404991106,0.02368411207211512,0.16107156197779593
substrate_only,92,-0.12067976634352975,-0.051287659403421726,-0.06939210694010803,0.0712275668882344,0.027267840478192404,0.04395972641004199
substrate_only,93,0.08969237697831205,-0.23697668297506394,0.326669059953376,0.07516790803777082,0.12512103160646906,-0.04995312356869824
substrate_only,94,0.2765297934926837,-0.16557796385940188,0.4421077573520856,0.14768170628005337,0.24581815532644927,-0.0981364490463959
substrate_only,95,0.21408752543540022,0.02841210032435149,0.18567542511104873,0.22299671910326113,0.027458845762937178,0.19553787334032396
substrate_only,96,0.2860751731730727,0.09360485855440134,0.19247031461867134,0.13737983554567945,0.10048095047028793,0.03689888507539152
substrate_only,97,0.25505950208735484,0.17348844472240513,0.08157105736494971,0.2037928315242752,0.10536533803008923,0.09842749349418596
substrate_only,98,0.22747410526948156,-0.06484108226484611,0.29231518753432767,0.07548075195953188,0.09369558285030573,-0.018214830890773845
substrate_only,99,0.09731387321163325,0.086766395742287,0.010547477469346242,0.04055020016552431,0.05343439372643472,-0.01288419356091041
substrate_ligand,0,0.12478710531191205,-0.12019231025155008,0.24497941556346214,0.04143594421614176,0.05729797944568478,-0.01586203522954302
substrate_ligand,1,0.44757852535182513,-0.11761570104162415,0.5651942263934493,0.07507528923796057,0.07685331865807773,-0.0017780294201171637
substrate_ligand,2,0.6705457480200826,0.0,0.6705457480200826,0.3405756288995527,0.0,0.3405756288995527
substrate_ligand,3,0.20355974705121957,0.0,0.20355974705121957,0.04400490768649665,0.0,0.04400490768649665
substrate_ligand,4,0.23944102330760023,0.18714653668174755,0.052294486625852676,0.18322405030380842,0.09864752834530856,0.08457652195849986
substrate_ligand,5,0.1876336471218066,0.13952340947406863,0.048110237647737975,0.10392459183350326,0.07112674835816132,0.03279784347534194
substrate_ligand,6,0.31420465367260436,0.0,0.31420465367260436,0.13348446339436662,0.0,0.13348446339436662
substrate_ligand,7,0.5359815271767325,0.07032154953301076,0.4656599776437218,0.343892896071717,0.045550938541441814,0.2983419575302752
substrate_ligand,8,0.5722381804288554,0.36788069495577774,0.2043574854730777,0.24818377677868006,0.10956643662096012,0.13861734015771993
substrate_ligand,9,0.45720215338257203,0.30664167516318797,0.15056047821938406,0.22110222590919862,0.17266617162719927,0.04843605428199935
substrate_ligand,10,0.4917131258416583,-0.09945062742149421,0.5911637532631525,0.20013633290829586,0.06763146814567315,0.1325048647626227
substrate_ligand,11,0.297979899772956,0.0,0.297979899772956,0.09440736007216824,0.0,0.09440736007216824
substrate_ligand,12,0.24673040320258596,0.0,0.24673040320258596,0.17400663125291288,0.0,0.17400663125291288
substrate_ligand,13,0.47972514783490544,0.3092406097827591,0.17048453805214636,0.12252909605208823,0.0924580908016022,0.030071005250486033
substrate_ligand,14,0.16143807507539654,0.0,0.16143807507539654,0.22107507983344052,0.0,0.22107507983344052
substrate_ligand,15,0.4217650227508916,0.12452937933582685,0.29723564341506475,0.24072877868589468,0.05747244313344465,0.18325633555245002
substrate_ligand,16,0.3513736729163511,0.4631352280461999,-0.11176155512984881,0.22727627750326423,0.20828900471801254,0.018987272785251696
substrate_ligand,17,0.19339365086172036,0.43482387635261555,-0.24143022549089518,0.13295715808905337,0.20583562449165857,-0.0728784664026052
substrate_ligand,18,0.10202982990325916,0.1997917122074856,-0.09776188230422643,0.12715240541284725,0.10341383671961964,0.023738568693227616
substrate_ligand,19,0.1465312842541349,0.18599975555888681,-0.03946847130475192,0.12801277743449116,0.08531333715537488,0.04269944027911628
substrate_ligand,20,0.13392471780156695,0.0,0.13392471780156695,0.22683133955346088,0.0,0.22683133955346088
substrate_ligand,21,0.25707935302128493,0.0,0.25707935302128493,0.07400260292841576,0.0,0.07400260292841576
substrate_ligand,22,0.5837062991077929,0.13933445121530424,0.4443718478924887,0.21353069135001776,0.0841871804045394,0.12934351094547836
substrate_ligand,23,0.35949788101242397,0.0,0.35949788101242397,0.10694017953011202,0.0,0.10694017953011202
substrate_ligand,24,0.32150659593637615,0.34248489803996,-0.020978302103583868,0.08458632167915145,0.18425241909864376,-0.09966609741949231
substrate_ligand,25,0.0,0.13681605833825955,-0.13681605833825955,0.0,0.07866945649447181,-0.07866945649447181
substrate_ligand,26,0.3104787635471832,0.0,0.3104787635471832,0.15140271912587575,0.0,0.15140271912587575
substrate_ligand,27,0.058136678467747276,0.10028666556213744,-0.04214998709439017,0.038017370579120684,0.0683662994371765,-0.03034892885805581
substrate_ligand,28,0.2591496487290713,-0.21926632992859316,0.4784159786576645,0.1246267436474815,0.1229210224113497,0.001705721236131802
substrate_ligand,29,0.1250818840569924,0.2540226904076365,-0.1289408063506441,0.050389844177650786,0.10555770964673762,-0.055167865469086835
substrate_ligand,30,0.25516346172846643,0.2297207923495217,0.025442669378944738,0.08919068514554133,0.0929362196455658,-0.003745534500024461
substrate_ligand,31,0.28296320873675807,0.19908089468034862,0.08388231405640945,0.10375904094749815,0.07027616883610141,0.033482872111396736
substrate_ligand,32,0.24831585054575184,0.20756594620359725,0.040749904342154586,0.13067186813857865,0.09838550965165546,0.03228635848692318
substrate_ligand,33,0.35710856533827645,0.25145629714994516,0.10565226818833129,0.1367097301758799,0.1301298100270741,0.00657992014880579
substrate_ligand,34,0.45966710196553184,0.0045077951980495926,0.45515930676748223,0.18808301138492914,0.12678945451004822,0.06129355687488092
substrate_ligand,35,0.19946969393191277,0.1110398627368159,0.08842983119509687,0.10141895612076726,0.06630711590301673,0.03511184021775053
substrate_ligand,36,0.1127695869590917,0.291216991092948,-0.17844740413385632,0.04606269188803829,0.1529221251275478,-0.1068594332395095
substrate_ligand,37,0.08327985025377574,0.10297619817200555,-0.019696347918229815,0.044538535850947206,0.11385524198088645,-0.06931670612993925
substrate_ligand,38,0.3194369192754302,-0.1214558851618787,0.44089280443730894,0.14241049834140074,0.14911372725589295,-0.00670322891449221
substrate_ligand,39,0.10094470146086311,0.0,0.10094470146086311,0.1218455484406172,0.0,0.1218455484406172
substrate_ligand,40,0.5215890437155966,0.0,0.5215890437155966,0.23534084899452443,0.0,0.23534084899452443
substrate_ligand,41,0.386736648055732,0.26094343143894655,0.12579321661678544,0.17370156529405253,0.08509255715987078,0.08860900813418175
substrate_ligand,42,0.0657309309616542,0.0,0.0657309309616542,0.04838290536458594,0.0,0.04838290536458594
substrate_ligand,43,0.0,0.26883139902256875,-0.26883139902256875,0.0,0.08094167772881461,-0.08094167772881461
substrate_ligand,44,0.31425723220873447,0.23548701454625826,0.07877021766247622,0.13579400626668017,0.07806350244533447,0.0577305038213457
substrate_ligand,45,0.39943130372067615,0.17461443701661467,0.22481686670406148,0.1593187096577066,0.07296298668520601,0.08635572297250058
substrate_ligand,46,0.0,0.0,0.0,0.0,0.0,0.0
substrate_ligand,47,0.0,0.1307372158100626,-0.1307372158100626,0.0,0.07886192414434504,-0.07886192414434504
substrate_ligand,48,0.4257716459379135,0.37832614374863904,0.04744550218927446,0.099727090367124,0.1615982721756132,-0.0618711818084892
substrate_ligand,49,0.4431945752107499,0.3876881195361906,0.05550645567455931,0.12320001923549065,0.15769686557131324,-0.03449684633582259
substrate_ligand,50,0.4146822009189749,0.0,0.4146822009189749,0.16617913702538362,0.0,0.16617913702538362
substrate_ligand,51,0.1477726986078479,0.1358247232510104,0.011947975356837504,0.07715702862418974,0.07564392317230183,0.0015131054518879167
substrate_ligand,52,0.2839310278060032,0.29623514097803433,-0.012304113172031117,0.10721797764368197,0.1397498493980908,-0.03253187175440882
substrate_ligand,53,-0.09540152597063105,0.0,-0.09540152597063105,0.05911918946388134,0.0,0.05911918946388134
substrate_ligand,54,0.0,0.4498458296972766,-0.4498458296972766,0.0,0.21195803296037719,-0.21195803296037719
substrate_ligand,55,0.25111799761463477,0.4685191278433748,-0.21740113022874002,0.11517139946225712,0.22718062252122187,-0.11200922305896475
substrate_ligand,56,0.24756940159475696,0.0,0.24756940159475696,0.07531328896105598,0.0,0.07531328896105598
substrate_ligand,57,0.34764345251807127,0.20577332979779886,0.1418701227202724,0.11156298614340593,0.07473439858815141,0.03682858755525452
substrate_ligand,58,0.16070922311697383,0.34878844169450474,-0.1880792185775309,0.0782450830579973,0.14050533608300567,-0.06226025302500837
substrate_ligand,59,0.0,0.19648510969192015,-0.19648510969192015,0.0,0.08777445876628928,-0.08777445876628928
substrate_ligand,60,0.0,0.0,0.0,0.0,0.0,0.0
substrate_ligand,61,0.14377082466541216,0.0,0.14377082466541216,0.06400163282854544,0.0,0.06400163282854544
substrate_ligand,62,0.19368024205792006,0.12768068093366688,0.06599956112425318,0.12568326472755173,0.0731270380110949,0.052556226716456836
substrate_ligand,63,0.5111984219866533,0.0,0.5111984219866533,0.18072981141531158,0.0,0.18072981141531158
substrate_ligand,64,0.3494826298511002,0.0,0.3494826298511002,0.1309411515877199,0.0,0.1309411515877199
substrate_ligand,65,0.46564518948634204,0.3527702509826587,0.11287493850368335,0.1543260952573011,0.15765126743935198,-0.0033251721820508895
substrate_ligand,66,0.11404203760629665,0.0,0.11404203760629665,0.04463756213761083,0.0,0.04463756213761083
substrate_ligand,67,0.03568233691068101,0.0,0.03568233691068101,0.11586367885210037,0.0,0.11586367885210037
substrate_ligand,68,0.23390724273692012,0.20552300171785443,0.028384241019065698,0.12640612990314024,0.21181657393432513,-0.08541044403118489
substrate_ligand,69,0.2906912467604879,0.0,0.2906912467604879,0.07248008345853942,0.0,0.07248008345853942
substrate_ligand,70,0.20206946193659525,0.16240351396045727,0.03966594797613798,0.08561653031933109,0.07976024071956954,0.005856289599761547
substrate_ligand,71,0.20426609138275403,0.14320454565438495,0.06106154572836908,0.09170133472136115,0.06498772207363981,0.026713612647721333
substrate_ligand,72,0.17012181848681954,0.1792708884347852,-0.00914906994796566,0.0750674317482585,0.2091878102234372,-0.1341203784751787
substrate_ligand,73,0.03559980940855436,0.23622462722900325,-0.2006248178204489,0.03797992130421092,0.11342436042362132,-0.0754444391194104
substrate_ligand,74,0.2665244595762648,0.08034108027158678,0.18618337930467804,0.10009895885559064,0.05052652190489784,0.0495724369506928
substrate_ligand,75,0.3345200528545717,0.0,0.3345200528545717,0.11469817509776851,0.0,0.11469817509776851
substrate_ligand,76,0.22869302793683574,0.2999416476417297,-0.07124861970489396,0.07794288676692777,0.17358003193339003,-0.09563714516646225
substrate_ligand,77,0.33865081579025036,0.17035632878500823,0.16829448700524213,0.0957335056606832,0.09066593076712784,0.00506757489355536
substrate_ligand,78,0.3293210279847905,0.0,0.3293210279847905,0.11619576441141329,0.0,0.11619576441141329
substrate_ligand,79,-0.1307422893026532,0.09334279362929174,-0.22408508293194493,0.07572445409834566,0.06375778016719294,0.011966673931152721
substrate_ligand,80,0.3861300166229994,0.0,0.3861300166229994,0.19910851397901413,0.0,0.19910851397901413
substrate_ligand,81,0.29357029221208386,0.1691444983911057,0.12442579382097815,0.10326529788501589,0.16550603482661636,-0.06224073694160047
substrate_ligand,82,-0.11210244454708983,0.0,-0.11210244454708983,0.1495273880659829,0.0,0.1495273880659829
substrate_ligand,83,0.33672626607244005,0.0,0.33672626607244005,0.10742639105631872,0.0,0.10742639105631872
substrate_ligand,84,0.3099247193977261,0.0,0.3099247193977261,0.2518949826762347,0.0,0.2518949826762347
substrate_ligand,85,-0.0012938103680961096,0.0,-0.0012938103680961096,0.08594113979498642,0.0,0.08594113979498642
substrate_ligand,86,0.40535696616481737,0.0,0.40535696616481737,0.16151713958655176,0.0,0.16151713958655176
substrate_ligand,87,0.1166795869660771,0.21607017880040594,-0.09939059183432884,0.04100420878602299,0.07142364935827937,-0.03041944057225638
substrate_ligand,88,0.09726943830995598,0.025440759712263356,0.07182867859769262,0.05508492312094304,0.11106317468844429,-0.05597825156750125
substrate_ligand,89,-0.18997144595373067,0.1477726596535669,-0.33774410560729756,0.09563545462920447,0.0825411163148536,0.013094338314350876
substrate_ligand,90,0.20738359769857917,0.32242811397892124,-0.11504451628034207,0.1219595472635054,0.1760432914296614,-0.05408374416615601
substrate_ligand,91,0.29073149522254643,0.39939229897881817,-0.10866080375627174,0.12219625448367963,0.1806937678298671,-0.05849751334618747
substrate_ligand,92,0.0,0.0,0.0,0.0,0.0,0.0
substrate_ligand,93,0.2584763914160655,0.18123847169813753,0.07723791971792796,0.11933457111899662,0.1599343452182723,-0.040599774099275676
substrate_ligand,94,0.3511297824109059,0.21973584523441717,0.13139393717648876,0.15009748610717313,0.08532015123580265,0.06477733487137048
substrate_ligand,95,0.25270883028623586,0.2720074333149906,-0.019298603028754746,0.11628994415049534,0.15918674143111294,-0.0428967972806176
substrate_ligand,96,0.0,0.0,0.0,0.0,0.0,0.0
substrate_ligand,97,0.30089044134574516,0.0,0.30089044134574516,0.10199951681437298,0.0,0.10199951681437298
substrate_ligand,98,0.0,0.0,0.0,0.0,0.0,0.0
substrate_ligand,99,0.3958474537644193,0.08794687304888815,0.30790058071553117,0.19129299211970469,0.141211132186091,0.05008185993361369
substrate_ligand_conditions,0,0.14861989762213593,-0.11757532992580101,0.26619522754793695,0.04916413041699821,0.06230815700202084,-0.01314402658502263
substrate_ligand_conditions,1,0.4509555786759189,0.0,0.4509555786759189,0.08181456361011236,0.0,0.08181456361011236
substrate_ligand_conditions,2,0.6931556495035165,0.0,0.6931556495035165,0.3576124923128162,0.0,0.3576124923128162
substrate_ligand_conditions,3,0.22729915465270867,-0.5091783411949551,0.7364774958476638,0.05412342478854427,0.15266920382501856,-0.0985457790364743
substrate_ligand_conditions,4,0.3250491157649604,0.18634061367472776,0.1387085020902326,0.13563087170196145,0.09818394491820359,0.037446926783757856
substrate_ligand_conditions,5,0.1933897399704402,0.12201981109147836,0.07136992887896185,0.10432829582230575,0.06628517258817912,0.03804312323412663
substrate_ligand_conditions,6,0.30763166939427367,0.0,0.30763166939427367,0.14812617448083223,0.0,0.14812617448083223
substrate_ligand_conditions,7,0.7060654751387924,0.07675381928712122,0.6293116558516711,0.3091024948437761,0.05244407361836175,0.2566584212254144
substrate_ligand_conditions,8,0.6494499533136301,0.3918017952052115,0.25764815810841857,0.33018293931777065,0.11735213882538505,0.21283080049238562
substrate_ligand_conditions,9,0.45017214103376585,0.308278049048486,0.14189409198527986,0.1281133778710138,0.17718177885956451,-0.049068400988550726
substrate_ligand_conditions,10,0.4894998750860153,-0.14935366532255434,0.6388535404085696,0.18767923743455922,0.07196087208951135,0.11571836534504787
substrate_ligand_conditions,11,0.3911077543698594,0.0,0.3911077543698594,0.11906040766672434,0.0,0.11906040766672434
substrate_ligand_conditions,12,0.34450695813044657,0.0,0.34450695813044657,0.09837884747774987,0.0,0.09837884747774987
substrate_ligand_conditions,13,0.47942422639804483,0.1516525672578712,0.3277716591401736,0.1262545014173937,0.13134291572661383,-0.005088414309220135
substrate_ligand_conditions,14,0.2677873099882584,0.0,0.2677873099882584,0.15018900050419468,0.0,0.15018900050419468
substrate_ligand_conditions,15,0.5750591619764459,0.12608310156733082,0.4489760604091151,0.29977544953497304,0.05574395205808143,0.24403149747689162
substrate_ligand_conditions,16,0.2589422203672091,0.4845632995721049,-0.22562107920489582,0.17444839572797924,0.2210696797153215,-0.04662128398734225
substrate_ligand_conditions,17,0.19014773336062393,0.5031796289361431,-0.31303189557551914,0.1265104495209981,0.251552788682595,-0.1250423391615969
substrate_ligand_conditions,18,0.07779198252940304,0.45987684493137804,-0.382084862401975,0.11451884896328073,0.18880187663171386,-0.07428302766843313
substrate_ligand_conditions,19,0.1572588709134683,0.0,0.1572588709134683,0.13277866034069824,0.0,0.13277866034069824
substrate_ligand_conditions,20,0.3036529828059511,0.0,0.3036529828059511,0.10500373628280525,0.0,0.10500373628280525
substrate_ligand_conditions,21,0.2678691020255209,0.0,0.2678691020255209,0.07492871896718867,0.0,0.07492871896718867
substrate_ligand_conditions,22,0.6237100414225435,0.27994966172386826,0.34376037969867523,0.23059278956257798,0.15193203522689086,0.07866075433568712
substrate_ligand_conditions,23,0.39207552470300583,0.0,0.39207552470300583,0.10901833308255277,0.0,0.10901833308255277
substrate_ligand_conditions,24,0.34787043353283326,0.33043432026542585,0.017436113267407405,0.09028392080405563,0.1851906864365532,-0.09490676563249757
substrate_ligand_conditions,25,0.0,0.1480759871202903,-0.1480759871202903,0.0,0.07118829758619145,-0.07118829758619145
substrate_ligand_conditions,26,0.312811603303059,0.09281911094790461,0.2199924923551544,0.1602326717264373,0.04922481319953881,0.11100785852689848
substrate_ligand_conditions,27,0.058122208122112086,0.2083760243441254,-0.1502538162220133,0.03801798513355462,0.13700804984901724,-0.09899006471546262
substrate_ligand_conditions,28,0.2620605414014391,-0.17493391634166247,0.4369944577431015,0.12575311614797632,0.0879412071369682,0.03781190901100813
substrate_ligand_conditions,29,0.15954280622985223,0.3024150551526662,-0.14287224892281397,0.06401973011656835,0.12609023189288276,-0.062070501776314416
substrate_ligand_conditions,30,0.3188142394945542,0.16046045200384917,0.158353787490705,0.11221501284401615,0.06810466682603214,0.04411034601798401
substrate_ligand_conditions,31,0.2526542999499513,0.18223044001664934,0.07042385993330197,0.08928544716034549,0.06636234131724408,0.022923105843101407
substrate_ligand_conditions,32,0.18045024466774082,0.20338691668811051,-0.022936672020369697,0.18962287499297723,0.09426977365059118,0.09535310134238605
substrate_ligand_conditions,33,0.38063515073217125,0.3663343299678898,0.014300820764281463,0.13978708609749804,0.2286730234890823,-0.08888593739158426
substrate_ligand_conditions,34,0.49522197404397134,0.16973845987831535,0.325483514165656,0.20805098747555023,0.0636656077662889,0.14438537970926132
substrate_ligand_conditions,35,0.20694961121229866,0.0,0.20694961121229866,0.10918350017167883,0.0,0.10918350017167883
substrate_ligand_conditions,36,0.12502779551984164,0.15642892117884363,-0.031401125659001994,0.05303669964981452,0.09029868639300766,-0.037261986743193136
substrate_ligand_conditions,37,0.0,0.107871182871124,-0.107871182871124,0.0,0.10697886236492592,-0.10697886236492592
substrate_ligand_conditions,38,0.324033989912613,-0.014199822327752845,0.33823381224036586,0.14338550579855558,0.28858548356492403,-0.14519997776636845
substrate_ligand_conditions,39,0.15785924520231837,0.0,0.15785924520231837,0.0783734855738996,0.0,0.0783734855738996
substrate_ligand_conditions,40,0.5811020222096435,0.0,0.5811020222096435,0.2612420866611681,0.0,0.2612420866611681
substrate_ligand_conditions,41,0.4198508066276084,0.2850937767344637,0.1347570298931447,0.14526689399771173,0.11624931616166179,0.02901757783604994
substrate_ligand_conditions,42,0.05880251620207214,0.0,0.05880251620207214,0.05865584600307253,0.0,0.05865584600307253
substrate_ligand_conditions,43,0.0,0.30585200205963603,-0.30585200205963603,0.0,0.09110365813131849,-0.09110365813131849
substrate_ligand_conditions,44,0.34150776015956913,0.3855229261147313,-0.044015165955162194,0.16036791787570862,0.1322174091094972,0.02815050876621142
substrate_ligand_conditions,45,0.41663374835711986,0.18308900044651774,0.23354474791060212,0.1654715969103047,0.07797635060032461,0.08749524630998008
substrate_ligand_conditions,46,0.0,0.0,0.0,0.0,0.0,0.0
substrate_ligand_conditions,47,0.0,0.13734169640461102,-0.13734169640461102,0.0,0.08213762482780633,-0.08213762482780633
substrate_ligand_conditions,48,0.4081975854249818,0.366057614064044,0.04213997136093778,0.09891154767397203,0.1660735998690964,-0.06716205219512436
substrate_ligand_conditions,49,0.437599948263715,0.2652965490522396,0.17230339921147542,0.12464165138852158,0.11730625689655304,0.007335394491968544
substrate_ligand_conditions,50,0.5094348043244231,0.0,0.5094348043244231,0.20382673953113895,0.0,0.20382673953113895
substrate_ligand_conditions,51,0.14789800722665752,0.13409825036116743,0.013799756865490093,0.0744387166027121,0.07424750868183833,0.0001912079208737788
substrate_ligand_conditions,52,0.0,0.3941587737312346,-0.3941587737312346,0.0,0.17720676032142332,-0.17720676032142332
substrate_ligand_conditions,53,0.0,0.24278683012612204,-0.24278683012612204,0.0,0.11723591449923727,-0.11723591449923727
substrate_ligand_conditions,54,0.39888346922681905,0.4631989404993367,-0.06431547127251763,0.12087286311853382,0.22057992022185913,-0.09970705710332531
substrate_ligand_conditions,55,0.2554327617543217,0.4367011478635617,-0.18126838610923995,0.1150816545273276,0.22872084485396152,-0.11363919032663392
substrate_ligand_conditions,56,0.2717006304410595,0.0,0.2717006304410595,0.07538463503934299,0.0,0.07538463503934299
substrate_ligand_conditions,57,0.36273066173344987,0.1976221312964619,0.16510853043698798,0.1159866044906897,0.06722845529704942,0.048758149193640285
substrate_ligand_conditions,58,0.23232338183585177,0.3077855891558251,-0.07546220731997333,0.12614954263570607,0.0953559549117778,0.030793587723928276
substrate_ligand_conditions,59,0.0,0.20232727624251587,-0.20232727624251587,0.0,0.08520746041349699,-0.08520746041349699
substrate_ligand_conditions,60,0.0,0.0,0.0,0.0,0.0,0.0
substrate_ligand_conditions,61,0.13658291051391647,-0.09751791113126905,0.23410082164518553,0.0584063174715272,0.057970389267572,0.0004359282039551951
substrate_ligand_conditions,62,0.20857955697525113,0.12757687891656982,0.0810026780586813,0.120254397913902,0.0731451177491973,0.0471092801647047
substrate_ligand_conditions,63,0.4719203349210757,0.0,0.4719203349210757,0.18560641805343642,0.0,0.18560641805343642
substrate_ligand_conditions,64,0.38036206074086487,0.0,0.38036206074086487,0.14984248361186073,0.0,0.14984248361186073
substrate_ligand_conditions,65,0.45503345141178364,0.3524327853750117,0.10260066603677193,0.1652294764900091,0.1594109731933834,0.005818503296625699
substrate_ligand_conditions,66,0.1829278020857275,0.0,0.1829278020857275,0.07638088202574188,0.0,0.07638088202574188
substrate_ligand_conditions,67,0.27878260778999714,0.0,0.27878260778999714,0.11469046445731379,0.0,0.11469046445731379
substrate_ligand_conditions,68,0.2115088760438567,0.23543508862452192,-0.023926212580665213,0.10905756108625489,0.22594463133906478,-0.1168870702528099
substrate_ligand_conditions,69,0.2769901373855074,0.0,0.2769901373855074,0.08819635552176475,0.0,0.08819635552176475
substrate_ligand_conditions,70,0.13114694575451283,-0.04832909776042652,0.17947604351493934,0.04965235978401879,0.04116639135356681,0.008485968430451976
substrate_ligand_conditions,71,0.21371667774871184,0.20902150950003728,0.004695168248674553,0.10216188606947725,0.11267436174088981,-0.010512475671412558
substrate_ligand_conditions,72,0.09056430651453691,0.25275136028619477,-0.16218705377165787,0.04140260559920012,0.11580491278823694,-0.07440230718903681
substrate_ligand_conditions,73,0.03179877417835183,0.3100189750776859,-0.2782202008993341,0.037304681126006566,0.1782640761313282,-0.14095939500532162
substrate_ligand_conditions,74,0.20617736538952383,0.26795133293890366,-0.06177396754937983,0.07542403190170309,0.1276204831166653,-0.052196451214962206
substrate_ligand_conditions,75,0.3780582978604816,0.11873418695809936,0.2593241109023823,0.16186698753278933,0.12780453024747776,0.03406245728531157
substrate_ligand_conditions,76,0.2389023806335529,0.31376029906218705,-0.07485791842863415,0.08554351741791544,0.18285152541027033,-0.0973080079923549
substrate_ligand_conditions,77,0.2998790426388443,0.2652858476518443,0.034593194986999976,0.07426139380967238,0.10137191712823727,-0.027110523318564894
substrate_ligand_conditions,78,0.28293964410492434,0.0,0.28293964410492434,0.1407929639347028,0.0,0.1407929639347028
substrate_ligand_conditions,79,-0.11626892277823556,0.08884391713123807,-0.20511283990947363,0.07969219552154587,0.07267231190105446,0.007019883620491413
substrate_ligand_conditions,80,0.7245370016362136,0.0,0.7245370016362136,0.42931014974033666,0.0,0.42931014974033666
substrate_ligand_conditions,81,0.3038754971790959,0.19678874587564812,0.10708675130344777,0.08764673027285616,0.1823690161502074,-0.09472228587735124
substrate_ligand_conditions,82,-0.07998266537096949,0.0,-0.07998266537096949,0.16596622517273174,0.0,0.16596622517273174
substrate_ligand_conditions,83,0.19940712269279093,0.0,0.19940712269279093,0.09881108911972862,0.0,0.09881108911972862
substrate_ligand_conditions,84,0.25043807805028484,0.0,0.25043807805028484,0.10683313411000075,0.0,0.10683313411000075
substrate_ligand_conditions,85,-0.06323479563825067,0.0,-0.06323479563825067,0.03569576929434218,0.0,0.03569576929434218
substrate_ligand_conditions,86,0.40237499125011816,0.0,0.40237499125011816,0.15725138406319117,0.0,0.15725138406319117
substrate_ligand_conditions,87,0.0,0.20965844587469754,-0.20965844587469754,0.0,0.07117159539548029,-0.07117159539548029
substrate_ligand_conditions,88,0.25974117983735845,0.028230983477824455,0.231510196359534,0.10790972196699611,0.11299256958730809,-0.005082847620311984
substrate_ligand_conditions,89,-0.06703651194333221,0.14381988494159806,-0.21085639688493027,0.04230363428364456,0.08015685813851474,-0.03785322385487018
substrate_ligand_conditions,90,0.14109173513346596,0.32302006411164796,-0.181928328978182,0.06983197585455225,0.16695427098307414,-0.09712229512852188
substrate_ligand_conditions,91,0.2863177542556907,0.402209298448222,-0.11589154419253128,0.13801018171253102,0.1830915316935503,-0.045081349981019286
substrate_ligand_conditions,92,0.0,0.0,0.0,0.0,0.0,0.0
substrate_ligand_conditions,93,0.18947828865859775,0.18017542898960698,0.009302859668990776,0.16763957041225128,0.15946471569600104,0.008174854716250235
substrate_ligand_conditions,94,0.4023068757779871,0.129656521070325,0.27265035470766213,0.13649403840352764,0.15562355733453928,-0.01912951893101164
substrate_ligand_conditions,95,0.4327471186931618,0.3771665197464471,0.05558059894671469,0.10251748853291164,0.21684355509683653,-0.1143260665639249
substrate_ligand_conditions,96,0.0,0.0,0.0,0.0,0.0,0.0
substrate_ligand_conditions,97,0.2695817896005269,0.0,0.2695817896005269,0.07770960034344514,0.0,0.07770960034344514
substrate_ligand_conditions,98,0.0,0.0,0.0,0.0,0.0,0.0
substrate_ligand_conditions,99,0.428891933711904,0.15206755703415553,0.27682437667774845,0.14172625532988298,0.1746723592447248,-0.03294610391484182
