model,source_rule_id,source_label,source_family,method_label,R2,MAE,RMSE,n_test_total,n_source_mean,aligned_overlap_rate_mean,mismatched_overlap_rate_mean,baseline_R2,baseline_MAE,baseline_RMSE,delta_R2_vs_target_only,delta_MAE_vs_target_only,delta_RMSE_vs_target_only
DecisionTreeRegressor,mechanism_aligned,Mechanism aligned,Mechanistic,Delta learning,0.6192199078257417,0.38960174445965334,0.5835794245012973,98,495.0,1.0,0.0,0.2828650306159145,0.4709922689795918,0.800872357881609,0.33635487720982715,0.08139052451993845,0.21729293338031175
ExtraTreeRegressor,mechanism_aligned,Mechanism aligned,Mechanistic,Mixed transfer,0.4594626104133467,0.4099292322440029,0.695305594936573,98,495.0,1.0,0.0,0.2400777992545129,0.4543543119047619,0.8244179142799737,0.2193848111588338,0.04442507966075898,0.12911231934340073
ExtraTreesRegressor,mechanism_aligned,Mechanism aligned,Mechanistic,Mixed transfer,0.640186249107388,0.35048708630859765,0.5672855644983353,98,495.0,1.0,0.0,0.34992680661403497,0.4443286685733846,0.7625072597670306,0.290259442493353,0.09384158226478695,0.19522169526869526
GaussianProcessRegressor,mechanism_aligned,Mechanism aligned,Mechanistic,Mixed transfer,0.07449463189702044,0.6935875840891705,0.9098133919311591,98,495.0,1.0,0.0,0.05897779110047752,0.701874007580561,0.9174085655683496,0.015516840796542919,0.008286423491390416,0.007595173637190533
GradientBoostingRegressor,mechanism_aligned,Mechanism aligned,Mechanistic,Mixed transfer,0.5896364853893814,0.428907454905811,0.6058250466591515,98,495.0,1.0,0.0,0.4676061498638131,0.43277005096303683,0.6900481075066148,0.1220303355255683,0.003862596057225831,0.08422306084746334
HistGradientBoostingRegressor,mechanism_aligned,Mechanism aligned,Mechanistic,Mixed transfer,0.6320182522022837,0.41371049754806466,0.5736883002170292,98,495.0,1.0,0.0,0.4821094447689347,0.46537624366223984,0.6805841794972478,0.149908807433349,0.05166574611417518,0.1068958792802186
KNeighborsRegressor,mechanism_aligned,Mechanism aligned,Mechanistic,Delta learning,0.4613266921079352,0.5083720615171549,0.6941056540847218,98,495.0,1.0,0.0,0.41704027198985505,0.5019394534285714,0.7220747041989923,0.04428642011808015,-0.00643260808858348,0.027969050114270533
LinearSVR,mechanism_aligned,Mechanism aligned,Mechanistic,Delta learning,0.14144255549841167,0.5914011540426086,0.8762893494008426,98,495.0,1.0,0.0,0.3143748711827643,0.5217748926345622,0.7830801535701175,-0.17293231568435263,-0.0696262614080464,-0.09320919583072507
RandomForestRegressor,mechanism_aligned,Mechanism aligned,Mechanistic,Mixed transfer,0.6147916452430007,0.4199666828911139,0.5869629692628224,98,495.0,1.0,0.0,0.380214240536239,0.4711273965007531,0.7445324839688326,0.2345774047067617,0.0511607136096392,0.15756951470601022
SVR,mechanism_aligned,Mechanism aligned,Mechanistic,Delta learning,0.5038516319860892,0.4406330352759258,0.6661447931813161,98,495.0,1.0,0.0,0.4950429517585717,0.45211686394765643,0.6720321857906114,0.008808680227517462,0.011483828671730645,0.005887392609295272
DecisionTreeRegressor,substrate_similar,Substrate similar,Similarity,Mixed transfer,0.4796309582394628,0.44047554090094015,0.6822107831805408,98,495.0,0.31723356009070297,0.6827664399092972,0.2828650306159145,0.4709922689795918,0.800872357881609,0.19676592762354828,0.030516728078651634,0.1186615747010682
ExtraTreeRegressor,substrate_similar,Substrate similar,Similarity,Mixed transfer,0.28467121627052283,0.4917025397194474,0.7998631781711576,98,495.0,0.31723356009070297,0.6827664399092972,0.2400777992545129,0.4543543119047619,0.8244179142799737,0.04459341701600994,-0.0373482278146855,0.02455473610881609
ExtraTreesRegressor,substrate_similar,Substrate similar,Similarity,Mixed transfer,0.3449049356166294,0.47498796639297236,0.7654468105050731,98,495.0,0.31723356009070297,0.6827664399092972,0.34992680661403497,0.4443286685733846,0.7625072597670306,-0.005021870997405586,-0.03065929781958776,-0.002939550738042529
GaussianProcessRegressor,substrate_similar,Substrate similar,Similarity,Mixed transfer,0.07785878129850132,0.6899208808216514,0.9081583314889033,98,495.0,0.31723356009070297,0.6827664399092972,0.05897779110047752,0.701874007580561,0.9174085655683496,0.018880990198023806,0.011953126758909582,0.009250234079446251
GradientBoostingRegressor,substrate_similar,Substrate similar,Similarity,Mixed transfer,0.41801124032114,0.46229506056376923,0.7214731155983115,98,495.0,0.31723356009070297,0.6827664399092972,0.4676061498638131,0.43277005096303683,0.6900481075066148,-0.049594909542673093,-0.0295250096007324,-0.03142500809169668
HistGradientBoostingRegressor,substrate_similar,Substrate similar,Similarity,Mixed transfer,0.5200758270300776,0.45616047258147957,0.6551627039623439,98,495.0,0.31723356009070297,0.6827664399092972,0.4821094447689347,0.46537624366223984,0.6805841794972478,0.037966382261142906,0.009215771080760271,0.025421475534903926
KNeighborsRegressor,substrate_similar,Substrate similar,Similarity,Mixed transfer,0.2530480629710101,0.5652651171275627,0.8173521003742673,98,495.0,0.31723356009070297,0.6827664399092972,0.41704027198985505,0.5019394534285714,0.7220747041989923,-0.16399220901884493,-0.06332566369899129,-0.09527739617527498
LinearSVR,substrate_similar,Substrate similar,Similarity,Mixed transfer,0.3831813270336296,0.4971368414205238,0.742748204096075,98,495.0,0.31723356009070297,0.6827664399092972,0.3143748711827643,0.5217748926345622,0.7830801535701175,0.06880645585086531,0.024638051214038448,0.040331949474042506
RandomForestRegressor,substrate_similar,Substrate similar,Similarity,Mixed transfer,0.5146246108955623,0.4670703709409609,0.6588730288081064,98,495.0,0.31723356009070297,0.6827664399092972,0.380214240536239,0.4711273965007531,0.7445324839688326,0.13441037035932335,0.0040570255597922045,0.08565945516072626
SVR,substrate_similar,Substrate similar,Similarity,Mixed transfer,0.536197971597924,0.4329422834138251,0.6440642239027681,98,495.0,0.31723356009070297,0.6827664399092972,0.4950429517585717,0.45211686394765643,0.6720321857906114,0.041155019839352325,0.01917458053383131,0.02796796188784334
DecisionTreeRegressor,ligand_similar,Ligand similar,Similarity,Mixed transfer,0.3491572309599038,0.4524533687607875,0.7629584654636177,98,495.0,0.6389404246547103,0.3610595753452896,0.2828650306159145,0.4709922689795918,0.800872357881609,0.0662922003439893,0.018538900218804277,0.03791389241799137
ExtraTreeRegressor,ligand_similar,Ligand similar,Similarity,Delta learning,0.5432344952964929,0.4010733880437967,0.6391598750364389,98,495.0,0.6389404246547103,0.3610595753452896,0.2400777992545129,0.4543543119047619,0.8244179142799737,0.30315669604198003,0.05328092386096517,0.1852580392435348
ExtraTreesRegressor,ligand_similar,Ligand similar,Similarity,Delta learning,0.31206133261523994,0.4318477239112343,0.7844002338285438,98,495.0,0.6389404246547103,0.3610595753452896,0.34992680661403497,0.4443286685733846,0.7625072597670306,-0.03786547399879503,0.012480944662150273,-0.02189297406151325
GaussianProcessRegressor,ligand_similar,Ligand similar,Similarity,Delta learning,0.058977791101333166,0.7018740075795595,0.9174085655679325,98,495.0,0.6389404246547103,0.3610595753452896,0.05897779110047752,0.701874007580561,0.9174085655683496,8.556488850786081e-13,1.0014211682118912e-12,4.171107903516713e-13
GradientBoostingRegressor,ligand_similar,Ligand similar,Similarity,Delta learning,0.5338641794514873,0.4218348159525959,0.6456826147370149,98,495.0,0.6389404246547103,0.3610595753452896,0.4676061498638131,0.43277005096303683,0.6900481075066148,0.06625802958767424,0.010935235010440914,0.04436549276959989
HistGradientBoostingRegressor,ligand_similar,Ligand similar,Similarity,Mixed transfer,0.4712069758553866,0.4646861534231993,0.687710591027487,98,495.0,0.6389404246547103,0.3610595753452896,0.4821094447689347,0.46537624366223984,0.6805841794972478,-0.010902468913548069,0.0006900902390405417,-0.007126411530239185
KNeighborsRegressor,ligand_similar,Ligand similar,Similarity,Mixed transfer,0.3295722239689687,0.5366845081273038,0.7743527651845568,98,495.0,0.6389404246547103,0.3610595753452896,0.41704027198985505,0.5019394534285714,0.7220747041989923,-0.08746804802088637,-0.03474505469873246,-0.05227806098556442
LinearSVR,ligand_similar,Ligand similar,Similarity,Mixed transfer,-0.02895163656361821,0.6220811079495544,0.9593130119291733,98,495.0,0.6389404246547103,0.3610595753452896,0.3143748711827643,0.5217748926345622,0.7830801535701175,-0.3433265077463825,-0.10030621531499218,-0.17623285835905578
RandomForestRegressor,ligand_similar,Ligand similar,Similarity,Mixed transfer,0.47780549280379725,0.4566477121065975,0.6834063404061046,98,495.0,0.6389404246547103,0.3610595753452896,0.380214240536239,0.4711273965007531,0.7445324839688326,0.09759125226755827,0.01447968439415559,0.06112614356272805
SVR,ligand_similar,Ligand similar,Similarity,Mixed transfer,0.5243822073296365,0.4326129922957668,0.6522166787702065,98,495.0,0.6389404246547103,0.3610595753452896,0.4950429517585717,0.45211686394765643,0.6720321857906114,0.02933925557106476,0.01950387165188966,0.01981550702040491
DecisionTreeRegressor,reaction_representation_similar,Reaction-representation similar,Similarity,Mixed transfer,0.5030549885197051,0.4330015323373267,0.6666793782771238,98,495.0,0.13823953823953822,0.8617604617604617,0.2828650306159145,0.4709922689795918,0.800872357881609,0.2201899579037906,0.0379907366422651,0.13419297960448529
ExtraTreeRegressor,reaction_representation_similar,Reaction-representation similar,Similarity,Mixed transfer,0.4536703155364812,0.45944764062756827,0.6990210485617343,98,495.0,0.13823953823953822,0.8617604617604617,0.2400777992545129,0.4543543119047619,0.8244179142799737,0.2135925162819683,-0.005093328722806378,0.12539686571823938
ExtraTreesRegressor,reaction_representation_similar,Reaction-representation similar,Similarity,Mixed transfer,0.4514416431013175,0.4465807532160767,0.7004453747734303,98,495.0,0.13823953823953822,0.8617604617604617,0.34992680661403497,0.4443286685733846,0.7625072597670306,0.10151483648728254,-0.0022520846426921093,0.062061884993600325
GaussianProcessRegressor,reaction_representation_similar,Reaction-representation similar,Similarity,Mixed transfer,0.09145548327810438,0.682314219074867,0.9014382037153638,98,495.0,0.13823953823953822,0.8617604617604617,0.05897779110047752,0.701874007580561,0.9174085655683496,0.03247769217762686,0.019559788505693954,0.015970361852985837
GradientBoostingRegressor,reaction_representation_similar,Reaction-representation similar,Similarity,Mixed transfer,0.47516684153702626,0.47188677593743455,0.6851307924388665,98,495.0,0.13823953823953822,0.8617604617604617,0.4676061498638131,0.43277005096303683,0.6900481075066148,0.00756069167321316,-0.03911672497439772,0.004917315067748285
HistGradientBoostingRegressor,reaction_representation_similar,Reaction-representation similar,Similarity,Mixed transfer,0.5351400574604175,0.451326720251257,0.6447983480626978,98,495.0,0.13823953823953822,0.8617604617604617,0.4821094447689347,0.46537624366223984,0.6805841794972478,0.05303061269148279,0.014049523410982867,0.03578583143455005
KNeighborsRegressor,reaction_representation_similar,Reaction-representation similar,Similarity,Mixed transfer,0.41538454576379935,0.5120193740624053,0.7230993978981295,98,495.0,0.13823953823953822,0.8617604617604617,0.41704027198985505,0.5019394534285714,0.7220747041989923,-0.0016557262260556982,-0.010079920633833894,-0.001024693699137158
LinearSVR,reaction_representation_similar,Reaction-representation similar,Similarity,Delta learning,0.1774399459570355,0.5634916835807102,0.857722221210799,98,495.0,0.13823953823953822,0.8617604617604617,0.3143748711827643,0.5217748926345622,0.7830801535701175,-0.1369349252257288,-0.041716790946148,-0.07464206764068149
RandomForestRegressor,reaction_representation_similar,Reaction-representation similar,Similarity,Mixed transfer,0.5605120928979712,0.44797387870690436,0.6269549258001029,98,495.0,0.13823953823953822,0.8617604617604617,0.380214240536239,0.4711273965007531,0.7445324839688326,0.18029785236173224,0.02315351779384872,0.11757755816872972
SVR,reaction_representation_similar,Reaction-representation similar,Similarity,Mixed transfer,0.5247654135311419,0.4456864860322945,0.6519538796874682,98,495.0,0.13823953823953822,0.8617604617604617,0.4950429517585717,0.45211686394765643,0.6720321857906114,0.029722461772570208,0.00643037791536194,0.020078306103143206
