repeat_id,model,size_matched_outer_method,size_matched_outer_R2,size_matched_outer_MAE,size_matched_outer_RMSE,n_source_mean,aligned_method,aligned_R2,aligned_MAE,aligned_RMSE,delta_R2_aligned_minus_size_matched_outer
37,DecisionTreeRegressor,Mixed transfer,0.40618564317751227,0.46730182569044265,0.7287661644768052,495.0,Delta learning,0.6192199078257417,0.38960174445965334,0.5835794245012973,0.2130342646482294
37,ExtraTreeRegressor,Mixed transfer,0.4632856200049772,0.4425404264533666,0.6928424196447909,495.0,Mixed transfer,0.4594626104133467,0.4099292322440029,0.695305594936573,-0.0038230095916305107
37,ExtraTreesRegressor,Mixed transfer,0.49490555820384885,0.4248474607530482,0.6721236060523595,495.0,Mixed transfer,0.640186249107388,0.3504870863085976,0.5672855644983352,0.14528069090353912
37,GaussianProcessRegressor,Mixed transfer,0.09890122634053355,0.6769727681242584,0.8977368521953649,495.0,Mixed transfer,0.0744946318970201,0.6935875840891705,0.9098133919311592,-0.024406594443513452
37,GradientBoostingRegressor,Mixed transfer,0.4171047638243024,0.47903221869483015,0.7220347621514993,495.0,Mixed transfer,0.5896364853893812,0.428907454905811,0.6058250466591516,0.1725317215650788
37,HistGradientBoostingRegressor,Mixed transfer,0.5156944299192763,0.4513002960780361,0.6581465151140423,495.0,Mixed transfer,0.6320182522022837,0.41371049754806466,0.5736883002170292,0.11632382228300742
37,KNeighborsRegressor,Delta learning,0.3496471132396344,0.5632264943894264,0.7626712761393246,495.0,Delta learning,0.4613266921079352,0.5083720615171549,0.6941056540847218,0.11167957886830082
37,LinearSVR,Mixed transfer,-0.9676520427093533,0.6860983192021458,1.3265908712693788,495.0,Delta learning,0.1414425554984119,0.5914011540426085,0.8762893494008425,1.1090945982077653
37,RandomForestRegressor,Mixed transfer,0.5192080284273173,0.45798273211813667,0.6557547688452696,495.0,Mixed transfer,0.6147916452430006,0.41996668289111405,0.5869629692628224,0.09558361681568328
37,SVR,Mixed transfer,0.5640225968480782,0.4176635839446729,0.6244459369916825,495.0,Delta learning,0.5038516319860892,0.44063303527592595,0.6661447931813161,-0.06017096486198903
38,DecisionTreeRegressor,Mixed transfer,0.5366108729776696,0.4366689847800698,0.6437774698523773,495.0,Delta learning,0.6192199078257417,0.38960174445965334,0.5835794245012973,0.08260903484807203
38,ExtraTreeRegressor,Mixed transfer,0.25719748637647455,0.48660401282050836,0.8150786855690774,495.0,Mixed transfer,0.4594626104133467,0.4099292322440029,0.695305594936573,0.20226512403687213
38,ExtraTreesRegressor,Delta learning,0.3685942013544581,0.4426405205120758,0.751479498837919,495.0,Mixed transfer,0.640186249107388,0.3504870863085976,0.5672855644983352,0.2715920477529299
38,GaussianProcessRegressor,Mixed transfer,0.08500320399048311,0.6889785607549478,0.9046334467007558,495.0,Mixed transfer,0.0744946318970201,0.6935875840891705,0.9098133919311592,-0.010508572093463009
38,GradientBoostingRegressor,Delta learning,0.4740612638649515,0.45927041994163076,0.6858520376648972,495.0,Mixed transfer,0.5896364853893812,0.428907454905811,0.6058250466591516,0.11557522152442967
38,HistGradientBoostingRegressor,Mixed transfer,0.5485853304297094,0.4428123844004379,0.6354050880652785,495.0,Mixed transfer,0.6320182522022837,0.41371049754806466,0.5736883002170292,0.08343292177257433
38,KNeighborsRegressor,Mixed transfer,0.30217886282331907,0.5404595303107206,0.7900142302655496,495.0,Delta learning,0.4613266921079352,0.5083720615171549,0.6941056540847218,0.15914782928461613
38,LinearSVR,Delta learning,-1.302025941466638,0.84005483709223,1.4348878584541271,495.0,Delta learning,0.1414425554984119,0.5914011540426085,0.8762893494008425,1.4434684969650498
38,RandomForestRegressor,Mixed transfer,0.5361100793388507,0.4547216482331879,0.6441252473292997,495.0,Mixed transfer,0.6147916452430006,0.41996668289111405,0.5869629692628224,0.07868156590414987
38,SVR,Mixed transfer,0.5643438369327529,0.4194946924615425,0.6242158401687791,495.0,Delta learning,0.5038516319860892,0.44063303527592595,0.6661447931813161,-0.06049220494666374
39,DecisionTreeRegressor,Mixed transfer,0.19726586644155664,0.5217609617909493,0.8473224615348578,495.0,Delta learning,0.6192199078257417,0.38960174445965334,0.5835794245012973,0.421954041384185
39,ExtraTreeRegressor,Delta learning,0.29980551651506404,0.4993906198131435,0.7913565411564424,495.0,Mixed transfer,0.4594626104133467,0.4099292322440029,0.695305594936573,0.15965709389828264
39,ExtraTreesRegressor,Delta learning,0.5821901417541262,0.405823830565056,0.6112969030122064,495.0,Mixed transfer,0.640186249107388,0.3504870863085976,0.5672855644983352,0.05799610735326177
39,GaussianProcessRegressor,Mixed transfer,0.09090488508131223,0.6866739898223243,0.9017113081512687,495.0,Mixed transfer,0.0744946318970201,0.6935875840891705,0.9098133919311592,-0.016410253184292123
39,GradientBoostingRegressor,Delta learning,0.45308661492376046,0.444334751009932,0.6993943671840626,495.0,Mixed transfer,0.5896364853893812,0.428907454905811,0.6058250466591516,0.13654987046562073
39,HistGradientBoostingRegressor,Delta learning,0.5467298093918138,0.44769954837901826,0.636709651813802,495.0,Mixed transfer,0.6320182522022837,0.41371049754806466,0.5736883002170292,0.08528844281046988
39,KNeighborsRegressor,Delta learning,0.36120807441230973,0.5873412518449943,0.7558620883404692,495.0,Delta learning,0.4613266921079352,0.5083720615171549,0.6941056540847218,0.10011861769562547
39,LinearSVR,Delta learning,-0.6159625379811458,0.7386124161223767,1.2022049126710113,495.0,Delta learning,0.1414425554984119,0.5914011540426085,0.8762893494008425,0.7574050934795576
39,RandomForestRegressor,Mixed transfer,0.5089821018413706,0.4590481674318522,0.6626916760526461,495.0,Mixed transfer,0.6147916452430006,0.41996668289111405,0.5869629692628224,0.10580954340162996
39,SVR,Mixed transfer,0.5547017365330836,0.42132444839361394,0.6310857223356444,495.0,Delta learning,0.5038516319860892,0.44063303527592595,0.6661447931813161,-0.05085010454699446
40,DecisionTreeRegressor,Delta learning,0.20730284743765226,0.5500058211862263,0.8420085532487928,495.0,Delta learning,0.6192199078257417,0.38960174445965334,0.5835794245012973,0.4119170603880894
40,ExtraTreeRegressor,Mixed transfer,0.3404391050044353,0.5004631281651947,0.7680514323090023,495.0,Mixed transfer,0.4594626104133467,0.4099292322440029,0.695305594936573,0.11902350540891138
40,ExtraTreesRegressor,Delta learning,0.46558574639438977,0.4404414032719693,0.6913562137049701,495.0,Mixed transfer,0.640186249107388,0.3504870863085976,0.5672855644983352,0.1746005027129982
40,GaussianProcessRegressor,Mixed transfer,0.09578746785061065,0.685557736640228,0.8992865852326339,495.0,Mixed transfer,0.0744946318970201,0.6935875840891705,0.9098133919311592,-0.02129283595359055
40,GradientBoostingRegressor,Mixed transfer,0.47667603775255163,0.46396861270650047,0.6841450113516021,495.0,Mixed transfer,0.5896364853893812,0.428907454905811,0.6058250466591516,0.11296044763682955
40,HistGradientBoostingRegressor,Delta learning,0.4579908590025511,0.4865335047916358,0.696251525223765,495.0,Mixed transfer,0.6320182522022837,0.41371049754806466,0.5736883002170292,0.1740273931997326
40,KNeighborsRegressor,Delta learning,0.29108936146396125,0.5795010993972138,0.7962667864027878,495.0,Delta learning,0.4613266921079352,0.5083720615171549,0.6941056540847218,0.17023733064397395
40,LinearSVR,Delta learning,-3.4696205618180276,0.9232198143039104,1.9993930686561974,495.0,Delta learning,0.1414425554984119,0.5914011540426085,0.8762893494008425,3.6110631173164394
40,RandomForestRegressor,Mixed transfer,0.4558690962662989,0.46708082077161467,0.6976129760763005,495.0,Mixed transfer,0.6147916452430006,0.41996668289111405,0.5869629692628224,0.15892254897670166
40,SVR,Mixed transfer,0.556197660468789,0.42767226712247636,0.6300248037229137,495.0,Delta learning,0.5038516319860892,0.44063303527592595,0.6661447931813161,-0.05234602848269987
41,DecisionTreeRegressor,Mixed transfer,0.4174780518172079,0.4401439705548533,0.7218035284273756,495.0,Delta learning,0.6192199078257417,0.38960174445965334,0.5835794245012973,0.20174185600853378
41,ExtraTreeRegressor,Mixed transfer,0.3272860352963022,0.4800465999548181,0.7756719303033175,495.0,Mixed transfer,0.4594626104133467,0.4099292322440029,0.695305594936573,0.1321765751170445
41,ExtraTreesRegressor,Mixed transfer,0.37728968807109164,0.45636524372811654,0.7462870109924252,495.0,Mixed transfer,0.640186249107388,0.3504870863085976,0.5672855644983352,0.26289656103629633
41,GaussianProcessRegressor,Mixed transfer,0.10031204817824624,0.6800729203104717,0.8970337978082389,495.0,Mixed transfer,0.0744946318970201,0.6935875840891705,0.9098133919311592,-0.025817416281226135
41,GradientBoostingRegressor,Delta learning,0.6025811934642153,0.40522442954395754,0.5961932592757444,495.0,Mixed transfer,0.5896364853893812,0.428907454905811,0.6058250466591516,-0.012944708074834166
41,HistGradientBoostingRegressor,Delta learning,0.5315578577919224,0.4583651048803555,0.6472779806052616,495.0,Mixed transfer,0.6320182522022837,0.41371049754806466,0.5736883002170292,0.10046039441036125
41,KNeighborsRegressor,Delta learning,0.3252947669677201,0.5601607753321017,0.7768190966437885,495.0,Delta learning,0.4613266921079352,0.5083720615171549,0.6941056540847218,0.13603192514021512
41,LinearSVR,Mixed transfer,-0.32964364255404743,0.6754867760006434,1.090512090018693,495.0,Delta learning,0.1414425554984119,0.5914011540426085,0.8762893494008425,0.4710861980524593
41,RandomForestRegressor,Mixed transfer,0.5443063627576006,0.4397208068711994,0.6384094932140663,495.0,Mixed transfer,0.6147916452430006,0.41996668289111405,0.5869629692628224,0.07048528248539998
41,SVR,Mixed transfer,0.5565263709803869,0.42049750495009286,0.629791440670661,495.0,Delta learning,0.5038516319860892,0.44063303527592595,0.6661447931813161,-0.052674738994297754
42,DecisionTreeRegressor,Mixed transfer,0.29323566275730095,0.5088434259480407,0.7950604820619156,495.0,Delta learning,0.6192199078257417,0.38960174445965334,0.5835794245012973,0.3259842450684407
42,ExtraTreeRegressor,Delta learning,0.2818442330079709,0.4530388039898453,0.8014421515072976,495.0,Mixed transfer,0.4594626104133467,0.4099292322440029,0.695305594936573,0.17761837740537578
42,ExtraTreesRegressor,Delta learning,0.5038739065919259,0.4202749297952626,0.6661298397115497,495.0,Mixed transfer,0.640186249107388,0.3504870863085976,0.5672855644983352,0.1363123425154621
42,GaussianProcessRegressor,Mixed transfer,0.09446874114148363,0.6822468284573667,0.8999421175994261,495.0,Mixed transfer,0.0744946318970201,0.6935875840891705,0.9098133919311592,-0.019974109244463523
42,GradientBoostingRegressor,Mixed transfer,0.541747300319652,0.4527502098481434,0.6401995582745547,495.0,Mixed transfer,0.5896364853893812,0.428907454905811,0.6058250466591516,0.04788918506972917
42,HistGradientBoostingRegressor,Mixed transfer,0.5208065592740865,0.45230622137976556,0.6546637387984225,495.0,Mixed transfer,0.6320182522022837,0.41371049754806466,0.5736883002170292,0.11121169292819721
42,KNeighborsRegressor,Delta learning,0.399935221055144,0.5303655383268634,0.7325915790795365,495.0,Delta learning,0.4613266921079352,0.5083720615171549,0.6941056540847218,0.06139147105279119
42,LinearSVR,Mixed transfer,-1.9185582429689632,0.826319994442288,1.61564907513257,495.0,Delta learning,0.1414425554984119,0.5914011540426085,0.8762893494008425,2.060000798467375
42,RandomForestRegressor,Mixed transfer,0.5546630513463886,0.4470043104948243,0.6311131344555446,495.0,Mixed transfer,0.6147916452430006,0.41996668289111405,0.5869629692628224,0.06012859389661196
42,SVR,Mixed transfer,0.5599879946763544,0.42215037582187287,0.6273286426343462,495.0,Delta learning,0.5038516319860892,0.44063303527592595,0.6661447931813161,-0.05613636269026523
43,DecisionTreeRegressor,Mixed transfer,0.4034824860052365,0.45131256274717435,0.7304230229125764,495.0,Delta learning,0.6192199078257417,0.38960174445965334,0.5835794245012973,0.21573742182050515
43,ExtraTreeRegressor,Mixed transfer,0.43925638838094017,0.4399858707701986,0.7081822238859723,495.0,Mixed transfer,0.4594626104133467,0.4099292322440029,0.695305594936573,0.020206222032406518
43,ExtraTreesRegressor,Mixed transfer,0.44604378427689806,0.4462455177423445,0.7038831581727364,495.0,Mixed transfer,0.640186249107388,0.3504870863085976,0.5672855644983352,0.1941424648304899
43,GaussianProcessRegressor,Mixed transfer,0.10175427405209758,0.6805068963192445,0.8963145238443669,495.0,Mixed transfer,0.0744946318970201,0.6935875840891705,0.9098133919311592,-0.02725964215507748
43,GradientBoostingRegressor,Mixed transfer,0.4426216939358828,0.47793884329953407,0.7060539463060421,495.0,Mixed transfer,0.5896364853893812,0.428907454905811,0.6058250466591516,0.14701479145349838
43,HistGradientBoostingRegressor,Delta learning,0.42215995939898976,0.493323631044736,0.7188969982937188,495.0,Mixed transfer,0.6320182522022837,0.41371049754806466,0.5736883002170292,0.20985829280329393
43,KNeighborsRegressor,Mixed transfer,0.2719104899180347,0.5352219818349441,0.8069660077103152,495.0,Delta learning,0.4613266921079352,0.5083720615171549,0.6941056540847218,0.18941620218990052
43,LinearSVR,Delta learning,-1.5983738118213737,0.8698050617680462,1.5244517012560512,495.0,Delta learning,0.1414425554984119,0.5914011540426085,0.8762893494008425,1.7398163673197855
43,RandomForestRegressor,Mixed transfer,0.5005870086875608,0.4672528090555737,0.6683327940983869,495.0,Mixed transfer,0.6147916452430006,0.41996668289111405,0.5869629692628224,0.11420463655543978
43,SVR,Mixed transfer,0.5581263367752396,0.42470677946210217,0.6286543321863387,495.0,Delta learning,0.5038516319860892,0.44063303527592595,0.6661447931813161,-0.05427470478915042
44,DecisionTreeRegressor,Mixed transfer,0.37142590020484334,0.4479462025415326,0.7497925054256139,495.0,Delta learning,0.6192199078257417,0.38960174445965334,0.5835794245012973,0.24779400762089832
44,ExtraTreeRegressor,Mixed transfer,0.577563083300388,0.3925496104811871,0.6146725036584404,495.0,Mixed transfer,0.4594626104133467,0.4099292322440029,0.695305594936573,-0.11810047288704129
44,ExtraTreesRegressor,Mixed transfer,0.49507510579984304,0.43153627605895506,0.6720107890255652,495.0,Mixed transfer,0.640186249107388,0.3504870863085976,0.5672855644983352,0.14511114330754493
44,GaussianProcessRegressor,Mixed transfer,0.09987288992548371,0.6771545885319022,0.8972527024481707,495.0,Mixed transfer,0.0744946318970201,0.6935875840891705,0.9098133919311592,-0.025378258028463607
44,GradientBoostingRegressor,Delta learning,0.5536788887699877,0.423583600581713,0.6318101068855955,495.0,Mixed transfer,0.5896364853893812,0.428907454905811,0.6058250466591516,0.03595759661939346
44,HistGradientBoostingRegressor,Delta learning,0.5252207319303014,0.45769626508738126,0.6516414889851297,495.0,Mixed transfer,0.6320182522022837,0.41371049754806466,0.5736883002170292,0.1067975202719823
44,KNeighborsRegressor,Delta learning,0.42802352440311453,0.5181741925487433,0.7152402359098652,495.0,Delta learning,0.4613266921079352,0.5083720615171549,0.6941056540847218,0.03330316770482067
44,LinearSVR,Delta learning,-2.4636303766844314,0.940810845905384,1.7600646643440094,495.0,Delta learning,0.1414425554984119,0.5914011540426085,0.8762893494008425,2.605072932182843
44,RandomForestRegressor,Mixed transfer,0.522101428234889,0.4574886918219785,0.653778629444872,495.0,Mixed transfer,0.6147916452430006,0.41996668289111405,0.5869629692628224,0.09269021700811153
44,SVR,Mixed transfer,0.5619106621023957,0.4217009181816771,0.6259565609588066,495.0,Delta learning,0.5038516319860892,0.44063303527592595,0.6661447931813161,-0.05805903011630653
45,DecisionTreeRegressor,Mixed transfer,0.20572388071323677,0.5260231252272692,0.8428467309089716,495.0,Delta learning,0.6192199078257417,0.38960174445965334,0.5835794245012973,0.4134960271125049
45,ExtraTreeRegressor,Delta learning,0.4976091398459408,0.43313246511746334,0.6703223793502858,495.0,Mixed transfer,0.4594626104133467,0.4099292322440029,0.695305594936573,-0.03814652943259411
45,ExtraTreesRegressor,Mixed transfer,0.41322913387202975,0.4378590314587316,0.7244311648717556,495.0,Mixed transfer,0.640186249107388,0.3504870863085976,0.5672855644983352,0.22695711523535822
45,GaussianProcessRegressor,Mixed transfer,0.09923855378879831,0.6813688145710428,0.8975688020120551,495.0,Mixed transfer,0.0744946318970201,0.6935875840891705,0.9098133919311592,-0.02474392189177821
45,GradientBoostingRegressor,Mixed transfer,0.3734329079199389,0.4835267070019214,0.7485945221762447,495.0,Mixed transfer,0.5896364853893812,0.428907454905811,0.6058250466591516,0.2162035774694423
45,HistGradientBoostingRegressor,Mixed transfer,0.47359503374263734,0.4644762727975783,0.6861559647415325,495.0,Mixed transfer,0.6320182522022837,0.41371049754806466,0.5736883002170292,0.15842321845964635
45,KNeighborsRegressor,Mixed transfer,0.30925535251040115,0.5235995140360845,0.7859983207919004,495.0,Delta learning,0.4613266921079352,0.5083720615171549,0.6941056540847218,0.15207133959753405
45,LinearSVR,Delta learning,-5.287443396906115,0.9840212187035788,2.3713731499332824,495.0,Delta learning,0.1414425554984119,0.5914011540426085,0.8762893494008425,5.428885952404527
45,RandomForestRegressor,Mixed transfer,0.49278795372773787,0.4663593728344907,0.6735310688681394,495.0,Mixed transfer,0.6147916452430006,0.41996668289111405,0.5869629692628224,0.12200369151526269
45,SVR,Mixed transfer,0.553749878350023,0.42438913070662465,0.6317598586263898,495.0,Delta learning,0.5038516319860892,0.44063303527592595,0.6661447931813161,-0.04989824636393381
46,DecisionTreeRegressor,Mixed transfer,0.18164273296472722,0.5466264577823275,0.855528192816688,495.0,Delta learning,0.6192199078257417,0.38960174445965334,0.5835794245012973,0.43757717486101444
46,ExtraTreeRegressor,Mixed transfer,0.22913581225917756,0.5323862450828427,0.8303320260549472,495.0,Mixed transfer,0.4594626104133467,0.4099292322440029,0.695305594936573,0.23032679815416912
46,ExtraTreesRegressor,Mixed transfer,0.4963807573553948,0.45571199225866105,0.6711413727154437,495.0,Mixed transfer,0.640186249107388,0.3504870863085976,0.5672855644983352,0.1438054917519932
46,GaussianProcessRegressor,Mixed transfer,0.08626600538222629,0.6884982736039259,0.9040089817822918,495.0,Mixed transfer,0.0744946318970201,0.6935875840891705,0.9098133919311592,-0.011771373485206182
46,GradientBoostingRegressor,Mixed transfer,0.42797852085039434,0.48507541454838327,0.7152683731846584,495.0,Mixed transfer,0.5896364853893812,0.428907454905811,0.6058250466591516,0.16165796453898684
46,HistGradientBoostingRegressor,Mixed transfer,0.46323159897403354,0.48719845874890905,0.6928772865325032,495.0,Mixed transfer,0.6320182522022837,0.41371049754806466,0.5736883002170292,0.16878665322825015
46,KNeighborsRegressor,Mixed transfer,0.2822736170984016,0.5389934822167586,0.801202525246101,495.0,Delta learning,0.4613266921079352,0.5083720615171549,0.6941056540847218,0.1790530750095336
46,LinearSVR,Delta learning,-0.09502728130899252,0.6626623292774094,0.989635631855531,495.0,Delta learning,0.1414425554984119,0.5914011540426085,0.8762893494008425,0.2364698368074044
46,RandomForestRegressor,Mixed transfer,0.48277774847316757,0.4646888072412996,0.6801449131767455,495.0,Mixed transfer,0.6147916452430006,0.41996668289111405,0.5869629692628224,0.132013896769833
46,SVR,Mixed transfer,0.5547857671578638,0.42741206620667915,0.6310261745741501,495.0,Delta learning,0.5038516319860892,0.44063303527592595,0.6661447931813161,-0.050934135171774586
