descriptor,split_seed,same_signature,different_signature,same_model,same_task_id,same_method_label,different_model,different_task_id,different_method_label,same_mechanism_R2,different_mechanism_R2,delta_R2_same_minus_different,same_mechanism_MAE,different_mechanism_MAE,same_mechanism_RMSE,different_mechanism_RMSE,n_test_total
MACCS,0,same_mechanism_transfer|ExtraTreesRegressor|ru_ahk_inner_to_ru_aho_inner|Mixed transfer,different_mechanism_transfer|SVR|ru_ahk_outer_to_ru_aho_inner|Mixed transfer,ExtraTreesRegressor,ru_ahk_inner_to_ru_aho_inner,Mixed transfer,SVR,ru_ahk_outer_to_ru_aho_inner,Mixed transfer,0.6462213558485925,0.6043085358456077,0.041912820002984796,0.35305797979977355,0.39765440303767524,0.5625079446692309,0.5948962002038737,98
MACCS,1,same_mechanism_transfer|ExtraTreesRegressor|ru_ahk_inner_to_ru_aho_inner|Mixed transfer,different_mechanism_transfer|SVR|ru_ahk_outer_to_ru_aho_inner|Mixed transfer,ExtraTreesRegressor,ru_ahk_inner_to_ru_aho_inner,Mixed transfer,SVR,ru_ahk_outer_to_ru_aho_inner,Mixed transfer,0.603801142607651,0.553494424580548,0.05030671802710307,0.38341134874168475,0.42923394156492123,0.5952774942607111,0.6319406567259156,98
MACCS,2,same_mechanism_transfer|ExtraTreesRegressor|ru_ahk_inner_to_ru_aho_inner|Mixed transfer,different_mechanism_transfer|SVR|ru_ahk_outer_to_ru_aho_inner|Mixed transfer,ExtraTreesRegressor,ru_ahk_inner_to_ru_aho_inner,Mixed transfer,SVR,ru_ahk_outer_to_ru_aho_inner,Mixed transfer,0.6712020097521993,0.59027108598642,0.08093092376577937,0.37385180063680545,0.4073569000371953,0.5422847996007797,0.6053564308196664,98
MACCS,3,same_mechanism_transfer|ExtraTreesRegressor|ru_ahk_inner_to_ru_aho_inner|Mixed transfer,different_mechanism_transfer|SVR|ru_ahk_outer_to_ru_aho_inner|Mixed transfer,ExtraTreesRegressor,ru_ahk_inner_to_ru_aho_inner,Mixed transfer,SVR,ru_ahk_outer_to_ru_aho_inner,Mixed transfer,0.6306015723525004,0.5976783812967121,0.032923191055788226,0.369291289064959,0.4003437043927394,0.5747915504927775,0.5998594970446763,98
MACCS,4,same_mechanism_transfer|ExtraTreesRegressor|ru_ahk_inner_to_ru_aho_inner|Mixed transfer,different_mechanism_transfer|SVR|ru_ahk_outer_to_ru_aho_inner|Mixed transfer,ExtraTreesRegressor,ru_ahk_inner_to_ru_aho_inner,Mixed transfer,SVR,ru_ahk_outer_to_ru_aho_inner,Mixed transfer,0.40498748601113055,0.5619432537224227,-0.15695576771129216,0.4520824611150211,0.4270022320146068,0.7295010207309186,0.6259332765324704,98
MACCS,5,same_mechanism_transfer|ExtraTreesRegressor|ru_ahk_inner_to_ru_aho_inner|Mixed transfer,different_mechanism_transfer|SVR|ru_ahk_outer_to_ru_aho_inner|Mixed transfer,ExtraTreesRegressor,ru_ahk_inner_to_ru_aho_inner,Mixed transfer,SVR,ru_ahk_outer_to_ru_aho_inner,Mixed transfer,0.5292218517420938,0.5675496743038044,-0.038327822561710634,0.43098341494257675,0.4134208100180132,0.6488898818182025,0.6219149092359868,98
MACCS,6,same_mechanism_transfer|ExtraTreesRegressor|ru_ahk_inner_to_ru_aho_inner|Mixed transfer,different_mechanism_transfer|SVR|ru_ahk_outer_to_ru_aho_inner|Mixed transfer,ExtraTreesRegressor,ru_ahk_inner_to_ru_aho_inner,Mixed transfer,SVR,ru_ahk_outer_to_ru_aho_inner,Mixed transfer,0.6131182787801126,0.606662636810215,0.006455641969897563,0.38133981471653994,0.38891115982240976,0.5882364875534848,0.5931239420241565,98
MACCS,7,same_mechanism_transfer|ExtraTreesRegressor|ru_ahk_inner_to_ru_aho_inner|Mixed transfer,different_mechanism_transfer|SVR|ru_ahk_outer_to_ru_aho_inner|Mixed transfer,ExtraTreesRegressor,ru_ahk_inner_to_ru_aho_inner,Mixed transfer,SVR,ru_ahk_outer_to_ru_aho_inner,Mixed transfer,0.6164513867125774,0.5553926340437901,0.06105875266878724,0.3732734406889563,0.4239057358759839,0.585697084938746,0.6305959553126453,98
MACCS,8,same_mechanism_transfer|ExtraTreesRegressor|ru_ahk_inner_to_ru_aho_inner|Mixed transfer,different_mechanism_transfer|SVR|ru_ahk_outer_to_ru_aho_inner|Mixed transfer,ExtraTreesRegressor,ru_ahk_inner_to_ru_aho_inner,Mixed transfer,SVR,ru_ahk_outer_to_ru_aho_inner,Mixed transfer,0.5924015352430917,0.601197398607334,-0.008795863364242318,0.3964893975678443,0.39673079293502467,0.6037805571613397,0.5972303167054529,98
MACCS,9,same_mechanism_transfer|ExtraTreesRegressor|ru_ahk_inner_to_ru_aho_inner|Mixed transfer,different_mechanism_transfer|SVR|ru_ahk_outer_to_ru_aho_inner|Mixed transfer,ExtraTreesRegressor,ru_ahk_inner_to_ru_aho_inner,Mixed transfer,SVR,ru_ahk_outer_to_ru_aho_inner,Mixed transfer,0.6279131734624921,0.5631905333687162,0.06472264009377593,0.3781664174684487,0.4167996011360413,0.5768793607069065,0.6250415309231397,98
MACCS,10,same_mechanism_transfer|ExtraTreesRegressor|ru_ahk_inner_to_ru_aho_inner|Mixed transfer,different_mechanism_transfer|SVR|ru_ahk_outer_to_ru_aho_inner|Mixed transfer,ExtraTreesRegressor,ru_ahk_inner_to_ru_aho_inner,Mixed transfer,SVR,ru_ahk_outer_to_ru_aho_inner,Mixed transfer,0.6078809794217999,0.5841529692900568,0.023728010131743082,0.38352452076188653,0.3993377745874156,0.5922046438788829,0.6098593077677914,98
MACCS,11,same_mechanism_transfer|ExtraTreesRegressor|ru_ahk_inner_to_ru_aho_inner|Mixed transfer,different_mechanism_transfer|SVR|ru_ahk_outer_to_ru_aho_inner|Mixed transfer,ExtraTreesRegressor,ru_ahk_inner_to_ru_aho_inner,Mixed transfer,SVR,ru_ahk_outer_to_ru_aho_inner,Mixed transfer,0.6502808931729447,0.5412013539027791,0.10907953927016556,0.37273990570450366,0.4399424595072212,0.5592713013232525,0.6405808005642498,98
MACCS,12,same_mechanism_transfer|ExtraTreesRegressor|ru_ahk_inner_to_ru_aho_inner|Mixed transfer,different_mechanism_transfer|SVR|ru_ahk_outer_to_ru_aho_inner|Mixed transfer,ExtraTreesRegressor,ru_ahk_inner_to_ru_aho_inner,Mixed transfer,SVR,ru_ahk_outer_to_ru_aho_inner,Mixed transfer,0.6439458758328467,0.6025700876139263,0.041375788218920406,0.3621846525166558,0.38995871806494337,0.5643140514278352,0.5962015895141669,98
MACCS,13,same_mechanism_transfer|ExtraTreesRegressor|ru_ahk_inner_to_ru_aho_inner|Mixed transfer,different_mechanism_transfer|SVR|ru_ahk_outer_to_ru_aho_inner|Mixed transfer,ExtraTreesRegressor,ru_ahk_inner_to_ru_aho_inner,Mixed transfer,SVR,ru_ahk_outer_to_ru_aho_inner,Mixed transfer,0.6741770438459743,0.6114433801112371,0.06273366373473721,0.35772850774621356,0.39425999287600133,0.5398258706754888,0.5895084169700511,98
MACCS,14,same_mechanism_transfer|ExtraTreesRegressor|ru_ahk_inner_to_ru_aho_inner|Mixed transfer,different_mechanism_transfer|SVR|ru_ahk_outer_to_ru_aho_inner|Mixed transfer,ExtraTreesRegressor,ru_ahk_inner_to_ru_aho_inner,Mixed transfer,SVR,ru_ahk_outer_to_ru_aho_inner,Mixed transfer,0.6048325963064709,0.5965838532664343,0.008248743040036643,0.3950078441820715,0.39900685332649144,0.5945021243909172,0.6006749107084977,98
MACCS,15,same_mechanism_transfer|ExtraTreesRegressor|ru_ahk_inner_to_ru_aho_inner|Mixed transfer,different_mechanism_transfer|SVR|ru_ahk_outer_to_ru_aho_inner|Mixed transfer,ExtraTreesRegressor,ru_ahk_inner_to_ru_aho_inner,Mixed transfer,SVR,ru_ahk_outer_to_ru_aho_inner,Mixed transfer,0.6479348826970619,0.5631865261802868,0.08474835651677515,0.39633316083839837,0.42556582160598155,0.5611440375400638,0.6250443979093633,98
MACCS,16,same_mechanism_transfer|ExtraTreesRegressor|ru_ahk_inner_to_ru_aho_inner|Mixed transfer,different_mechanism_transfer|SVR|ru_ahk_outer_to_ru_aho_inner|Mixed transfer,ExtraTreesRegressor,ru_ahk_inner_to_ru_aho_inner,Mixed transfer,SVR,ru_ahk_outer_to_ru_aho_inner,Mixed transfer,0.5880577340236772,0.5343065563296834,0.053751177693993846,0.4078787066990784,0.4439098553593498,0.6069892936496035,0.6453761559238804,98
MACCS,17,same_mechanism_transfer|ExtraTreesRegressor|ru_ahk_inner_to_ru_aho_inner|Mixed transfer,different_mechanism_transfer|SVR|ru_ahk_outer_to_ru_aho_inner|Mixed transfer,ExtraTreesRegressor,ru_ahk_inner_to_ru_aho_inner,Mixed transfer,SVR,ru_ahk_outer_to_ru_aho_inner,Mixed transfer,0.3386114339917232,0.5243710211393504,-0.1857595871476272,0.45498821498732084,0.4504871208309401,0.7691148475564948,0.652224348559995,98
MACCS,18,same_mechanism_transfer|ExtraTreesRegressor|ru_ahk_inner_to_ru_aho_inner|Mixed transfer,different_mechanism_transfer|SVR|ru_ahk_outer_to_ru_aho_inner|Mixed transfer,ExtraTreesRegressor,ru_ahk_inner_to_ru_aho_inner,Mixed transfer,SVR,ru_ahk_outer_to_ru_aho_inner,Mixed transfer,0.6956009671140811,0.5735762026375664,0.12202476447651478,0.344438246360771,0.4140049476539245,0.5217764675036298,0.6175662740775073,98
MACCS,19,same_mechanism_transfer|ExtraTreesRegressor|ru_ahk_inner_to_ru_aho_inner|Mixed transfer,different_mechanism_transfer|SVR|ru_ahk_outer_to_ru_aho_inner|Mixed transfer,ExtraTreesRegressor,ru_ahk_inner_to_ru_aho_inner,Mixed transfer,SVR,ru_ahk_outer_to_ru_aho_inner,Mixed transfer,0.6479337023311909,0.5813865359079357,0.0665471664232552,0.37200363824943,0.40796704106255643,0.5611449782108134,0.6118844977894073,98
MACCS,20,same_mechanism_transfer|ExtraTreesRegressor|ru_ahk_inner_to_ru_aho_inner|Mixed transfer,different_mechanism_transfer|SVR|ru_ahk_outer_to_ru_aho_inner|Mixed transfer,ExtraTreesRegressor,ru_ahk_inner_to_ru_aho_inner,Mixed transfer,SVR,ru_ahk_outer_to_ru_aho_inner,Mixed transfer,0.6024545476997154,0.584402678181656,0.01805186951805937,0.38300529426348506,0.405704811301694,0.5962882463970002,0.6096761753310314,98
MACCS,21,same_mechanism_transfer|ExtraTreesRegressor|ru_ahk_inner_to_ru_aho_inner|Mixed transfer,different_mechanism_transfer|SVR|ru_ahk_outer_to_ru_aho_inner|Mixed transfer,ExtraTreesRegressor,ru_ahk_inner_to_ru_aho_inner,Mixed transfer,SVR,ru_ahk_outer_to_ru_aho_inner,Mixed transfer,0.6905517327340444,0.5810423109773282,0.10950942175671619,0.3339830588121681,0.40351416717060645,0.5260861659673206,0.6121360217313548,98
MACCS,22,same_mechanism_transfer|ExtraTreesRegressor|ru_ahk_inner_to_ru_aho_inner|Mixed transfer,different_mechanism_transfer|SVR|ru_ahk_outer_to_ru_aho_inner|Mixed transfer,ExtraTreesRegressor,ru_ahk_inner_to_ru_aho_inner,Mixed transfer,SVR,ru_ahk_outer_to_ru_aho_inner,Mixed transfer,0.5761163003074141,0.5790457621506437,-0.0029294618432296193,0.40750281768115176,0.40462255414889425,0.6157241844689172,0.613592859608425,98
MACCS,23,same_mechanism_transfer|ExtraTreesRegressor|ru_ahk_inner_to_ru_aho_inner|Mixed transfer,different_mechanism_transfer|SVR|ru_ahk_outer_to_ru_aho_inner|Mixed transfer,ExtraTreesRegressor,ru_ahk_inner_to_ru_aho_inner,Mixed transfer,SVR,ru_ahk_outer_to_ru_aho_inner,Mixed transfer,0.5634416259482711,0.5200392555533062,0.04340237039496486,0.4145214241866605,0.4440506053061889,0.6248618577900495,0.6551876660423115,98
MACCS,24,same_mechanism_transfer|ExtraTreesRegressor|ru_ahk_inner_to_ru_aho_inner|Mixed transfer,different_mechanism_transfer|SVR|ru_ahk_outer_to_ru_aho_inner|Mixed transfer,ExtraTreesRegressor,ru_ahk_inner_to_ru_aho_inner,Mixed transfer,SVR,ru_ahk_outer_to_ru_aho_inner,Mixed transfer,0.5741749110248536,0.5339782043921135,0.04019670663274011,0.3996603377039021,0.4365659052602531,0.6171325834826296,0.645603637300035,98
MACCS,25,same_mechanism_transfer|ExtraTreesRegressor|ru_ahk_inner_to_ru_aho_inner|Mixed transfer,different_mechanism_transfer|SVR|ru_ahk_outer_to_ru_aho_inner|Mixed transfer,ExtraTreesRegressor,ru_ahk_inner_to_ru_aho_inner,Mixed transfer,SVR,ru_ahk_outer_to_ru_aho_inner,Mixed transfer,0.6848603419827375,0.6008633353665256,0.0839970066162119,0.33646141710377914,0.4003169250641728,0.5309020273256534,0.59748040400512,98
MACCS,26,same_mechanism_transfer|ExtraTreesRegressor|ru_ahk_inner_to_ru_aho_inner|Mixed transfer,different_mechanism_transfer|SVR|ru_ahk_outer_to_ru_aho_inner|Mixed transfer,ExtraTreesRegressor,ru_ahk_inner_to_ru_aho_inner,Mixed transfer,SVR,ru_ahk_outer_to_ru_aho_inner,Mixed transfer,0.6401381612695428,0.5426955963451343,0.0974425649244085,0.3803967337563012,0.4315380059641491,0.5673234710885882,0.6395368092051611,98
MACCS,27,same_mechanism_transfer|ExtraTreesRegressor|ru_ahk_inner_to_ru_aho_inner|Mixed transfer,different_mechanism_transfer|SVR|ru_ahk_outer_to_ru_aho_inner|Mixed transfer,ExtraTreesRegressor,ru_ahk_inner_to_ru_aho_inner,Mixed transfer,SVR,ru_ahk_outer_to_ru_aho_inner,Mixed transfer,0.6147320276738091,0.5725295719515895,0.04220245572221959,0.38451898630483344,0.41995860814283453,0.5870083887756038,0.6183236986022571,98
MACCS,28,same_mechanism_transfer|ExtraTreesRegressor|ru_ahk_inner_to_ru_aho_inner|Mixed transfer,different_mechanism_transfer|SVR|ru_ahk_outer_to_ru_aho_inner|Mixed transfer,ExtraTreesRegressor,ru_ahk_inner_to_ru_aho_inner,Mixed transfer,SVR,ru_ahk_outer_to_ru_aho_inner,Mixed transfer,0.5398384613993851,0.5424384469473416,-0.002599985547956485,0.43042898513473055,0.4362248097731401,0.6415315393919963,0.639716594695332,98
MACCS,29,same_mechanism_transfer|ExtraTreesRegressor|ru_ahk_inner_to_ru_aho_inner|Mixed transfer,different_mechanism_transfer|SVR|ru_ahk_outer_to_ru_aho_inner|Mixed transfer,ExtraTreesRegressor,ru_ahk_inner_to_ru_aho_inner,Mixed transfer,SVR,ru_ahk_outer_to_ru_aho_inner,Mixed transfer,0.5755460411086972,0.55095764756554,0.024588393543157228,0.3980521401426267,0.4340690768569068,0.6161382182790216,0.633733268188715,98
MACCS,30,same_mechanism_transfer|ExtraTreesRegressor|ru_ahk_inner_to_ru_aho_inner|Mixed transfer,different_mechanism_transfer|SVR|ru_ahk_outer_to_ru_aho_inner|Mixed transfer,ExtraTreesRegressor,ru_ahk_inner_to_ru_aho_inner,Mixed transfer,SVR,ru_ahk_outer_to_ru_aho_inner,Mixed transfer,0.42953401014239234,0.5739126126574541,-0.14437860251506174,0.417103335217261,0.4134069469375921,0.7142952019577641,0.6173226238929989,98
MACCS,31,same_mechanism_transfer|ExtraTreesRegressor|ru_ahk_inner_to_ru_aho_inner|Mixed transfer,different_mechanism_transfer|SVR|ru_ahk_outer_to_ru_aho_inner|Mixed transfer,ExtraTreesRegressor,ru_ahk_inner_to_ru_aho_inner,Mixed transfer,SVR,ru_ahk_outer_to_ru_aho_inner,Mixed transfer,0.6443757302621106,0.5673863077508978,0.07698942251121277,0.3622003896158861,0.41548219864526725,0.5639733080756745,0.6220323683929624,98
MACCS,32,same_mechanism_transfer|ExtraTreesRegressor|ru_ahk_inner_to_ru_aho_inner|Mixed transfer,different_mechanism_transfer|SVR|ru_ahk_outer_to_ru_aho_inner|Mixed transfer,ExtraTreesRegressor,ru_ahk_inner_to_ru_aho_inner,Mixed transfer,SVR,ru_ahk_outer_to_ru_aho_inner,Mixed transfer,0.35859156819809734,0.5488657734775471,-0.19027420527944972,0.449154338126462,0.43528805906130125,0.7574085205313217,0.6352076835100097,98
MACCS,33,same_mechanism_transfer|ExtraTreesRegressor|ru_ahk_inner_to_ru_aho_inner|Mixed transfer,different_mechanism_transfer|SVR|ru_ahk_outer_to_ru_aho_inner|Mixed transfer,ExtraTreesRegressor,ru_ahk_inner_to_ru_aho_inner,Mixed transfer,SVR,ru_ahk_outer_to_ru_aho_inner,Mixed transfer,0.6976473567647454,0.6027782993593175,0.09486905740542795,0.3331004812785657,0.4008206051372977,0.5200196311395964,0.5960453953871716,98
MACCS,34,same_mechanism_transfer|ExtraTreesRegressor|ru_ahk_inner_to_ru_aho_inner|Mixed transfer,different_mechanism_transfer|SVR|ru_ahk_outer_to_ru_aho_inner|Mixed transfer,ExtraTreesRegressor,ru_ahk_inner_to_ru_aho_inner,Mixed transfer,SVR,ru_ahk_outer_to_ru_aho_inner,Mixed transfer,0.6500723902140644,0.580784930671711,0.06928745954235338,0.3616617565728451,0.41419292330612345,0.559437995597788,0.6123240211051894,98
MACCS,35,same_mechanism_transfer|ExtraTreesRegressor|ru_ahk_inner_to_ru_aho_inner|Mixed transfer,different_mechanism_transfer|SVR|ru_ahk_outer_to_ru_aho_inner|Mixed transfer,ExtraTreesRegressor,ru_ahk_inner_to_ru_aho_inner,Mixed transfer,SVR,ru_ahk_outer_to_ru_aho_inner,Mixed transfer,0.5968863335129218,0.602293804076087,-0.005407470563165262,0.38545432011866865,0.39263431492587586,0.6004496763352785,0.5964087858798452,98
MACCS,36,same_mechanism_transfer|ExtraTreesRegressor|ru_ahk_inner_to_ru_aho_inner|Mixed transfer,different_mechanism_transfer|SVR|ru_ahk_outer_to_ru_aho_inner|Mixed transfer,ExtraTreesRegressor,ru_ahk_inner_to_ru_aho_inner,Mixed transfer,SVR,ru_ahk_outer_to_ru_aho_inner,Mixed transfer,0.5246099551249512,0.5901793315094763,-0.06556937638452509,0.4263522987820224,0.4027735237212708,0.6520605043174528,0.6054242086252962,98
MACCS,37,same_mechanism_transfer|ExtraTreesRegressor|ru_ahk_inner_to_ru_aho_inner|Mixed transfer,different_mechanism_transfer|SVR|ru_ahk_outer_to_ru_aho_inner|Mixed transfer,ExtraTreesRegressor,ru_ahk_inner_to_ru_aho_inner,Mixed transfer,SVR,ru_ahk_outer_to_ru_aho_inner,Mixed transfer,0.5427391035194209,0.5875528396706914,-0.04481373615127049,0.42876323326151544,0.4007827370533654,0.6395063862516289,0.6073611559773409,98
MACCS,38,same_mechanism_transfer|ExtraTreesRegressor|ru_ahk_inner_to_ru_aho_inner|Mixed transfer,different_mechanism_transfer|SVR|ru_ahk_outer_to_ru_aho_inner|Mixed transfer,ExtraTreesRegressor,ru_ahk_inner_to_ru_aho_inner,Mixed transfer,SVR,ru_ahk_outer_to_ru_aho_inner,Mixed transfer,0.3399507543196748,0.5570009984516788,-0.21705024413200402,0.4807807329061667,0.43371960747917104,0.7683357192055867,0.6294543334325345,98
MACCS,39,same_mechanism_transfer|ExtraTreesRegressor|ru_ahk_inner_to_ru_aho_inner|Mixed transfer,different_mechanism_transfer|SVR|ru_ahk_outer_to_ru_aho_inner|Mixed transfer,ExtraTreesRegressor,ru_ahk_inner_to_ru_aho_inner,Mixed transfer,SVR,ru_ahk_outer_to_ru_aho_inner,Mixed transfer,0.5615124893483772,0.5627999227684245,-0.0012874334200473347,0.4184084269699115,0.42354023417434045,0.6262409575642323,0.6253209356856402,98
MACCS,40,same_mechanism_transfer|ExtraTreesRegressor|ru_ahk_inner_to_ru_aho_inner|Mixed transfer,different_mechanism_transfer|SVR|ru_ahk_outer_to_ru_aho_inner|Mixed transfer,ExtraTreesRegressor,ru_ahk_inner_to_ru_aho_inner,Mixed transfer,SVR,ru_ahk_outer_to_ru_aho_inner,Mixed transfer,0.6297778716673277,0.5810196445516973,0.04875822711563038,0.38101596723837705,0.40617078721191957,0.5754320412462663,0.6121525803819248,98
MACCS,41,same_mechanism_transfer|ExtraTreesRegressor|ru_ahk_inner_to_ru_aho_inner|Mixed transfer,different_mechanism_transfer|SVR|ru_ahk_outer_to_ru_aho_inner|Mixed transfer,ExtraTreesRegressor,ru_ahk_inner_to_ru_aho_inner,Mixed transfer,SVR,ru_ahk_outer_to_ru_aho_inner,Mixed transfer,0.7067825194246339,0.6022440231286826,0.10453849629595124,0.3433413053861304,0.3919779462986296,0.5121035458935187,0.5964461110028818,98
MACCS,42,same_mechanism_transfer|ExtraTreesRegressor|ru_ahk_inner_to_ru_aho_inner|Mixed transfer,different_mechanism_transfer|SVR|ru_ahk_outer_to_ru_aho_inner|Mixed transfer,ExtraTreesRegressor,ru_ahk_inner_to_ru_aho_inner,Mixed transfer,SVR,ru_ahk_outer_to_ru_aho_inner,Mixed transfer,0.640186249107388,0.5624584293973558,0.07772781971003218,0.35048708630859765,0.41736724951677473,0.5672855644983352,0.6255651045256789,98
MACCS,43,same_mechanism_transfer|ExtraTreesRegressor|ru_ahk_inner_to_ru_aho_inner|Mixed transfer,different_mechanism_transfer|SVR|ru_ahk_outer_to_ru_aho_inner|Mixed transfer,ExtraTreesRegressor,ru_ahk_inner_to_ru_aho_inner,Mixed transfer,SVR,ru_ahk_outer_to_ru_aho_inner,Mixed transfer,0.6419606613967253,0.5166474992226788,0.12531316217404642,0.37136369861467616,0.45187778475483564,0.5658850586146535,0.6574986099682351,98
MACCS,44,same_mechanism_transfer|ExtraTreesRegressor|ru_ahk_inner_to_ru_aho_inner|Mixed transfer,different_mechanism_transfer|SVR|ru_ahk_outer_to_ru_aho_inner|Mixed transfer,ExtraTreesRegressor,ru_ahk_inner_to_ru_aho_inner,Mixed transfer,SVR,ru_ahk_outer_to_ru_aho_inner,Mixed transfer,0.5925226728180266,0.5768223927183695,0.01570028009965707,0.38219916636883483,0.4076200841031115,0.6036908292134586,0.6152111435371042,98
MACCS,45,same_mechanism_transfer|ExtraTreesRegressor|ru_ahk_inner_to_ru_aho_inner|Mixed transfer,different_mechanism_transfer|SVR|ru_ahk_outer_to_ru_aho_inner|Mixed transfer,ExtraTreesRegressor,ru_ahk_inner_to_ru_aho_inner,Mixed transfer,SVR,ru_ahk_outer_to_ru_aho_inner,Mixed transfer,0.5703293175853845,0.551841648848099,0.018487668737285468,0.413364049887885,0.4293256226105151,0.6199129585654862,0.6331091655751268,98
MACCS,46,same_mechanism_transfer|ExtraTreesRegressor|ru_ahk_inner_to_ru_aho_inner|Mixed transfer,different_mechanism_transfer|SVR|ru_ahk_outer_to_ru_aho_inner|Mixed transfer,ExtraTreesRegressor,ru_ahk_inner_to_ru_aho_inner,Mixed transfer,SVR,ru_ahk_outer_to_ru_aho_inner,Mixed transfer,0.6252143232539472,0.5466580076517207,0.07855631560222653,0.3793068683960298,0.4233976503818536,0.5789677146695752,0.6367600798493787,98
MACCS,47,same_mechanism_transfer|ExtraTreesRegressor|ru_ahk_inner_to_ru_aho_inner|Mixed transfer,different_mechanism_transfer|SVR|ru_ahk_outer_to_ru_aho_inner|Mixed transfer,ExtraTreesRegressor,ru_ahk_inner_to_ru_aho_inner,Mixed transfer,SVR,ru_ahk_outer_to_ru_aho_inner,Mixed transfer,0.5206798310142102,0.5117192640505515,0.008960566963658767,0.42787194424935243,0.46168961066091874,0.6547502997828524,0.6608420188788693,98
MACCS,48,same_mechanism_transfer|ExtraTreesRegressor|ru_ahk_inner_to_ru_aho_inner|Mixed transfer,different_mechanism_transfer|SVR|ru_ahk_outer_to_ru_aho_inner|Mixed transfer,ExtraTreesRegressor,ru_ahk_inner_to_ru_aho_inner,Mixed transfer,SVR,ru_ahk_outer_to_ru_aho_inner,Mixed transfer,0.5318761590792132,0.5589036804172813,-0.027027521338068183,0.4276783534700897,0.41468350797986553,0.6470580340990969,0.6281011247883539,98
MACCS,49,same_mechanism_transfer|ExtraTreesRegressor|ru_ahk_inner_to_ru_aho_inner|Mixed transfer,different_mechanism_transfer|SVR|ru_ahk_outer_to_ru_aho_inner|Mixed transfer,ExtraTreesRegressor,ru_ahk_inner_to_ru_aho_inner,Mixed transfer,SVR,ru_ahk_outer_to_ru_aho_inner,Mixed transfer,0.6154585392391766,0.5864652222452427,0.028993316993933926,0.3803006890890009,0.4001570419832469,0.5864546577948865,0.6081614302072321,98
MACCS,50,same_mechanism_transfer|ExtraTreesRegressor|ru_ahk_inner_to_ru_aho_inner|Mixed transfer,different_mechanism_transfer|SVR|ru_ahk_outer_to_ru_aho_inner|Mixed transfer,ExtraTreesRegressor,ru_ahk_inner_to_ru_aho_inner,Mixed transfer,SVR,ru_ahk_outer_to_ru_aho_inner,Mixed transfer,0.615734503282706,0.5600965899237452,0.05563791335896073,0.37365372035238126,0.4204380999551525,0.5862441870633551,0.6272512253000977,98
MACCS,51,same_mechanism_transfer|ExtraTreesRegressor|ru_ahk_inner_to_ru_aho_inner|Mixed transfer,different_mechanism_transfer|SVR|ru_ahk_outer_to_ru_aho_inner|Mixed transfer,ExtraTreesRegressor,ru_ahk_inner_to_ru_aho_inner,Mixed transfer,SVR,ru_ahk_outer_to_ru_aho_inner,Mixed transfer,0.6336615080821502,0.5829944339207163,0.0506670741614339,0.37142468259453815,0.41238684230505573,0.5724059384132508,0.6107082403187846,98
MACCS,52,same_mechanism_transfer|ExtraTreesRegressor|ru_ahk_inner_to_ru_aho_inner|Mixed transfer,different_mechanism_transfer|SVR|ru_ahk_outer_to_ru_aho_inner|Mixed transfer,ExtraTreesRegressor,ru_ahk_inner_to_ru_aho_inner,Mixed transfer,SVR,ru_ahk_outer_to_ru_aho_inner,Mixed transfer,0.5973318993445333,0.509895736609326,0.08743616273520738,0.40104297133471983,0.453356585929239,0.6001177428743529,0.6620748552976514,98
MACCS,53,same_mechanism_transfer|ExtraTreesRegressor|ru_ahk_inner_to_ru_aho_inner|Mixed transfer,different_mechanism_transfer|SVR|ru_ahk_outer_to_ru_aho_inner|Mixed transfer,ExtraTreesRegressor,ru_ahk_inner_to_ru_aho_inner,Mixed transfer,SVR,ru_ahk_outer_to_ru_aho_inner,Mixed transfer,0.6313057976926608,0.5526247842630072,0.07868101342965361,0.37066955553753117,0.42712653175462584,0.5742433945592592,0.6325557596211376,98
MACCS,54,same_mechanism_transfer|ExtraTreesRegressor|ru_ahk_inner_to_ru_aho_inner|Mixed transfer,different_mechanism_transfer|SVR|ru_ahk_outer_to_ru_aho_inner|Mixed transfer,ExtraTreesRegressor,ru_ahk_inner_to_ru_aho_inner,Mixed transfer,SVR,ru_ahk_outer_to_ru_aho_inner,Mixed transfer,0.6430809088693108,0.5728044219441466,0.0702764869251642,0.37106305516383864,0.4051904907817785,0.5649990834119184,0.6181248853287387,98
MACCS,55,same_mechanism_transfer|ExtraTreesRegressor|ru_ahk_inner_to_ru_aho_inner|Mixed transfer,different_mechanism_transfer|SVR|ru_ahk_outer_to_ru_aho_inner|Mixed transfer,ExtraTreesRegressor,ru_ahk_inner_to_ru_aho_inner,Mixed transfer,SVR,ru_ahk_outer_to_ru_aho_inner,Mixed transfer,0.593556693751633,0.5393545803156717,0.05420211343596126,0.39124972091045057,0.4401511627808414,0.6029243749474728,0.6418687507697592,98
MACCS,56,same_mechanism_transfer|ExtraTreesRegressor|ru_ahk_inner_to_ru_aho_inner|Mixed transfer,different_mechanism_transfer|SVR|ru_ahk_outer_to_ru_aho_inner|Mixed transfer,ExtraTreesRegressor,ru_ahk_inner_to_ru_aho_inner,Mixed transfer,SVR,ru_ahk_outer_to_ru_aho_inner,Mixed transfer,0.6328202254418664,0.5770087663182399,0.055811459123626506,0.3629324635757113,0.4174314276105898,0.5730628159164782,0.6150756546304413,98
MACCS,57,same_mechanism_transfer|ExtraTreesRegressor|ru_ahk_inner_to_ru_aho_inner|Mixed transfer,different_mechanism_transfer|SVR|ru_ahk_outer_to_ru_aho_inner|Mixed transfer,ExtraTreesRegressor,ru_ahk_inner_to_ru_aho_inner,Mixed transfer,SVR,ru_ahk_outer_to_ru_aho_inner,Mixed transfer,0.5753006652159333,0.5794934410821715,-0.00419277586623823,0.39887122773351613,0.4185780764629775,0.6163162866166204,0.6132664991125928,98
MACCS,58,same_mechanism_transfer|ExtraTreesRegressor|ru_ahk_inner_to_ru_aho_inner|Mixed transfer,different_mechanism_transfer|SVR|ru_ahk_outer_to_ru_aho_inner|Mixed transfer,ExtraTreesRegressor,ru_ahk_inner_to_ru_aho_inner,Mixed transfer,SVR,ru_ahk_outer_to_ru_aho_inner,Mixed transfer,0.5772393033896274,0.5843558441773148,-0.00711654078768742,0.4267861452638487,0.40866108671852286,0.6149080186907451,0.609710526818345,98
MACCS,59,same_mechanism_transfer|ExtraTreesRegressor|ru_ahk_inner_to_ru_aho_inner|Mixed transfer,different_mechanism_transfer|SVR|ru_ahk_outer_to_ru_aho_inner|Mixed transfer,ExtraTreesRegressor,ru_ahk_inner_to_ru_aho_inner,Mixed transfer,SVR,ru_ahk_outer_to_ru_aho_inner,Mixed transfer,0.151511948212937,0.5129622923979129,-0.3614503441849759,0.5392248822267336,0.4564878955332607,0.8711355148087004,0.660000321918467,98
MACCS,60,same_mechanism_transfer|ExtraTreesRegressor|ru_ahk_inner_to_ru_aho_inner|Mixed transfer,different_mechanism_transfer|SVR|ru_ahk_outer_to_ru_aho_inner|Mixed transfer,ExtraTreesRegressor,ru_ahk_inner_to_ru_aho_inner,Mixed transfer,SVR,ru_ahk_outer_to_ru_aho_inner,Mixed transfer,0.6905463745527326,0.566161706682432,0.12438466787030056,0.3443985391527311,0.4303604480033387,0.5260907206104691,0.6229121408228917,98
MACCS,61,same_mechanism_transfer|ExtraTreesRegressor|ru_ahk_inner_to_ru_aho_inner|Mixed transfer,different_mechanism_transfer|SVR|ru_ahk_outer_to_ru_aho_inner|Mixed transfer,ExtraTreesRegressor,ru_ahk_inner_to_ru_aho_inner,Mixed transfer,SVR,ru_ahk_outer_to_ru_aho_inner,Mixed transfer,0.5637796360719027,0.5551588947025992,0.008620741369303575,0.4242501796817178,0.4285751666876426,0.6246199078641737,0.6307616922384842,98
MACCS,62,same_mechanism_transfer|ExtraTreesRegressor|ru_ahk_inner_to_ru_aho_inner|Mixed transfer,different_mechanism_transfer|SVR|ru_ahk_outer_to_ru_aho_inner|Mixed transfer,ExtraTreesRegressor,ru_ahk_inner_to_ru_aho_inner,Mixed transfer,SVR,ru_ahk_outer_to_ru_aho_inner,Mixed transfer,0.5491078503108358,0.5772707004353428,-0.028162850124507033,0.4057197688550261,0.4095681356896626,0.6350372356821052,0.6148851846692815,98
MACCS,63,same_mechanism_transfer|ExtraTreesRegressor|ru_ahk_inner_to_ru_aho_inner|Mixed transfer,different_mechanism_transfer|SVR|ru_ahk_outer_to_ru_aho_inner|Mixed transfer,ExtraTreesRegressor,ru_ahk_inner_to_ru_aho_inner,Mixed transfer,SVR,ru_ahk_outer_to_ru_aho_inner,Mixed transfer,0.661545793945133,0.5769190737663235,0.08462672017880957,0.3645849859997907,0.4195219805913084,0.550190151074979,0.6151408625786379,98
MACCS,64,same_mechanism_transfer|ExtraTreesRegressor|ru_ahk_inner_to_ru_aho_inner|Mixed transfer,different_mechanism_transfer|SVR|ru_ahk_outer_to_ru_aho_inner|Mixed transfer,ExtraTreesRegressor,ru_ahk_inner_to_ru_aho_inner,Mixed transfer,SVR,ru_ahk_outer_to_ru_aho_inner,Mixed transfer,0.629535046436217,0.5979168108291566,0.03161823560706045,0.38806613952494584,0.3950637797147869,0.575620720559871,0.5996817220888904,98
MACCS,65,same_mechanism_transfer|ExtraTreesRegressor|ru_ahk_inner_to_ru_aho_inner|Mixed transfer,different_mechanism_transfer|SVR|ru_ahk_outer_to_ru_aho_inner|Mixed transfer,ExtraTreesRegressor,ru_ahk_inner_to_ru_aho_inner,Mixed transfer,SVR,ru_ahk_outer_to_ru_aho_inner,Mixed transfer,0.5471731907049378,0.5744864593972565,-0.02731326869231876,0.41100058501908127,0.4231743590345746,0.6363981662609437,0.6169067843963093,98
MACCS,66,same_mechanism_transfer|ExtraTreesRegressor|ru_ahk_inner_to_ru_aho_inner|Mixed transfer,different_mechanism_transfer|SVR|ru_ahk_outer_to_ru_aho_inner|Mixed transfer,ExtraTreesRegressor,ru_ahk_inner_to_ru_aho_inner,Mixed transfer,SVR,ru_ahk_outer_to_ru_aho_inner,Mixed transfer,0.5885856204763831,0.5796771948882975,0.008908425588085578,0.4021220780575359,0.4153792605176608,0.6066002535231684,0.6131324912540185,98
MACCS,67,same_mechanism_transfer|ExtraTreesRegressor|ru_ahk_inner_to_ru_aho_inner|Mixed transfer,different_mechanism_transfer|SVR|ru_ahk_outer_to_ru_aho_inner|Mixed transfer,ExtraTreesRegressor,ru_ahk_inner_to_ru_aho_inner,Mixed transfer,SVR,ru_ahk_outer_to_ru_aho_inner,Mixed transfer,0.573247986237212,0.5456341854421938,0.027613800795018184,0.3956684251405761,0.43390080519539537,0.6178038972968182,0.6374787000750335,98
MACCS,68,same_mechanism_transfer|ExtraTreesRegressor|ru_ahk_inner_to_ru_aho_inner|Mixed transfer,different_mechanism_transfer|SVR|ru_ahk_outer_to_ru_aho_inner|Mixed transfer,ExtraTreesRegressor,ru_ahk_inner_to_ru_aho_inner,Mixed transfer,SVR,ru_ahk_outer_to_ru_aho_inner,Mixed transfer,0.6829903224279464,0.6024616706262969,0.08052865180164959,0.3579806928469303,0.3957370603277373,0.5324748676548003,0.5962829044462861,98
MACCS,69,same_mechanism_transfer|ExtraTreesRegressor|ru_ahk_inner_to_ru_aho_inner|Mixed transfer,different_mechanism_transfer|SVR|ru_ahk_outer_to_ru_aho_inner|Mixed transfer,ExtraTreesRegressor,ru_ahk_inner_to_ru_aho_inner,Mixed transfer,SVR,ru_ahk_outer_to_ru_aho_inner,Mixed transfer,0.5611024894660206,0.5831142932820784,-0.02201180381605783,0.41407622979928344,0.40530398520378547,0.6265336668448017,0.6106204664780325,98
MACCS,70,same_mechanism_transfer|ExtraTreesRegressor|ru_ahk_inner_to_ru_aho_inner|Mixed transfer,different_mechanism_transfer|SVR|ru_ahk_outer_to_ru_aho_inner|Mixed transfer,ExtraTreesRegressor,ru_ahk_inner_to_ru_aho_inner,Mixed transfer,SVR,ru_ahk_outer_to_ru_aho_inner,Mixed transfer,0.5586302482163475,0.581743245058371,-0.023112996842023503,0.39954337020868186,0.41286539792825083,0.6282957721454407,0.6116237425403522,98
MACCS,71,same_mechanism_transfer|ExtraTreesRegressor|ru_ahk_inner_to_ru_aho_inner|Mixed transfer,different_mechanism_transfer|SVR|ru_ahk_outer_to_ru_aho_inner|Mixed transfer,ExtraTreesRegressor,ru_ahk_inner_to_ru_aho_inner,Mixed transfer,SVR,ru_ahk_outer_to_ru_aho_inner,Mixed transfer,0.6483270769314285,0.5412828706513537,0.10704420628007483,0.3464673663826765,0.4278246999390064,0.5608313982439489,0.6405238906494493,98
MACCS,72,same_mechanism_transfer|ExtraTreesRegressor|ru_ahk_inner_to_ru_aho_inner|Mixed transfer,different_mechanism_transfer|SVR|ru_ahk_outer_to_ru_aho_inner|Mixed transfer,ExtraTreesRegressor,ru_ahk_inner_to_ru_aho_inner,Mixed transfer,SVR,ru_ahk_outer_to_ru_aho_inner,Mixed transfer,0.6488893912313631,0.600062304033646,0.04882708719771711,0.3644961664197907,0.40062972290791166,0.5603828426978115,0.5980796481743426,98
MACCS,73,same_mechanism_transfer|ExtraTreesRegressor|ru_ahk_inner_to_ru_aho_inner|Mixed transfer,different_mechanism_transfer|SVR|ru_ahk_outer_to_ru_aho_inner|Mixed transfer,ExtraTreesRegressor,ru_ahk_inner_to_ru_aho_inner,Mixed transfer,SVR,ru_ahk_outer_to_ru_aho_inner,Mixed transfer,0.47900504254763576,0.5978675129864586,-0.11886247043882281,0.4365971052239058,0.4112757430729759,0.6826209518043029,0.5997184832740194,98
MACCS,74,same_mechanism_transfer|ExtraTreesRegressor|ru_ahk_inner_to_ru_aho_inner|Mixed transfer,different_mechanism_transfer|SVR|ru_ahk_outer_to_ru_aho_inner|Mixed transfer,ExtraTreesRegressor,ru_ahk_inner_to_ru_aho_inner,Mixed transfer,SVR,ru_ahk_outer_to_ru_aho_inner,Mixed transfer,0.5768376486507452,0.5746639397273081,0.0021737089234370455,0.4076191742841981,0.42144435858514534,0.6152000539803406,0.6167781160597026,98
MACCS,75,same_mechanism_transfer|ExtraTreesRegressor|ru_ahk_inner_to_ru_aho_inner|Mixed transfer,different_mechanism_transfer|SVR|ru_ahk_outer_to_ru_aho_inner|Mixed transfer,ExtraTreesRegressor,ru_ahk_inner_to_ru_aho_inner,Mixed transfer,SVR,ru_ahk_outer_to_ru_aho_inner,Mixed transfer,0.6550106535926679,0.5980177674865166,0.056992886106151275,0.3788309428271009,0.40416506246121237,0.5554765071634222,0.5996064321184028,98
MACCS,76,same_mechanism_transfer|ExtraTreesRegressor|ru_ahk_inner_to_ru_aho_inner|Mixed transfer,different_mechanism_transfer|SVR|ru_ahk_outer_to_ru_aho_inner|Mixed transfer,ExtraTreesRegressor,ru_ahk_inner_to_ru_aho_inner,Mixed transfer,SVR,ru_ahk_outer_to_ru_aho_inner,Mixed transfer,0.6381015743966347,0.6139043332269647,0.024197241169670036,0.3732738928285924,0.38801841937778025,0.5689265494212549,0.58763860325739,98
MACCS,77,same_mechanism_transfer|ExtraTreesRegressor|ru_ahk_inner_to_ru_aho_inner|Mixed transfer,different_mechanism_transfer|SVR|ru_ahk_outer_to_ru_aho_inner|Mixed transfer,ExtraTreesRegressor,ru_ahk_inner_to_ru_aho_inner,Mixed transfer,SVR,ru_ahk_outer_to_ru_aho_inner,Mixed transfer,0.5557771252487471,0.5897289283320403,-0.03395180308329315,0.4128035000507689,0.40501021452860964,0.6303232303661195,0.605756805450513,98
MACCS,78,same_mechanism_transfer|ExtraTreesRegressor|ru_ahk_inner_to_ru_aho_inner|Mixed transfer,different_mechanism_transfer|SVR|ru_ahk_outer_to_ru_aho_inner|Mixed transfer,ExtraTreesRegressor,ru_ahk_inner_to_ru_aho_inner,Mixed transfer,SVR,ru_ahk_outer_to_ru_aho_inner,Mixed transfer,0.6821531282622018,0.562342724497633,0.11981040376456875,0.3594641876182278,0.42388157537852744,0.5331775132720357,0.6256478122819493,98
MACCS,79,same_mechanism_transfer|ExtraTreesRegressor|ru_ahk_inner_to_ru_aho_inner|Mixed transfer,different_mechanism_transfer|SVR|ru_ahk_outer_to_ru_aho_inner|Mixed transfer,ExtraTreesRegressor,ru_ahk_inner_to_ru_aho_inner,Mixed transfer,SVR,ru_ahk_outer_to_ru_aho_inner,Mixed transfer,0.624988093516906,0.547170638518515,0.07781745499839099,0.3869312133329902,0.4403758794494399,0.5791424277953691,0.636399959666764,98
MACCS,80,same_mechanism_transfer|ExtraTreesRegressor|ru_ahk_inner_to_ru_aho_inner|Mixed transfer,different_mechanism_transfer|SVR|ru_ahk_outer_to_ru_aho_inner|Mixed transfer,ExtraTreesRegressor,ru_ahk_inner_to_ru_aho_inner,Mixed transfer,SVR,ru_ahk_outer_to_ru_aho_inner,Mixed transfer,0.6870769351097588,0.5761529829492664,0.11092395216049233,0.34229701731521045,0.3988371638178338,0.5290316337339749,0.6156975416911584,98
MACCS,81,same_mechanism_transfer|ExtraTreesRegressor|ru_ahk_inner_to_ru_aho_inner|Mixed transfer,different_mechanism_transfer|SVR|ru_ahk_outer_to_ru_aho_inner|Mixed transfer,ExtraTreesRegressor,ru_ahk_inner_to_ru_aho_inner,Mixed transfer,SVR,ru_ahk_outer_to_ru_aho_inner,Mixed transfer,0.5205873168232582,0.5387885131524847,-0.018201196329226454,0.42548998227083745,0.4411512303167942,0.6548134838251793,0.6422630120089415,98
MACCS,82,same_mechanism_transfer|ExtraTreesRegressor|ru_ahk_inner_to_ru_aho_inner|Mixed transfer,different_mechanism_transfer|SVR|ru_ahk_outer_to_ru_aho_inner|Mixed transfer,ExtraTreesRegressor,ru_ahk_inner_to_ru_aho_inner,Mixed transfer,SVR,ru_ahk_outer_to_ru_aho_inner,Mixed transfer,0.5920742541924997,0.5455014038185353,0.046572850373964414,0.3936987514056616,0.43252562753284607,0.6040229112195242,0.6375718400857281,98
MACCS,83,same_mechanism_transfer|ExtraTreesRegressor|ru_ahk_inner_to_ru_aho_inner|Mixed transfer,different_mechanism_transfer|SVR|ru_ahk_outer_to_ru_aho_inner|Mixed transfer,ExtraTreesRegressor,ru_ahk_inner_to_ru_aho_inner,Mixed transfer,SVR,ru_ahk_outer_to_ru_aho_inner,Mixed transfer,0.6109561127658468,0.575065429149942,0.03589068361590486,0.37199280034441073,0.4157355066530248,0.5898779360923999,0.6164869482314296,98
MACCS,84,same_mechanism_transfer|ExtraTreesRegressor|ru_ahk_inner_to_ru_aho_inner|Mixed transfer,different_mechanism_transfer|SVR|ru_ahk_outer_to_ru_aho_inner|Mixed transfer,ExtraTreesRegressor,ru_ahk_inner_to_ru_aho_inner,Mixed transfer,SVR,ru_ahk_outer_to_ru_aho_inner,Mixed transfer,0.6795281354929779,0.5699842319022979,0.10954390359068,0.3634726863467051,0.4337466814974507,0.5353746550878925,0.6201618470284543,98
MACCS,85,same_mechanism_transfer|ExtraTreesRegressor|ru_ahk_inner_to_ru_aho_inner|Mixed transfer,different_mechanism_transfer|SVR|ru_ahk_outer_to_ru_aho_inner|Mixed transfer,ExtraTreesRegressor,ru_ahk_inner_to_ru_aho_inner,Mixed transfer,SVR,ru_ahk_outer_to_ru_aho_inner,Mixed transfer,0.6235927845088007,0.5667621971425805,0.056830587366220264,0.37682907416128497,0.4151156590622454,0.5802188367948776,0.6224808945171598,98
MACCS,86,same_mechanism_transfer|ExtraTreesRegressor|ru_ahk_inner_to_ru_aho_inner|Mixed transfer,different_mechanism_transfer|SVR|ru_ahk_outer_to_ru_aho_inner|Mixed transfer,ExtraTreesRegressor,ru_ahk_inner_to_ru_aho_inner,Mixed transfer,SVR,ru_ahk_outer_to_ru_aho_inner,Mixed transfer,0.6207789744781631,0.5970164426583731,0.023762531819790045,0.3949293253020249,0.398396578719657,0.5823834948009504,0.6003527678134135,98
MACCS,87,same_mechanism_transfer|ExtraTreesRegressor|ru_ahk_inner_to_ru_aho_inner|Mixed transfer,different_mechanism_transfer|SVR|ru_ahk_outer_to_ru_aho_inner|Mixed transfer,ExtraTreesRegressor,ru_ahk_inner_to_ru_aho_inner,Mixed transfer,SVR,ru_ahk_outer_to_ru_aho_inner,Mixed transfer,0.5972284990040975,0.5613050617101606,0.03592343729393688,0.3928648877078217,0.4166363767367542,0.6001947894491231,0.6263890624941505,98
MACCS,88,same_mechanism_transfer|ExtraTreesRegressor|ru_ahk_inner_to_ru_aho_inner|Mixed transfer,different_mechanism_transfer|SVR|ru_ahk_outer_to_ru_aho_inner|Mixed transfer,ExtraTreesRegressor,ru_ahk_inner_to_ru_aho_inner,Mixed transfer,SVR,ru_ahk_outer_to_ru_aho_inner,Mixed transfer,0.3865582400733112,0.4471247959815978,-0.060566555908286634,0.4574660751178504,0.4734796705869726,0.7407122423487047,0.7031960303013266,98
MACCS,89,same_mechanism_transfer|ExtraTreesRegressor|ru_ahk_inner_to_ru_aho_inner|Mixed transfer,different_mechanism_transfer|SVR|ru_ahk_outer_to_ru_aho_inner|Mixed transfer,ExtraTreesRegressor,ru_ahk_inner_to_ru_aho_inner,Mixed transfer,SVR,ru_ahk_outer_to_ru_aho_inner,Mixed transfer,0.36125490963751616,0.5583513174073842,-0.19709640776986803,0.46810074708331517,0.4333558451380433,0.7558343785193019,0.6284942716663539,98
MACCS,90,same_mechanism_transfer|ExtraTreesRegressor|ru_ahk_inner_to_ru_aho_inner|Mixed transfer,different_mechanism_transfer|SVR|ru_ahk_outer_to_ru_aho_inner|Mixed transfer,ExtraTreesRegressor,ru_ahk_inner_to_ru_aho_inner,Mixed transfer,SVR,ru_ahk_outer_to_ru_aho_inner,Mixed transfer,0.5151954898509816,0.5665477384852688,-0.05135224863428722,0.4414262539524475,0.42056494418039714,0.6584854448687553,0.6226349437476381,98
MACCS,91,same_mechanism_transfer|ExtraTreesRegressor|ru_ahk_inner_to_ru_aho_inner|Mixed transfer,different_mechanism_transfer|SVR|ru_ahk_outer_to_ru_aho_inner|Mixed transfer,ExtraTreesRegressor,ru_ahk_inner_to_ru_aho_inner,Mixed transfer,SVR,ru_ahk_outer_to_ru_aho_inner,Mixed transfer,0.596670201457945,0.5674331553770069,0.029237046080938134,0.39249927673624263,0.4204415539465578,0.6006106222951705,0.6219986876180611,98
MACCS,92,same_mechanism_transfer|ExtraTreesRegressor|ru_ahk_inner_to_ru_aho_inner|Mixed transfer,different_mechanism_transfer|SVR|ru_ahk_outer_to_ru_aho_inner|Mixed transfer,ExtraTreesRegressor,ru_ahk_inner_to_ru_aho_inner,Mixed transfer,SVR,ru_ahk_outer_to_ru_aho_inner,Mixed transfer,0.5146561126296889,0.5514785672338522,-0.036822454604163335,0.4587060841829756,0.430510947765058,0.6588516474399704,0.6333655746746673,98
MACCS,93,same_mechanism_transfer|ExtraTreesRegressor|ru_ahk_inner_to_ru_aho_inner|Mixed transfer,different_mechanism_transfer|SVR|ru_ahk_outer_to_ru_aho_inner|Mixed transfer,ExtraTreesRegressor,ru_ahk_inner_to_ru_aho_inner,Mixed transfer,SVR,ru_ahk_outer_to_ru_aho_inner,Mixed transfer,0.6818594187011716,0.59142325652609,0.09043616217508166,0.3617594117112944,0.4039580444773487,0.5334238003794574,0.6045046909961899,98
MACCS,94,same_mechanism_transfer|ExtraTreesRegressor|ru_ahk_inner_to_ru_aho_inner|Mixed transfer,different_mechanism_transfer|SVR|ru_ahk_outer_to_ru_aho_inner|Mixed transfer,ExtraTreesRegressor,ru_ahk_inner_to_ru_aho_inner,Mixed transfer,SVR,ru_ahk_outer_to_ru_aho_inner,Mixed transfer,0.6465867189163259,0.594111497685095,0.05247522123123094,0.36456856577900537,0.3996264939470466,0.562217406049336,0.6025127319960255,98
MACCS,95,same_mechanism_transfer|ExtraTreesRegressor|ru_ahk_inner_to_ru_aho_inner|Mixed transfer,different_mechanism_transfer|SVR|ru_ahk_outer_to_ru_aho_inner|Mixed transfer,ExtraTreesRegressor,ru_ahk_inner_to_ru_aho_inner,Mixed transfer,SVR,ru_ahk_outer_to_ru_aho_inner,Mixed transfer,0.6760623970701751,0.5524864651732259,0.12357593189694926,0.3544761825447457,0.43236885524818397,0.5382617712072765,0.6326535385905606,98
MACCS,96,same_mechanism_transfer|ExtraTreesRegressor|ru_ahk_inner_to_ru_aho_inner|Mixed transfer,different_mechanism_transfer|SVR|ru_ahk_outer_to_ru_aho_inner|Mixed transfer,ExtraTreesRegressor,ru_ahk_inner_to_ru_aho_inner,Mixed transfer,SVR,ru_ahk_outer_to_ru_aho_inner,Mixed transfer,0.5659370917398276,0.57643310558763,-0.010496013847802299,0.41726576810553556,0.4092806313192248,0.6230733728668276,0.6154940492528456,98
MACCS,97,same_mechanism_transfer|ExtraTreesRegressor|ru_ahk_inner_to_ru_aho_inner|Mixed transfer,different_mechanism_transfer|SVR|ru_ahk_outer_to_ru_aho_inner|Mixed transfer,ExtraTreesRegressor,ru_ahk_inner_to_ru_aho_inner,Mixed transfer,SVR,ru_ahk_outer_to_ru_aho_inner,Mixed transfer,0.614312168355161,0.5659139884876627,0.04839817986749828,0.38641174338337747,0.4240710111794454,0.5873281581946114,0.6230899543685361,98
MACCS,98,same_mechanism_transfer|ExtraTreesRegressor|ru_ahk_inner_to_ru_aho_inner|Mixed transfer,different_mechanism_transfer|SVR|ru_ahk_outer_to_ru_aho_inner|Mixed transfer,ExtraTreesRegressor,ru_ahk_inner_to_ru_aho_inner,Mixed transfer,SVR,ru_ahk_outer_to_ru_aho_inner,Mixed transfer,0.6050633302802746,0.5809987581145895,0.02406457216568514,0.38915802885793294,0.4143283074193205,0.5943285373674823,0.6121678382894433,98
MACCS,99,same_mechanism_transfer|ExtraTreesRegressor|ru_ahk_inner_to_ru_aho_inner|Mixed transfer,different_mechanism_transfer|SVR|ru_ahk_outer_to_ru_aho_inner|Mixed transfer,ExtraTreesRegressor,ru_ahk_inner_to_ru_aho_inner,Mixed transfer,SVR,ru_ahk_outer_to_ru_aho_inner,Mixed transfer,0.5850382928571546,0.5830128623175153,0.002025430539639328,0.40158484708398495,0.40669025327128333,0.6092097774677987,0.6106947458968413,98
MACCS,100,same_mechanism_transfer|ExtraTreesRegressor|ru_ahk_inner_to_ru_aho_inner|Mixed transfer,different_mechanism_transfer|SVR|ru_ahk_outer_to_ru_aho_inner|Mixed transfer,ExtraTreesRegressor,ru_ahk_inner_to_ru_aho_inner,Mixed transfer,SVR,ru_ahk_outer_to_ru_aho_inner,Mixed transfer,0.598598723305779,0.5700185046436885,0.028580218662090484,0.3982572828714212,0.40985635741944104,0.5991729915727172,0.6201371327369072,98
