target_index,fold_id_baseline,y_true_baseline,y_pred_baseline,fold_id_different,y_true_different,y_pred_different,fold_id_same,y_true_same,y_pred_same,y_true,abs_error_target_only,abs_error_different,abs_error_same,delta_abs_error_different,delta_abs_error_same,is_target_only_high_error
0,1,4.50050002,2.365892781892209,1,4.50050002,2.5365826023160083,1,4.50050002,2.484255033499995,4.50050002,2.1346072381077907,1.9639174176839913,2.0162449865000047,-0.17068982042379943,-0.11836225160778602,True
1,5,4.50050002,2.660955572969006,5,4.50050002,2.7842259927981567,5,4.50050002,3.134375970000004,4.50050002,1.8395444470309936,1.7162740272018429,1.3661240499999958,-0.12327041982915077,-0.4734203970309978,True
2,5,3.84937533,2.512955545848325,5,3.84937533,2.755684595555452,5,3.84937533,2.9276644500000035,3.84937533,1.336419784151675,1.093690734444548,0.9217108799999965,-0.24272904970712705,-0.4147089041516785,True
3,3,3.67873076,2.213994200744652,3,3.67873076,2.165137718825188,3,3.67873076,2.646669720000003,3.67873076,1.464736559255348,1.5135930411748122,1.0320610399999972,0.04885648191946412,-0.43267551925535086,True
6,3,3.13437597,1.4387622998151934,3,3.13437597,2.078174245216873,3,3.13437597,3.134375970000004,3.13437597,1.6956136701848064,1.0562017247831266,3.9968028886505635e-15,-0.6394119454016798,-1.6956136701848024,True
7,3,3.13437597,1.667814832926634,3,3.13437597,2.980981690800183,3,3.13437597,3.134375970000004,3.13437597,1.4665611370733658,0.15339427919981663,3.9968028886505635e-15,-1.3131668578735491,-1.4665611370733618,True
8,3,3.13437597,1.585451771985637,3,3.13437597,2.078156899247617,3,3.13437597,3.134375970000004,3.13437597,1.5489241980143629,1.0562190707523826,3.9968028886505635e-15,-0.49270512726198024,-1.5489241980143589,True
15,2,2.72095293,1.9751732592787377,2,2.72095293,1.9690386779424336,2,2.72095293,2.284894721999996,2.72095293,0.7457796707212625,0.7519142520575666,0.43605820800000394,0.006134581336304068,-0.30972146272125856,True
22,1,2.63729647,1.929736461476843,1,2.63729647,2.0072872602059326,1,2.63729647,2.2806840161333306,2.63729647,0.7075600085231568,0.6300092097940673,0.3566124538666693,-0.07755079872908954,-0.3509475546564875,True
26,1,2.49268506,1.782617574245695,1,2.49268506,1.704455853654586,1,2.49268506,2.111170689999996,2.49268506,0.710067485754305,0.7882292063454139,0.3815143700000041,0.07816172059110893,-0.3285531157543009,True
43,4,2.11117069,1.5973603091247932,4,2.11117069,1.5989490116142393,4,2.11117069,1.7371595675,2.11117069,0.5138103808752066,0.5122216783857605,0.3740111224999998,-0.0015887024894460922,-0.1397992583752068,True
46,4,2.00941149,2.632126791936199,4,2.00941149,2.636907403063858,4,2.00941149,1.9859303259999963,2.00941149,0.6227153019361986,0.627495913063858,0.023481164000003885,0.004780611127659373,-0.5992341379361947,True
49,2,1.9607788,1.1617696471798282,2,1.9607788,1.7902929201716775,2,1.9607788,0.9805929651000004,1.9607788,0.7990091528201717,0.17048587982832242,0.9801858348999996,-0.6285232729918493,0.18117668207982784,True
56,3,1.73731552,2.5833142585679485,3,1.73731552,2.671409243859925,3,1.73731552,2.3671741900000063,1.73731552,0.8459987385679486,0.934093723859925,0.6298586700000064,0.08809498529197635,-0.2161400685679422,True
60,5,1.62929332,2.635219394793141,5,1.62929332,2.638705237001583,5,1.62929332,2.009411489999998,1.62929332,1.0059260747931411,1.0094119170015832,0.38011816999999803,0.003485842208442058,-0.6258079047931431,True
68,2,1.49260764,2.007452789160232,2,1.49260764,1.9890511071516184,2,1.49260764,2.0152786876000004,1.49260764,0.5148451491602322,0.49644346715161847,0.5226710476000005,-0.018401682008613696,0.00782589843976833,True
76,3,1.36999511,0.3124261311965912,3,1.36999511,0.5050805768360322,3,1.36999511,0.0118491175,1.36999511,1.0575689788034088,0.8649145331639678,1.3581459925000001,-0.192654445639441,0.3005770136965913,True
86,5,0.67501313,1.7830411215308757,5,0.67501313,1.410413373821978,5,0.67501313,2.9689271355714237,0.67501313,1.1080279915308757,0.735400243821978,2.2939140055714238,-0.3726277477088977,1.185886014040548,True
87,5,0.56782018,1.9140357153290477,5,0.56782018,2.0637194811079365,5,0.56782018,0.4878111692902148,0.56782018,1.3462155353290477,1.4958993011079365,0.08000901070978522,0.14968376577888876,-1.2662065246192624,True
88,2,0.39647984,1.0276202551019726,2,0.39647984,1.0095567702181585,2,0.39647984,0.8043824800000007,0.39647984,0.6311404151019726,0.6130769302181585,0.4079026400000007,-0.01806348488381415,-0.2232377751019719,True
89,5,0.33293116,1.9623725523234616,5,0.33293116,2.065595393572416,5,0.33293116,0.549216350712053,0.33293116,1.6294413923234616,1.732664233572416,0.216285190712053,0.10322284124895442,-1.4131562016114088,True
92,5,0.09139463,1.9716595321939256,5,0.09139463,2.066217953660016,5,0.09139463,0.4979376046714548,0.09139463,1.8802649021939257,1.974823323660016,0.40654297467145484,0.09455842146609017,-1.4737219275224709,True
94,1,0.04739647,1.5672101178385374,1,0.04739647,1.7925509016527177,1,0.04739647,0.8025459699999985,0.04739647,1.5198136478385373,1.7451544316527177,0.7551494999999985,0.22534078381418032,-0.7646641478385389,True
96,4,0.0,1.1529880872126874,4,0.0,1.0687526123570397,4,0.0,0.8369699199999989,0.0,1.1529880872126874,1.0687526123570397,0.8369699199999989,-0.08423547485564775,-0.3160181672126885,True
97,4,0.0,1.2248926519943244,4,0.0,1.3693931795230057,4,0.0,0.8025459699999985,0.0,1.2248926519943244,1.3693931795230057,0.8025459699999985,0.14450052752868126,-0.4223466819943259,True
