target_index,fold_id_baseline,y_true_baseline,y_pred_baseline,fold_id_different,y_true_different,y_pred_different,fold_id_same,y_true_same,y_pred_same,y_true,abs_error_target_only,abs_error_different,abs_error_same,delta_abs_error_different_vs_target,delta_abs_error_same_vs_target,same_minus_different_abs_error,plot_order
47,1,1.97754867,1.987367917966888,1,1.97754867,2.033431001309476,1,1.97754867,1.261413950928418,1.97754867,0.009819247966887934,0.05588233130947584,0.7161347190715821,0.04606308334258791,0.7063154711046942,0.6602523877621063,1
45,2,2.01889808,2.030333400701531,2,2.01889808,2.039122047836306,2,2.01889808,2.0229741518424023,2.01889808,0.011435320701530749,0.020223967836305867,0.004076071842402218,0.008788647134775118,-0.007359248859128531,-0.01614789599390365,2
72,2,1.40708549,1.3800713793833148,2,1.40708549,1.4133254697175892,2,1.40708549,1.5138718253999963,1.40708549,0.02701411061668524,0.006239979717589161,0.10678633539999627,-0.020774130899096077,0.07977222478331103,0.10054635568240711,3
77,4,1.36283425,1.3273807769561785,4,1.36283425,1.488538583647125,4,1.36283425,1.3678974469999985,1.36283425,0.035453473043821404,0.12570433364712508,0.005063196999998576,0.09025086060330367,-0.030390276043822828,-0.1206411366471265,4
17,3,2.72095293,2.757743923104881,3,2.72095293,2.8864070425517445,3,2.72095293,2.730665971000004,2.72095293,0.036790993104880876,0.16545411255174436,0.009713041000003919,0.12866311944686348,-0.027077952104876957,-0.15574107155174044,5
90,1,0.19433377,0.1550910822715034,1,0.19433377,0.1549415960019007,1,0.19433377,0.0481917100000001,0.19433377,0.039242687728496595,0.0393921739980993,0.14614205999999988,0.0001494862696027055,0.10689937227150328,0.10674988600190058,6
73,1,1.39055932,1.4315575368151054,1,1.39055932,1.4319343549222534,1,1.39055932,1.5136919299999962,1.39055932,0.040998216815105515,0.04137503492225347,0.12313260999999631,0.00037681810714795816,0.0821343931848908,0.08175757507774284,7
32,4,2.30450133,2.253510675261223,4,2.30450133,2.3428738568366807,4,2.30450133,2.523268286800004,2.30450133,0.050990654738777064,0.0383725268366808,0.21876695680000413,-0.012618127902096266,0.16777630206122707,0.18039442996332333,8
48,4,1.96551622,1.91183180364714,4,1.96551622,2.027581582264715,4,1.96551622,1.9564869269581615,1.96551622,0.05368441635286003,0.06206536226471515,0.009029293041838526,0.00838094591185512,-0.044655123311021505,-0.053036069222876625,9
25,3,2.49823771,2.4416220540539366,3,2.49823771,1.8731704472166284,3,2.49823771,2.6917631999999987,2.49823771,0.05661565594606355,0.6250672627833718,0.19352548999999852,0.5684516068373082,0.13690983405393498,-0.43154177278337325,10
53,3,1.84440958,1.9059473064765184,3,1.84440958,1.958479773811932,3,1.84440958,1.808486638300001,1.84440958,0.06153772647651845,0.11407019381193195,0.0359229416999991,0.0525324673354135,-0.02561478477651935,-0.07814725211193285,11
19,3,2.72095293,2.6472341858893014,3,2.72095293,2.7365236343714203,3,2.72095293,2.706356953000004,2.72095293,0.07371874411069879,0.015570704371420163,0.014595976999996374,-0.05814803973927862,-0.05912276711070241,-0.0009747273714237892,12
66,4,1.51369193,1.431988174542766,4,1.51369193,1.431652662274208,4,1.51369193,1.5178609144999975,1.51369193,0.08170375545723396,0.08203926772579195,0.0041689844999974746,0.00033551226855799143,-0.07753477095723649,-0.07787028322579448,13
75,1,1.36999511,1.4533652427827637,1,1.36999511,1.454270601092928,1,1.36999511,1.3539045600000004,1.36999511,0.08337013278276362,0.08427549109292798,0.016090549999999704,0.0009053583101643614,-0.06727958278276391,-0.06818494109292828,14
64,1,1.53168147,1.4401226045756297,1,1.53168147,1.453040586034697,1,1.53168147,1.5410116027999985,1.53168147,0.09155886542437042,0.078640883965303,0.009330132799998392,-0.012917981459067418,-0.08222873262437203,-0.06931075116530461,15
74,5,1.38325909,1.4756849447956952,5,1.38325909,1.6907928028391193,5,1.38325909,1.362834250000002,1.38325909,0.09242585479569532,0.30753371283911934,0.020424839999998,0.21510785804342403,-0.07200101479569732,-0.28710887283912134,16
58,4,1.66417952,1.5695351648526767,4,1.66417952,1.4167866060538958,4,1.66417952,1.4426194362000004,1.66417952,0.09464435514732328,0.2473929139461042,0.22156008379999959,0.1527485587987809,0.1269157286526763,-0.0258328301461046,17
21,5,2.6917632,2.5959993802047485,5,2.6917632,2.5913913120473047,5,2.6917632,2.1752239840000054,2.6917632,0.0957638197952515,0.10037188795269536,0.5165392159999946,0.0046080681574438564,0.42077539620474314,0.4161673280472993,18
38,3,2.20688949,2.109036950145564,3,2.20688949,2.1561849001586184,3,2.20688949,2.248884463499997,2.20688949,0.09785253985443587,0.0507045898413816,0.041994973499996924,-0.047147950013054274,-0.05585756635443895,-0.008709616341384674,19
52,5,1.88185187,1.7839606704312376,5,1.88185187,1.7841804279609816,5,1.88185187,1.683957539999997,1.88185187,0.09789119956876235,0.09767144203901834,0.1978943300000029,-0.00021975752974401352,0.10000313043124054,0.10022288796098455,20
63,4,1.56019653,1.4608265673834608,4,1.56019653,1.4666929720878663,4,1.56019653,1.543656966058157,1.56019653,0.09936996261653919,0.09350355791213372,0.016539563941843083,-0.00586640470440547,-0.0828303986746961,-0.07696399397029063,21
83,1,0.83956097,0.7393297497869179,1,0.83956097,0.8802102943755661,1,0.83956097,0.7833722796690479,0.83956097,0.10023122021308206,0.04064932437556612,0.056188690330952085,-0.05958189583751594,-0.04404252988212998,0.015539365955385964,22
79,3,1.33471728,1.4400576210039338,3,1.33471728,1.4187250413540875,3,1.33471728,1.331779579999999,1.33471728,0.10534034100393375,0.0840077613540875,0.0029377000000010423,-0.02133257964984625,-0.1024026410039327,-0.08107006135408645,23
44,1,2.02174776,1.9148634893595435,1,2.02174776,1.9520719721532944,1,2.02174776,1.844409579999998,2.02174776,0.10688427064045625,0.06967578784670536,0.1773381800000018,-0.037208482793750886,0.07045390935954554,0.10766239215329643,24
82,5,0.99242206,1.1044005109428745,5,0.99242206,1.402235643815961,5,0.99242206,0.9985773946901224,0.99242206,0.11197845094287451,0.4098135838159611,0.006155334690122416,0.2978351328730866,-0.10582311625275209,-0.4036582491258387,25
78,3,1.35390456,1.468211507114042,3,1.35390456,1.4703292512145345,3,1.35390456,1.363371084800001,1.35390456,0.1143069471140421,0.11642469121453458,0.009466524800000986,0.00211774410049248,-0.10484042231404112,-0.1069581664145336,26
61,4,1.57873877,1.460621054002923,4,1.57873877,1.4667942387917967,4,1.57873877,1.556066300058157,1.57873877,0.11811771599707699,0.11194453120820325,0.02267246994184302,-0.006173184788873742,-0.09544524605523397,-0.08927206126636023,27
80,2,1.31904107,1.440030349992982,2,1.31904107,1.43565911816938,2,1.31904107,1.3347172800000031,1.31904107,0.12098927999298215,0.11661804816938015,0.015676210000003188,-0.004371231823601995,-0.10531306999297896,-0.10094183816937696,28
59,4,1.62929332,1.757421957398122,4,1.62929332,1.6463999052310585,4,1.62929332,0.9004103858062505,1.62929332,0.12812863739812208,0.01710658523105857,0.7288829341937494,-0.11102205216706351,0.6007542967956273,0.7117763489626908,29
29,5,2.47786275,2.348449360650969,5,2.47786275,2.6569357778806317,5,2.47786275,2.8936943059000004,2.47786275,0.1294133893490308,0.17907302788063184,0.41583155590000054,0.04965963853160105,0.28641816655096974,0.2367585280193687,30
23,5,2.61179564,2.4778219105381147,5,2.61179564,2.5102685155614566,5,2.61179564,2.049815310000005,2.61179564,0.13397372946188524,0.10152712443854339,0.561980329999995,-0.032446605023341846,0.4280066005381098,0.46045320556145164,31
67,4,1.51369193,1.3739422610173644,4,1.51369193,1.332016870965694,4,1.51369193,1.4039594271999982,1.51369193,0.13974966898263563,0.18167505903430592,0.1097325028000018,0.041925390051670286,-0.030017166182633837,-0.07194255623430412,32
9,2,3.13437597,2.991418241695804,2,3.13437597,2.8611069382750824,2,3.13437597,3.134375970000004,3.13437597,0.14295772830419562,0.27326903172491734,3.9968028886505635e-15,0.13031130342072172,-0.14295772830419162,-0.27326903172491335,33
18,1,2.72095293,2.57782597635365,1,2.72095293,2.5581360578869923,1,2.72095293,2.477862749999993,2.72095293,0.14312695364634997,0.16281687211300788,0.24309018000000737,0.019689918466657907,0.0999632263536574,0.08027330788699949,34
28,2,2.47786275,2.6212342357899185,2,2.47786275,2.5942292046317474,2,2.47786275,2.720952930000004,2.47786275,0.14337148578991865,0.11636645463174755,0.24309018000000426,-0.0270050311581711,0.09971869421008561,0.1267237253682567,35
12,1,2.72095293,2.572404703459197,1,2.72095293,2.570278489565222,1,2.72095293,2.785240103599996,2.72095293,0.14854822654080335,0.15067444043477796,0.06428717359999592,0.0021262138939746045,-0.08426105294080743,-0.08638726683478204,36
65,2,1.53168147,1.3800713793833148,2,1.53168147,1.4133254697175892,2,1.53168147,1.5138718253999963,1.53168147,0.1516100906166853,0.11835600028241089,0.017809644600003782,-0.0332540903342744,-0.1338004460166815,-0.10054635568240711,37
37,5,2.26077037,2.083994828102293,5,2.26077037,2.105781897011737,5,2.26077037,1.9721439716000004,2.26077037,0.17677554189770683,0.15498847298826313,0.2886263983999995,-0.021787068909443708,0.11185085650229265,0.13363792541173636,38
11,2,2.81808334,2.6273889202565406,2,2.81808334,2.6277690093659727,2,2.81808334,2.5322129504000013,2.81808334,0.19069441974345924,0.19031433063402714,0.28587038959999855,-0.0003800891094321024,0.09517596985653931,0.09555605896597141,39
27,3,2.47786275,2.6902108461648124,3,2.47786275,2.6656477997531858,3,2.47786275,4.500500020000003,2.47786275,0.21234809616481254,0.18778504975318588,2.0226372700000033,-0.024563046411626654,1.8102891738351907,1.8348522202468174,40
93,2,0.04819171,0.2636286474965628,2,0.04819171,0.1842353161972059,2,0.04819171,0.19433377,0.04819171,0.21543693749656279,0.1360436061972059,0.14614206,-0.07939333129935688,-0.0692948774965628,0.010098453802794088,41
71,5,1.47016368,1.6892528440719827,5,1.47016368,1.563994067653742,5,1.47016368,1.6641795200000025,1.47016368,0.21908916407198276,0.09383038765374208,0.1940158400000025,-0.12525877641824068,-0.025073324071980263,0.10018545234626042,42
40,1,2.13954868,1.91953401935671,1,2.13954868,2.008694051998647,1,2.13954868,2.0264734865889977,2.13954868,0.22001466064328978,0.13085462800135295,0.11307519341100214,-0.08916003264193684,-0.10693946723228764,-0.017779434590350807,43
13,3,2.72095293,2.4859819515692614,3,2.72095293,2.6034677149480374,3,2.72095293,2.6861772043000034,2.72095293,0.23497097843073877,0.11748521505196274,0.03477572569999676,-0.11748576337877603,-0.200195252730742,-0.08270948935196598,44
24,3,2.49823771,2.256772796740288,3,2.49823771,2.1770975746129384,3,2.49823771,2.320026539099997,2.49823771,0.24146491325971198,0.32114013538706176,0.17821117090000316,0.07967522212734979,-0.06325374235970882,-0.1429289644870586,45
57,4,1.68395754,1.9297590939932787,4,1.68395754,1.9822012694958628,4,1.68395754,1.8818518699999984,1.68395754,0.24580155399327874,0.29824372949586286,0.19789432999999845,0.05244217550258412,-0.04790722399328029,-0.10034939949586441,46
91,5,0.10866753,0.3621535673673217,5,0.10866753,0.2448399655443498,5,0.10866753,0.1245860683042792,0.10866753,0.25348603736732167,0.13617243554434982,0.015918538304279195,-0.11731360182297185,-0.23756749906304248,-0.12025389724007063,47
51,5,1.94448624,1.6731856156195783,5,1.94448624,1.6561155479865668,5,1.94448624,1.9655162200000031,1.94448624,0.2713006243804217,0.28837069201343324,0.021029980000003112,0.017070067633011554,-0.25027064438041857,-0.2673407120134301,48
30,2,2.3515711,2.0755190258777927,2,2.3515711,2.530487602456099,2,2.3515711,2.470622544850003,2.3515711,0.27605207412220745,0.17891650245609902,0.11905144485000285,-0.09713557166610842,-0.1570006292722046,-0.05986505760609617,49
14,5,2.72095293,2.4421426748441384,5,2.72095293,2.575405999259007,5,2.72095293,2.6834722860000038,2.72095293,0.2788102551558618,0.14554693074099312,0.0374806439999964,-0.13326332441486866,-0.24132961115586538,-0.10806628674099672,50
81,1,1.00421655,1.2838757547358566,1,1.00421655,1.392269740508158,1,1.00421655,0.9924220599999992,1.00421655,0.2796592047358566,0.3880531905081581,0.011794490000000768,0.10839398577230153,-0.2678647147358558,-0.37625870050815735,51
41,4,2.13444943,1.852301791533504,4,2.13444943,1.984753179310219,4,2.13444943,1.6926846059999996,2.13444943,0.28214763846649604,0.14969625068978099,0.4417648240000005,-0.13245138777671506,0.15961718553350446,0.2920685733102195,52
36,3,2.28957767,2.5833142585679485,3,2.28957767,2.671409243859925,3,2.28957767,2.3671741900000063,2.28957767,0.2937365885679486,0.38183157385992494,0.07759652000000639,0.08809498529197635,-0.2161400685679422,-0.30423505385991856,53
16,2,2.72095293,3.034133558919078,2,2.72095293,2.8765095400661185,2,2.72095293,3.134375970000004,2.72095293,0.3131806289190777,0.15555661006611832,0.4134230400000036,-0.1576240188529594,0.10024241108092591,0.2578664299338853,54
4,1,3.13437597,2.821136703508341,1,3.13437597,2.800735666867244,1,3.13437597,2.720952930000004,3.13437597,0.3132392664916588,0.3336403031327557,0.41342303999999563,0.020401036641096937,0.10018377350833685,0.07978273686723991,55
10,1,2.89279432,2.573755068991106,1,2.89279432,2.573110342722228,1,2.89279432,2.8016617217999946,2.89279432,0.3190392510088942,0.319683977277772,0.09113259820000552,0.0006447262688777933,-0.22790665280888867,-0.22855137907776646,56
84,4,0.80438248,1.1370846649474953,4,0.80438248,1.0485364248096372,4,0.80438248,1.1814350189948677,0.80438248,0.33270218494749526,0.24415394480963715,0.3770525389948677,-0.08854824013785811,0.04435035404737242,0.13289859418523053,57
55,3,1.80901573,2.1458429382480704,3,1.80901573,2.092003693765397,3,1.80901573,2.312830361999996,1.80901573,0.33682720824807033,0.28298796376539714,0.5038146319999961,-0.05383924448267319,0.16698742375192577,0.22082666823459896,58
33,2,2.30450133,2.6463204826470124,2,2.30450133,2.6019173804675244,2,2.30450133,3.3513493133000014,2.30450133,0.34181915264701246,0.2974160504675245,1.0468479833000015,-0.04440310217948795,0.705028830652989,0.749431932832477,59
62,1,1.56906465,1.9137883073253947,1,1.56906465,1.980152170819421,1,1.56906465,1.8453579276382917,1.56906465,0.3447236573253947,0.4110875208194209,0.2762932776382916,0.06636386349402623,-0.06843037968710308,-0.13479424318112931,60
20,5,2.72095293,2.375290361329906,5,2.72095293,2.512931668775066,5,2.72095293,2.6893512066000027,2.72095293,0.34566256867009404,0.20802126122493414,0.03160172339999745,-0.1376413074451599,-0.3140608452700966,-0.1764195378249367,61
35,2,2.30450133,2.6596490041162664,2,2.30450133,2.770462535667033,2,2.30450133,3.044797327900002,2.30450133,0.35514767411626647,0.46596120566703325,0.7402959979000019,0.11081353155076679,0.3851483237837354,0.27433479223296864,62
50,4,1.95650617,1.59798226616408,4,1.95650617,1.5879900017084372,4,1.95650617,1.488233698,1.95650617,0.35852390383592003,0.36851616829156275,0.468272472,0.009992264455642719,0.10974856816407996,0.09975630370843724,63
31,1,2.30450133,1.9445216453989256,1,2.30450133,1.9431144448150448,1,2.30450133,1.809015729999999,2.30450133,0.3599796846010743,0.3613868851849551,0.49548560000000097,0.0014072005838807744,0.13550591539892665,0.13409871481504587,64
69,2,1.48763592,1.865399310399641,2,1.48763592,1.9174638562315596,2,1.48763592,2.3045013299999955,1.48763592,0.3777633903996409,0.42982793623155957,0.8168654099999955,0.05206454583191866,0.43910201960035455,0.3870374737684359,65
95,4,0.0120419,0.3934685978224257,4,0.0120419,0.2953037385885289,4,0.0120419,0.1398082928517871,0.0120419,0.3814266978224257,0.2832618385885289,0.12776639285178712,-0.09816485923389684,-0.25366030497063863,-0.15549544573674176,66
42,1,2.12255274,2.511623880678975,1,2.12255274,2.5114688479880964,1,2.12255274,2.2128962766666684,2.12255274,0.38907114067897464,0.3889161079880963,0.09034353666666828,-0.00015503269087835392,-0.29872760401230636,-0.298572571321428,67
39,2,2.16934032,1.7757192519244978,2,2.16934032,1.7976494574144577,2,2.16934032,2.1370351190000023,2.16934032,0.3936210680755021,0.3716908625855422,0.03230520099999756,-0.021930205489959942,-0.36131586707550456,-0.3393856615855446,68
54,4,1.80901573,2.211688275667286,4,1.80901573,2.175918799174796,4,1.80901573,2.3045013299999955,1.80901573,0.40267254566728594,0.36690306917479587,0.4954855999999954,-0.03576947649249007,0.09281305433270948,0.12858253082519955,69
34,3,2.30450133,2.7594331655504494,3,2.30450133,2.884131642169302,3,2.30450133,2.727752058700004,2.30450133,0.45493183555044947,0.5796303121693023,0.42325072870000424,0.1246984766188528,-0.03168110685044523,-0.15637958346929803,70
5,2,3.13437597,2.674578694294159,2,3.13437597,3.0340159912070237,2,3.13437597,3.134375970000004,3.13437597,0.45979727570584084,0.10035997879297609,3.9968028886505635e-15,-0.35943729691286475,-0.45979727570583684,-0.1003599787929721,71
70,2,1.47570337,1.9451227755126936,2,1.47570337,2.033078792904733,2,1.47570337,2.1225082041399275,1.47570337,0.4694194055126937,0.5573754229047332,0.6468048341399275,0.08795601739203951,0.17738542862723383,0.08942941123519432,72
85,3,0.80254597,0.3095130001880857,3,0.80254597,0.501430454401034,3,0.80254597,0.0118491175,0.80254597,0.49303296981191436,0.3011155155989661,0.7906968525000001,-0.19191745421294826,0.29766388268808575,0.489581336901034,73
43,4,2.11117069,1.5973603091247932,4,2.11117069,1.5989490116142393,4,2.11117069,1.7371595675,2.11117069,0.5138103808752066,0.5122216783857605,0.3740111224999998,-0.0015887024894460922,-0.1397992583752068,-0.1382105558857607,74
68,2,1.49260764,2.007452789160232,2,1.49260764,1.9890511071516184,2,1.49260764,2.0152786876000004,1.49260764,0.5148451491602322,0.49644346715161847,0.5226710476000005,-0.018401682008613696,0.00782589843976833,0.026227580448382026,75
46,4,2.00941149,2.632126791936199,4,2.00941149,2.636907403063858,4,2.00941149,1.9859303259999963,2.00941149,0.6227153019361986,0.627495913063858,0.023481164000003885,0.004780611127659373,-0.5992341379361947,-0.6040147490638541,76
88,2,0.39647984,1.0276202551019726,2,0.39647984,1.0095567702181585,2,0.39647984,0.8043824800000007,0.39647984,0.6311404151019726,0.6130769302181585,0.4079026400000007,-0.01806348488381415,-0.2232377751019719,-0.20517429021815775,77
22,1,2.63729647,1.929736461476843,1,2.63729647,2.0072872602059326,1,2.63729647,2.2806840161333306,2.63729647,0.7075600085231568,0.6300092097940673,0.3566124538666693,-0.07755079872908954,-0.3509475546564875,-0.273396755927398,78
26,1,2.49268506,1.782617574245695,1,2.49268506,1.704455853654586,1,2.49268506,2.111170689999996,2.49268506,0.710067485754305,0.7882292063454139,0.3815143700000041,0.07816172059110893,-0.3285531157543009,-0.40671483634540984,79
15,2,2.72095293,1.9751732592787377,2,2.72095293,1.9690386779424336,2,2.72095293,2.284894721999996,2.72095293,0.7457796707212625,0.7519142520575666,0.43605820800000394,0.006134581336304068,-0.30972146272125856,-0.3158560440575626,80
49,2,1.9607788,1.1617696471798282,2,1.9607788,1.7902929201716775,2,1.9607788,0.9805929651000004,1.9607788,0.7990091528201717,0.17048587982832242,0.9801858348999996,-0.6285232729918493,0.18117668207982784,0.8096999550716771,81
56,3,1.73731552,2.5833142585679485,3,1.73731552,2.671409243859925,3,1.73731552,2.3671741900000063,1.73731552,0.8459987385679486,0.934093723859925,0.6298586700000064,0.08809498529197635,-0.2161400685679422,-0.30423505385991856,82
60,5,1.62929332,2.635219394793141,5,1.62929332,2.638705237001583,5,1.62929332,2.009411489999998,1.62929332,1.0059260747931411,1.0094119170015832,0.38011816999999803,0.003485842208442058,-0.6258079047931431,-0.6292937470015851,83
76,3,1.36999511,0.3124261311965912,3,1.36999511,0.5050805768360322,3,1.36999511,0.0118491175,1.36999511,1.0575689788034088,0.8649145331639678,1.3581459925000001,-0.192654445639441,0.3005770136965913,0.4932314593360323,84
86,5,0.67501313,1.7830411215308757,5,0.67501313,1.410413373821978,5,0.67501313,2.9689271355714237,0.67501313,1.1080279915308757,0.735400243821978,2.2939140055714238,-0.3726277477088977,1.185886014040548,1.5585137617494458,85
96,4,0.0,1.1529880872126874,4,0.0,1.0687526123570397,4,0.0,0.8369699199999989,0.0,1.1529880872126874,1.0687526123570397,0.8369699199999989,-0.08423547485564775,-0.3160181672126885,-0.23178269235704074,86
97,4,0.0,1.2248926519943244,4,0.0,1.3693931795230057,4,0.0,0.8025459699999985,0.0,1.2248926519943244,1.3693931795230057,0.8025459699999985,0.14450052752868126,-0.4223466819943259,-0.5668472095230072,87
2,5,3.84937533,2.512955545848325,5,3.84937533,2.755684595555452,5,3.84937533,2.9276644500000035,3.84937533,1.336419784151675,1.093690734444548,0.9217108799999965,-0.24272904970712705,-0.4147089041516785,-0.17197985444455144,88
87,5,0.56782018,1.9140357153290477,5,0.56782018,2.0637194811079365,5,0.56782018,0.4878111692902148,0.56782018,1.3462155353290477,1.4958993011079365,0.08000901070978522,0.14968376577888876,-1.2662065246192624,-1.4158902903981512,89
3,3,3.67873076,2.213994200744652,3,3.67873076,2.165137718825188,3,3.67873076,2.646669720000003,3.67873076,1.464736559255348,1.5135930411748122,1.0320610399999972,0.04885648191946412,-0.43267551925535086,-0.481532001174815,90
7,3,3.13437597,1.667814832926634,3,3.13437597,2.980981690800183,3,3.13437597,3.134375970000004,3.13437597,1.4665611370733658,0.15339427919981663,3.9968028886505635e-15,-1.3131668578735491,-1.4665611370733618,-0.15339427919981263,91
94,1,0.04739647,1.5672101178385374,1,0.04739647,1.7925509016527177,1,0.04739647,0.8025459699999985,0.04739647,1.5198136478385373,1.7451544316527177,0.7551494999999985,0.22534078381418032,-0.7646641478385389,-0.9900049316527192,92
8,3,3.13437597,1.585451771985637,3,3.13437597,2.078156899247617,3,3.13437597,3.134375970000004,3.13437597,1.5489241980143629,1.0562190707523826,3.9968028886505635e-15,-0.49270512726198024,-1.5489241980143589,-1.0562190707523786,93
89,5,0.33293116,1.9623725523234616,5,0.33293116,2.065595393572416,5,0.33293116,0.549216350712053,0.33293116,1.6294413923234616,1.732664233572416,0.216285190712053,0.10322284124895442,-1.4131562016114088,-1.516379042860363,94
6,3,3.13437597,1.4387622998151934,3,3.13437597,2.078174245216873,3,3.13437597,3.134375970000004,3.13437597,1.6956136701848064,1.0562017247831266,3.9968028886505635e-15,-0.6394119454016798,-1.6956136701848024,-1.0562017247831226,95
1,5,4.50050002,2.660955572969006,5,4.50050002,2.7842259927981567,5,4.50050002,3.134375970000004,4.50050002,1.8395444470309936,1.7162740272018429,1.3661240499999958,-0.12327041982915077,-0.4734203970309978,-0.35014997720184704,96
92,5,0.09139463,1.9716595321939256,5,0.09139463,2.066217953660016,5,0.09139463,0.4979376046714548,0.09139463,1.8802649021939257,1.974823323660016,0.40654297467145484,0.09455842146609017,-1.4737219275224709,-1.568280348988561,97
0,1,4.50050002,2.365892781892209,1,4.50050002,2.5365826023160083,1,4.50050002,2.484255033499995,4.50050002,2.1346072381077907,1.9639174176839913,2.0162449865000047,-0.17068982042379943,-0.11836225160778602,0.052327568816013414,98
