target_index,abs_error_target_only,abs_error_different,abs_error_same
0,2.1346072381077907,1.9639174176839913,2.0162449865000047
1,1.8395444470309936,1.7162740272018429,1.3661240499999958
2,1.336419784151675,1.093690734444548,0.9217108799999965
3,1.464736559255348,1.5135930411748122,1.0320610399999972
6,1.6956136701848064,1.0562017247831266,3.9968028886505635e-15
7,1.4665611370733658,0.15339427919981663,3.9968028886505635e-15
8,1.5489241980143629,1.0562190707523826,3.9968028886505635e-15
15,0.7457796707212625,0.7519142520575666,0.43605820800000394
22,0.7075600085231568,0.6300092097940673,0.3566124538666693
26,0.710067485754305,0.7882292063454139,0.3815143700000041
43,0.5138103808752066,0.5122216783857605,0.3740111224999998
46,0.6227153019361986,0.627495913063858,0.023481164000003885
49,0.7990091528201717,0.17048587982832242,0.9801858348999996
56,0.8459987385679486,0.934093723859925,0.6298586700000064
60,1.0059260747931411,1.0094119170015832,0.38011816999999803
68,0.5148451491602322,0.49644346715161847,0.5226710476000005
76,1.0575689788034088,0.8649145331639678,1.3581459925000001
86,1.1080279915308757,0.735400243821978,2.2939140055714238
87,1.3462155353290477,1.4958993011079365,0.08000901070978522
88,0.6311404151019726,0.6130769302181585,0.4079026400000007
89,1.6294413923234616,1.732664233572416,0.216285190712053
92,1.8802649021939257,1.974823323660016,0.40654297467145484
94,1.5198136478385373,1.7451544316527177,0.7551494999999985
96,1.1529880872126874,1.0687526123570397,0.8369699199999989
97,1.2248926519943244,1.3693931795230057,0.8025459699999985
