model,task_id,scene_label,source_domain,target_domain,relation_label,method_label,R2,MAE,RMSE,n_test_total
DecisionTreeRegressor,ru_ahk_inner_to_ru_aho_inner,Ru-AHK inner -> Ru-AHO inner,inner,inner,Same mechanism,Delta learning,0.6192199078257417,0.38960174445965334,0.5835794245012973,98
DecisionTreeRegressor,ru_ahk_inner_to_ru_aho_inner,Ru-AHK inner -> Ru-AHO inner,inner,inner,Same mechanism,Mixed transfer,0.48758105529549645,0.4340079687694775,0.6769793833386971,98
DecisionTreeRegressor,ru_ahk_outer_to_ru_aho_inner,Ru-AHK outer -> Ru-AHO inner,outer,inner,Different mechanism,Delta learning,0.14751415390037237,0.5451954541817298,0.8731853539294405,98
DecisionTreeRegressor,ru_ahk_outer_to_ru_aho_inner,Ru-AHK outer -> Ru-AHO inner,outer,inner,Different mechanism,Mixed transfer,0.1474581243327432,0.5298998069894639,0.8732140484785678,98
DecisionTreeRegressor,target_only_ru_aho_inner,Ru-AHO inner target-only,none,inner,Target-only,Target-only,0.2828650306159145,0.4709922689795918,0.800872357881609,98
ExtraTreeRegressor,ru_ahk_inner_to_ru_aho_inner,Ru-AHK inner -> Ru-AHO inner,inner,inner,Same mechanism,Delta learning,0.31004007009721446,0.4701994139842775,0.7855517288553282,98
ExtraTreeRegressor,ru_ahk_inner_to_ru_aho_inner,Ru-AHK inner -> Ru-AHO inner,inner,inner,Same mechanism,Mixed transfer,0.4594626104133467,0.4099292322440029,0.695305594936573,98
ExtraTreeRegressor,ru_ahk_outer_to_ru_aho_inner,Ru-AHK outer -> Ru-AHO inner,outer,inner,Different mechanism,Delta learning,0.3810969366070366,0.47323225356810966,0.7440021151689916,98
ExtraTreeRegressor,ru_ahk_outer_to_ru_aho_inner,Ru-AHK outer -> Ru-AHO inner,outer,inner,Different mechanism,Mixed transfer,0.33611596658296583,0.491760293029387,0.7705644447568559,98
ExtraTreeRegressor,target_only_ru_aho_inner,Ru-AHO inner target-only,none,inner,Target-only,Target-only,0.2400777992545129,0.4543543119047619,0.8244179142799737,98
ExtraTreesRegressor,ru_ahk_inner_to_ru_aho_inner,Ru-AHK inner -> Ru-AHO inner,inner,inner,Same mechanism,Delta learning,0.4751770789251576,0.45430587725871396,0.6851241103305301,98
ExtraTreesRegressor,ru_ahk_inner_to_ru_aho_inner,Ru-AHK inner -> Ru-AHO inner,inner,inner,Same mechanism,Mixed transfer,0.640186249107388,0.35048708630859765,0.5672855644983352,98
ExtraTreesRegressor,ru_ahk_outer_to_ru_aho_inner,Ru-AHK outer -> Ru-AHO inner,outer,inner,Different mechanism,Delta learning,0.29271754611749823,0.48616720797487345,0.7953518511760167,98
ExtraTreesRegressor,ru_ahk_outer_to_ru_aho_inner,Ru-AHK outer -> Ru-AHO inner,outer,inner,Different mechanism,Mixed transfer,0.40876236176598124,0.48302384853725966,0.727183290276447,98
ExtraTreesRegressor,target_only_ru_aho_inner,Ru-AHO inner target-only,none,inner,Target-only,Target-only,0.34992680661403497,0.4443286685733846,0.7625072597670306,98
GaussianProcessRegressor,ru_ahk_inner_to_ru_aho_inner,Ru-AHK inner -> Ru-AHO inner,inner,inner,Same mechanism,Delta learning,0.05897779109914869,0.701874007583584,0.9174085655689973,98
GaussianProcessRegressor,ru_ahk_inner_to_ru_aho_inner,Ru-AHK inner -> Ru-AHO inner,inner,inner,Same mechanism,Mixed transfer,0.07449463189702044,0.6935875840891705,0.9098133919311591,98
GaussianProcessRegressor,ru_ahk_outer_to_ru_aho_inner,Ru-AHK outer -> Ru-AHO inner,outer,inner,Different mechanism,Delta learning,0.05897784099439918,0.7018739445054036,0.9174085412473977,98
GaussianProcessRegressor,ru_ahk_outer_to_ru_aho_inner,Ru-AHK outer -> Ru-AHO inner,outer,inner,Different mechanism,Mixed transfer,0.09651976219890157,0.6844241730766272,0.8989223589872198,98
GaussianProcessRegressor,target_only_ru_aho_inner,Ru-AHO inner target-only,none,inner,Target-only,Target-only,0.05897779110047752,0.701874007580561,0.9174085655683496,98
GradientBoostingRegressor,ru_ahk_inner_to_ru_aho_inner,Ru-AHK inner -> Ru-AHO inner,inner,inner,Same mechanism,Delta learning,0.5394300010996864,0.42469395301799034,0.6418162025145882,98
GradientBoostingRegressor,ru_ahk_inner_to_ru_aho_inner,Ru-AHK inner -> Ru-AHO inner,inner,inner,Same mechanism,Mixed transfer,0.5896364853893814,0.428907454905811,0.6058250466591515,98
GradientBoostingRegressor,ru_ahk_outer_to_ru_aho_inner,Ru-AHK outer -> Ru-AHO inner,outer,inner,Different mechanism,Delta learning,0.3726146072941151,0.48059005436197616,0.7490831972897232,98
GradientBoostingRegressor,ru_ahk_outer_to_ru_aho_inner,Ru-AHK outer -> Ru-AHO inner,outer,inner,Different mechanism,Mixed transfer,0.44217150322534116,0.5033359261389255,0.706339026266177,98
GradientBoostingRegressor,target_only_ru_aho_inner,Ru-AHO inner target-only,none,inner,Target-only,Target-only,0.4676061498638131,0.43277005096303683,0.6900481075066148,98
HistGradientBoostingRegressor,ru_ahk_inner_to_ru_aho_inner,Ru-AHK inner -> Ru-AHO inner,inner,inner,Same mechanism,Delta learning,0.6049655391743353,0.4343373092014061,0.5944021142875999,98
HistGradientBoostingRegressor,ru_ahk_inner_to_ru_aho_inner,Ru-AHK inner -> Ru-AHO inner,inner,inner,Same mechanism,Mixed transfer,0.6320182522022837,0.41371049754806466,0.5736883002170292,98
HistGradientBoostingRegressor,ru_ahk_outer_to_ru_aho_inner,Ru-AHK outer -> Ru-AHO inner,outer,inner,Different mechanism,Delta learning,0.33771061075982967,0.5186318071693732,0.7696384435217202,98
HistGradientBoostingRegressor,ru_ahk_outer_to_ru_aho_inner,Ru-AHK outer -> Ru-AHO inner,outer,inner,Different mechanism,Mixed transfer,0.4288342925130154,0.49990706505671767,0.7147331349691107,98
HistGradientBoostingRegressor,target_only_ru_aho_inner,Ru-AHO inner target-only,none,inner,Target-only,Target-only,0.4821094447689347,0.46537624366223984,0.6805841794972478,98
KNeighborsRegressor,ru_ahk_inner_to_ru_aho_inner,Ru-AHK inner -> Ru-AHO inner,inner,inner,Same mechanism,Delta learning,0.4613266921079352,0.5083720615171549,0.6941056540847218,98
KNeighborsRegressor,ru_ahk_inner_to_ru_aho_inner,Ru-AHK inner -> Ru-AHO inner,inner,inner,Same mechanism,Mixed transfer,0.3936260985456409,0.49808061381393215,0.7364327680659127,98
KNeighborsRegressor,ru_ahk_outer_to_ru_aho_inner,Ru-AHK outer -> Ru-AHO inner,outer,inner,Different mechanism,Delta learning,0.3988225066271386,0.5629399980891955,0.7332704955093576,98
KNeighborsRegressor,ru_ahk_outer_to_ru_aho_inner,Ru-AHK outer -> Ru-AHO inner,outer,inner,Different mechanism,Mixed transfer,0.33266752332255733,0.5257039362487708,0.7725631417428315,98
KNeighborsRegressor,target_only_ru_aho_inner,Ru-AHO inner target-only,none,inner,Target-only,Target-only,0.41704027198985505,0.5019394534285714,0.7220747041989923,98
LinearSVR,ru_ahk_inner_to_ru_aho_inner,Ru-AHK inner -> Ru-AHO inner,inner,inner,Same mechanism,Delta learning,0.14144255549841167,0.5914011540426086,0.8762893494008426,98
LinearSVR,ru_ahk_inner_to_ru_aho_inner,Ru-AHK inner -> Ru-AHO inner,inner,inner,Same mechanism,Mixed transfer,0.05508447354165813,0.5920336003186168,0.9193044167381064,98
LinearSVR,ru_ahk_outer_to_ru_aho_inner,Ru-AHK outer -> Ru-AHO inner,outer,inner,Different mechanism,Delta learning,-4.144240648786132,0.9448528210353317,2.1449812116491085,98
LinearSVR,ru_ahk_outer_to_ru_aho_inner,Ru-AHK outer -> Ru-AHO inner,outer,inner,Different mechanism,Mixed transfer,-5.330797828456419,0.9296827231442734,2.379534886639712,98
LinearSVR,target_only_ru_aho_inner,Ru-AHO inner target-only,none,inner,Target-only,Target-only,0.3143748711827643,0.5217748926345622,0.7830801535701175,98
RandomForestRegressor,ru_ahk_inner_to_ru_aho_inner,Ru-AHK inner -> Ru-AHO inner,inner,inner,Same mechanism,Delta learning,0.5585501216330913,0.4330892011229998,0.6283528001912746,98
RandomForestRegressor,ru_ahk_inner_to_ru_aho_inner,Ru-AHK inner -> Ru-AHO inner,inner,inner,Same mechanism,Mixed transfer,0.6147916452430006,0.41996668289111405,0.5869629692628224,98
RandomForestRegressor,ru_ahk_outer_to_ru_aho_inner,Ru-AHK outer -> Ru-AHO inner,outer,inner,Different mechanism,Delta learning,0.4033314921285094,0.4647575328657643,0.7305154614604038,98
RandomForestRegressor,ru_ahk_outer_to_ru_aho_inner,Ru-AHK outer -> Ru-AHO inner,outer,inner,Different mechanism,Mixed transfer,0.538061323911753,0.4556756504783952,0.6427691386048088,98
RandomForestRegressor,target_only_ru_aho_inner,Ru-AHO inner target-only,none,inner,Target-only,Target-only,0.380214240536239,0.47112739650075325,0.7445324839688326,98
SVR,ru_ahk_inner_to_ru_aho_inner,Ru-AHK inner -> Ru-AHO inner,inner,inner,Same mechanism,Delta learning,0.5038516319860892,0.4406330352759258,0.6661447931813161,98
SVR,ru_ahk_inner_to_ru_aho_inner,Ru-AHK inner -> Ru-AHO inner,inner,inner,Same mechanism,Mixed transfer,0.4989191749258377,0.46643854559325887,0.6694478420998687,98
SVR,ru_ahk_outer_to_ru_aho_inner,Ru-AHK outer -> Ru-AHO inner,outer,inner,Different mechanism,Delta learning,0.5072658750790748,0.44633427109162377,0.6638487999746702,98
SVR,ru_ahk_outer_to_ru_aho_inner,Ru-AHK outer -> Ru-AHO inner,outer,inner,Different mechanism,Mixed transfer,0.5624584293973558,0.41736724951677473,0.6255651045256789,98
SVR,target_only_ru_aho_inner,Ru-AHO inner target-only,none,inner,Target-only,Target-only,0.4950429517585717,0.45211686394765643,0.6720321857906114,98
