target_index,fold_id_baseline,y_true_baseline,y_pred_baseline,fold_id_different,y_true_different,y_pred_different,fold_id_same,y_true_same,y_pred_same,y_true,residual_target_only,residual_different,residual_same,abs_residual_target_only,abs_residual_different,abs_residual_same,same_improves_vs_target,different_improves_vs_target,same_better_than_different,plot_order
47,1,1.97754867,1.987367917966888,1,1.97754867,2.033431001309476,1,1.97754867,1.261413950928418,1.97754867,0.009819247966887934,0.05588233130947584,-0.7161347190715821,0.009819247966887934,0.05588233130947584,0.7161347190715821,False,False,False,1
45,2,2.01889808,2.030333400701531,2,2.01889808,2.039122047836306,2,2.01889808,2.0229741518424023,2.01889808,0.011435320701530749,0.020223967836305867,0.004076071842402218,0.011435320701530749,0.020223967836305867,0.004076071842402218,True,False,True,2
72,2,1.40708549,1.3800713793833148,2,1.40708549,1.4133254697175892,2,1.40708549,1.5138718253999963,1.40708549,-0.02701411061668524,0.006239979717589161,0.10678633539999627,0.02701411061668524,0.006239979717589161,0.10678633539999627,False,True,False,3
77,4,1.36283425,1.3273807769561785,4,1.36283425,1.488538583647125,4,1.36283425,1.3678974469999985,1.36283425,-0.035453473043821404,0.12570433364712508,0.005063196999998576,0.035453473043821404,0.12570433364712508,0.005063196999998576,True,False,True,4
17,3,2.72095293,2.757743923104881,3,2.72095293,2.8864070425517445,3,2.72095293,2.730665971000004,2.72095293,0.036790993104880876,0.16545411255174436,0.009713041000003919,0.036790993104880876,0.16545411255174436,0.009713041000003919,True,False,True,5
90,1,0.19433377,0.1550910822715034,1,0.19433377,0.1549415960019007,1,0.19433377,0.0481917100000001,0.19433377,-0.039242687728496595,-0.0393921739980993,-0.14614205999999988,0.039242687728496595,0.0393921739980993,0.14614205999999988,False,False,False,6
73,1,1.39055932,1.4315575368151054,1,1.39055932,1.4319343549222534,1,1.39055932,1.5136919299999962,1.39055932,0.040998216815105515,0.04137503492225347,0.12313260999999631,0.040998216815105515,0.04137503492225347,0.12313260999999631,False,False,False,7
32,4,2.30450133,2.253510675261223,4,2.30450133,2.3428738568366807,4,2.30450133,2.523268286800004,2.30450133,-0.050990654738777064,0.0383725268366808,0.21876695680000413,0.050990654738777064,0.0383725268366808,0.21876695680000413,False,True,False,8
48,4,1.96551622,1.91183180364714,4,1.96551622,2.027581582264715,4,1.96551622,1.9564869269581615,1.96551622,-0.05368441635286003,0.06206536226471515,-0.009029293041838526,0.05368441635286003,0.06206536226471515,0.009029293041838526,True,False,True,9
25,3,2.49823771,2.4416220540539366,3,2.49823771,1.8731704472166284,3,2.49823771,2.6917631999999987,2.49823771,-0.05661565594606355,-0.6250672627833718,0.19352548999999852,0.05661565594606355,0.6250672627833718,0.19352548999999852,False,False,True,10
53,3,1.84440958,1.9059473064765184,3,1.84440958,1.958479773811932,3,1.84440958,1.808486638300001,1.84440958,0.06153772647651845,0.11407019381193195,-0.0359229416999991,0.06153772647651845,0.11407019381193195,0.0359229416999991,True,False,True,11
19,3,2.72095293,2.6472341858893014,3,2.72095293,2.7365236343714203,3,2.72095293,2.706356953000004,2.72095293,-0.07371874411069879,0.015570704371420163,-0.014595976999996374,0.07371874411069879,0.015570704371420163,0.014595976999996374,True,True,True,12
66,4,1.51369193,1.431988174542766,4,1.51369193,1.431652662274208,4,1.51369193,1.5178609144999975,1.51369193,-0.08170375545723396,-0.08203926772579195,0.0041689844999974746,0.08170375545723396,0.08203926772579195,0.0041689844999974746,True,False,True,13
75,1,1.36999511,1.4533652427827637,1,1.36999511,1.454270601092928,1,1.36999511,1.3539045600000004,1.36999511,0.08337013278276362,0.08427549109292798,-0.016090549999999704,0.08337013278276362,0.08427549109292798,0.016090549999999704,True,False,True,14
64,1,1.53168147,1.4401226045756297,1,1.53168147,1.453040586034697,1,1.53168147,1.5410116027999985,1.53168147,-0.09155886542437042,-0.078640883965303,0.009330132799998392,0.09155886542437042,0.078640883965303,0.009330132799998392,True,True,True,15
74,5,1.38325909,1.4756849447956952,5,1.38325909,1.6907928028391193,5,1.38325909,1.362834250000002,1.38325909,0.09242585479569532,0.30753371283911934,-0.020424839999998,0.09242585479569532,0.30753371283911934,0.020424839999998,True,False,True,16
58,4,1.66417952,1.5695351648526767,4,1.66417952,1.4167866060538958,4,1.66417952,1.4426194362000004,1.66417952,-0.09464435514732328,-0.2473929139461042,-0.22156008379999959,0.09464435514732328,0.2473929139461042,0.22156008379999959,False,False,True,17
21,5,2.6917632,2.5959993802047485,5,2.6917632,2.5913913120473047,5,2.6917632,2.1752239840000054,2.6917632,-0.0957638197952515,-0.10037188795269536,-0.5165392159999946,0.0957638197952515,0.10037188795269536,0.5165392159999946,False,False,False,18
38,3,2.20688949,2.109036950145564,3,2.20688949,2.1561849001586184,3,2.20688949,2.248884463499997,2.20688949,-0.09785253985443587,-0.0507045898413816,0.041994973499996924,0.09785253985443587,0.0507045898413816,0.041994973499996924,True,True,True,19
52,5,1.88185187,1.7839606704312376,5,1.88185187,1.7841804279609816,5,1.88185187,1.683957539999997,1.88185187,-0.09789119956876235,-0.09767144203901834,-0.1978943300000029,0.09789119956876235,0.09767144203901834,0.1978943300000029,False,True,False,20
63,4,1.56019653,1.4608265673834608,4,1.56019653,1.4666929720878663,4,1.56019653,1.543656966058157,1.56019653,-0.09936996261653919,-0.09350355791213372,-0.016539563941843083,0.09936996261653919,0.09350355791213372,0.016539563941843083,True,True,True,21
83,1,0.83956097,0.7393297497869179,1,0.83956097,0.8802102943755661,1,0.83956097,0.7833722796690479,0.83956097,-0.10023122021308206,0.04064932437556612,-0.056188690330952085,0.10023122021308206,0.04064932437556612,0.056188690330952085,True,True,False,22
79,3,1.33471728,1.4400576210039338,3,1.33471728,1.4187250413540875,3,1.33471728,1.331779579999999,1.33471728,0.10534034100393375,0.0840077613540875,-0.0029377000000010423,0.10534034100393375,0.0840077613540875,0.0029377000000010423,True,True,True,23
44,1,2.02174776,1.9148634893595435,1,2.02174776,1.9520719721532944,1,2.02174776,1.844409579999998,2.02174776,-0.10688427064045625,-0.06967578784670536,-0.1773381800000018,0.10688427064045625,0.06967578784670536,0.1773381800000018,False,True,False,24
82,5,0.99242206,1.1044005109428745,5,0.99242206,1.402235643815961,5,0.99242206,0.9985773946901224,0.99242206,0.11197845094287451,0.4098135838159611,0.006155334690122416,0.11197845094287451,0.4098135838159611,0.006155334690122416,True,False,True,25
78,3,1.35390456,1.468211507114042,3,1.35390456,1.4703292512145345,3,1.35390456,1.363371084800001,1.35390456,0.1143069471140421,0.11642469121453458,0.009466524800000986,0.1143069471140421,0.11642469121453458,0.009466524800000986,True,False,True,26
61,4,1.57873877,1.460621054002923,4,1.57873877,1.4667942387917967,4,1.57873877,1.556066300058157,1.57873877,-0.11811771599707699,-0.11194453120820325,-0.02267246994184302,0.11811771599707699,0.11194453120820325,0.02267246994184302,True,True,True,27
80,2,1.31904107,1.440030349992982,2,1.31904107,1.43565911816938,2,1.31904107,1.3347172800000031,1.31904107,0.12098927999298215,0.11661804816938015,0.015676210000003188,0.12098927999298215,0.11661804816938015,0.015676210000003188,True,True,True,28
59,4,1.62929332,1.757421957398122,4,1.62929332,1.6463999052310585,4,1.62929332,0.9004103858062505,1.62929332,0.12812863739812208,0.01710658523105857,-0.7288829341937494,0.12812863739812208,0.01710658523105857,0.7288829341937494,False,True,False,29
29,5,2.47786275,2.348449360650969,5,2.47786275,2.6569357778806317,5,2.47786275,2.8936943059000004,2.47786275,-0.1294133893490308,0.17907302788063184,0.41583155590000054,0.1294133893490308,0.17907302788063184,0.41583155590000054,False,False,False,30
23,5,2.61179564,2.4778219105381147,5,2.61179564,2.5102685155614566,5,2.61179564,2.049815310000005,2.61179564,-0.13397372946188524,-0.10152712443854339,-0.561980329999995,0.13397372946188524,0.10152712443854339,0.561980329999995,False,True,False,31
67,4,1.51369193,1.3739422610173644,4,1.51369193,1.332016870965694,4,1.51369193,1.4039594271999982,1.51369193,-0.13974966898263563,-0.18167505903430592,-0.1097325028000018,0.13974966898263563,0.18167505903430592,0.1097325028000018,True,False,True,32
9,2,3.13437597,2.991418241695804,2,3.13437597,2.8611069382750824,2,3.13437597,3.134375970000004,3.13437597,-0.14295772830419562,-0.27326903172491734,3.9968028886505635e-15,0.14295772830419562,0.27326903172491734,3.9968028886505635e-15,True,False,True,33
18,1,2.72095293,2.57782597635365,1,2.72095293,2.5581360578869923,1,2.72095293,2.477862749999993,2.72095293,-0.14312695364634997,-0.16281687211300788,-0.24309018000000737,0.14312695364634997,0.16281687211300788,0.24309018000000737,False,False,False,34
28,2,2.47786275,2.6212342357899185,2,2.47786275,2.5942292046317474,2,2.47786275,2.720952930000004,2.47786275,0.14337148578991865,0.11636645463174755,0.24309018000000426,0.14337148578991865,0.11636645463174755,0.24309018000000426,False,True,False,35
12,1,2.72095293,2.572404703459197,1,2.72095293,2.570278489565222,1,2.72095293,2.785240103599996,2.72095293,-0.14854822654080335,-0.15067444043477796,0.06428717359999592,0.14854822654080335,0.15067444043477796,0.06428717359999592,True,False,True,36
65,2,1.53168147,1.3800713793833148,2,1.53168147,1.4133254697175892,2,1.53168147,1.5138718253999963,1.53168147,-0.1516100906166853,-0.11835600028241089,-0.017809644600003782,0.1516100906166853,0.11835600028241089,0.017809644600003782,True,True,True,37
37,5,2.26077037,2.083994828102293,5,2.26077037,2.105781897011737,5,2.26077037,1.9721439716000004,2.26077037,-0.17677554189770683,-0.15498847298826313,-0.2886263983999995,0.17677554189770683,0.15498847298826313,0.2886263983999995,False,True,False,38
11,2,2.81808334,2.6273889202565406,2,2.81808334,2.6277690093659727,2,2.81808334,2.5322129504000013,2.81808334,-0.19069441974345924,-0.19031433063402714,-0.28587038959999855,0.19069441974345924,0.19031433063402714,0.28587038959999855,False,True,False,39
27,3,2.47786275,2.6902108461648124,3,2.47786275,2.6656477997531858,3,2.47786275,4.500500020000003,2.47786275,0.21234809616481254,0.18778504975318588,2.0226372700000033,0.21234809616481254,0.18778504975318588,2.0226372700000033,False,True,False,40
93,2,0.04819171,0.2636286474965628,2,0.04819171,0.1842353161972059,2,0.04819171,0.19433377,0.04819171,0.21543693749656279,0.1360436061972059,0.14614206,0.21543693749656279,0.1360436061972059,0.14614206,True,True,False,41
71,5,1.47016368,1.6892528440719827,5,1.47016368,1.563994067653742,5,1.47016368,1.6641795200000025,1.47016368,0.21908916407198276,0.09383038765374208,0.1940158400000025,0.21908916407198276,0.09383038765374208,0.1940158400000025,True,True,False,42
40,1,2.13954868,1.91953401935671,1,2.13954868,2.008694051998647,1,2.13954868,2.0264734865889977,2.13954868,-0.22001466064328978,-0.13085462800135295,-0.11307519341100214,0.22001466064328978,0.13085462800135295,0.11307519341100214,True,True,True,43
13,3,2.72095293,2.4859819515692614,3,2.72095293,2.6034677149480374,3,2.72095293,2.6861772043000034,2.72095293,-0.23497097843073877,-0.11748521505196274,-0.03477572569999676,0.23497097843073877,0.11748521505196274,0.03477572569999676,True,True,True,44
24,3,2.49823771,2.256772796740288,3,2.49823771,2.1770975746129384,3,2.49823771,2.320026539099997,2.49823771,-0.24146491325971198,-0.32114013538706176,-0.17821117090000316,0.24146491325971198,0.32114013538706176,0.17821117090000316,True,False,True,45
57,4,1.68395754,1.9297590939932787,4,1.68395754,1.9822012694958628,4,1.68395754,1.8818518699999984,1.68395754,0.24580155399327874,0.29824372949586286,0.19789432999999845,0.24580155399327874,0.29824372949586286,0.19789432999999845,True,False,True,46
91,5,0.10866753,0.3621535673673217,5,0.10866753,0.2448399655443498,5,0.10866753,0.1245860683042792,0.10866753,0.25348603736732167,0.13617243554434982,0.015918538304279195,0.25348603736732167,0.13617243554434982,0.015918538304279195,True,True,True,47
51,5,1.94448624,1.6731856156195783,5,1.94448624,1.6561155479865668,5,1.94448624,1.9655162200000031,1.94448624,-0.2713006243804217,-0.28837069201343324,0.021029980000003112,0.2713006243804217,0.28837069201343324,0.021029980000003112,True,False,True,48
30,2,2.3515711,2.0755190258777927,2,2.3515711,2.530487602456099,2,2.3515711,2.470622544850003,2.3515711,-0.27605207412220745,0.17891650245609902,0.11905144485000285,0.27605207412220745,0.17891650245609902,0.11905144485000285,True,True,True,49
14,5,2.72095293,2.4421426748441384,5,2.72095293,2.575405999259007,5,2.72095293,2.6834722860000038,2.72095293,-0.2788102551558618,-0.14554693074099312,-0.0374806439999964,0.2788102551558618,0.14554693074099312,0.0374806439999964,True,True,True,50
81,1,1.00421655,1.2838757547358566,1,1.00421655,1.392269740508158,1,1.00421655,0.9924220599999992,1.00421655,0.2796592047358566,0.3880531905081581,-0.011794490000000768,0.2796592047358566,0.3880531905081581,0.011794490000000768,True,False,True,51
41,4,2.13444943,1.852301791533504,4,2.13444943,1.984753179310219,4,2.13444943,1.6926846059999996,2.13444943,-0.28214763846649604,-0.14969625068978099,-0.4417648240000005,0.28214763846649604,0.14969625068978099,0.4417648240000005,False,True,False,52
36,3,2.28957767,2.5833142585679485,3,2.28957767,2.671409243859925,3,2.28957767,2.3671741900000063,2.28957767,0.2937365885679486,0.38183157385992494,0.07759652000000639,0.2937365885679486,0.38183157385992494,0.07759652000000639,True,False,True,53
16,2,2.72095293,3.034133558919078,2,2.72095293,2.8765095400661185,2,2.72095293,3.134375970000004,2.72095293,0.3131806289190777,0.15555661006611832,0.4134230400000036,0.3131806289190777,0.15555661006611832,0.4134230400000036,False,True,False,54
4,1,3.13437597,2.821136703508341,1,3.13437597,2.800735666867244,1,3.13437597,2.720952930000004,3.13437597,-0.3132392664916588,-0.3336403031327557,-0.41342303999999563,0.3132392664916588,0.3336403031327557,0.41342303999999563,False,False,False,55
10,1,2.89279432,2.573755068991106,1,2.89279432,2.573110342722228,1,2.89279432,2.8016617217999946,2.89279432,-0.3190392510088942,-0.319683977277772,-0.09113259820000552,0.3190392510088942,0.319683977277772,0.09113259820000552,True,False,True,56
84,4,0.80438248,1.1370846649474953,4,0.80438248,1.0485364248096372,4,0.80438248,1.1814350189948677,0.80438248,0.33270218494749526,0.24415394480963715,0.3770525389948677,0.33270218494749526,0.24415394480963715,0.3770525389948677,False,True,False,57
55,3,1.80901573,2.1458429382480704,3,1.80901573,2.092003693765397,3,1.80901573,2.312830361999996,1.80901573,0.33682720824807033,0.28298796376539714,0.5038146319999961,0.33682720824807033,0.28298796376539714,0.5038146319999961,False,True,False,58
33,2,2.30450133,2.6463204826470124,2,2.30450133,2.6019173804675244,2,2.30450133,3.3513493133000014,2.30450133,0.34181915264701246,0.2974160504675245,1.0468479833000015,0.34181915264701246,0.2974160504675245,1.0468479833000015,False,True,False,59
62,1,1.56906465,1.9137883073253947,1,1.56906465,1.980152170819421,1,1.56906465,1.8453579276382917,1.56906465,0.3447236573253947,0.4110875208194209,0.2762932776382916,0.3447236573253947,0.4110875208194209,0.2762932776382916,True,False,True,60
20,5,2.72095293,2.375290361329906,5,2.72095293,2.512931668775066,5,2.72095293,2.6893512066000027,2.72095293,-0.34566256867009404,-0.20802126122493414,-0.03160172339999745,0.34566256867009404,0.20802126122493414,0.03160172339999745,True,True,True,61
35,2,2.30450133,2.6596490041162664,2,2.30450133,2.770462535667033,2,2.30450133,3.044797327900002,2.30450133,0.35514767411626647,0.46596120566703325,0.7402959979000019,0.35514767411626647,0.46596120566703325,0.7402959979000019,False,False,False,62
50,4,1.95650617,1.59798226616408,4,1.95650617,1.5879900017084372,4,1.95650617,1.488233698,1.95650617,-0.35852390383592003,-0.36851616829156275,-0.468272472,0.35852390383592003,0.36851616829156275,0.468272472,False,False,False,63
31,1,2.30450133,1.9445216453989256,1,2.30450133,1.9431144448150448,1,2.30450133,1.809015729999999,2.30450133,-0.3599796846010743,-0.3613868851849551,-0.49548560000000097,0.3599796846010743,0.3613868851849551,0.49548560000000097,False,False,False,64
69,2,1.48763592,1.865399310399641,2,1.48763592,1.9174638562315596,2,1.48763592,2.3045013299999955,1.48763592,0.3777633903996409,0.42982793623155957,0.8168654099999955,0.3777633903996409,0.42982793623155957,0.8168654099999955,False,False,False,65
95,4,0.0120419,0.3934685978224257,4,0.0120419,0.2953037385885289,4,0.0120419,0.1398082928517871,0.0120419,0.3814266978224257,0.2832618385885289,0.12776639285178712,0.3814266978224257,0.2832618385885289,0.12776639285178712,True,True,True,66
42,1,2.12255274,2.511623880678975,1,2.12255274,2.5114688479880964,1,2.12255274,2.2128962766666684,2.12255274,0.38907114067897464,0.3889161079880963,0.09034353666666828,0.38907114067897464,0.3889161079880963,0.09034353666666828,True,True,True,67
39,2,2.16934032,1.7757192519244978,2,2.16934032,1.7976494574144577,2,2.16934032,2.1370351190000023,2.16934032,-0.3936210680755021,-0.3716908625855422,-0.03230520099999756,0.3936210680755021,0.3716908625855422,0.03230520099999756,True,True,True,68
54,4,1.80901573,2.211688275667286,4,1.80901573,2.175918799174796,4,1.80901573,2.3045013299999955,1.80901573,0.40267254566728594,0.36690306917479587,0.4954855999999954,0.40267254566728594,0.36690306917479587,0.4954855999999954,False,True,False,69
34,3,2.30450133,2.7594331655504494,3,2.30450133,2.884131642169302,3,2.30450133,2.727752058700004,2.30450133,0.45493183555044947,0.5796303121693023,0.42325072870000424,0.45493183555044947,0.5796303121693023,0.42325072870000424,True,False,True,70
5,2,3.13437597,2.674578694294159,2,3.13437597,3.0340159912070237,2,3.13437597,3.134375970000004,3.13437597,-0.45979727570584084,-0.10035997879297609,3.9968028886505635e-15,0.45979727570584084,0.10035997879297609,3.9968028886505635e-15,True,True,True,71
70,2,1.47570337,1.9451227755126936,2,1.47570337,2.033078792904733,2,1.47570337,2.1225082041399275,1.47570337,0.4694194055126937,0.5573754229047332,0.6468048341399275,0.4694194055126937,0.5573754229047332,0.6468048341399275,False,False,False,72
85,3,0.80254597,0.3095130001880857,3,0.80254597,0.501430454401034,3,0.80254597,0.0118491175,0.80254597,-0.49303296981191436,-0.3011155155989661,-0.7906968525000001,0.49303296981191436,0.3011155155989661,0.7906968525000001,False,True,False,73
43,4,2.11117069,1.5973603091247932,4,2.11117069,1.5989490116142393,4,2.11117069,1.7371595675,2.11117069,-0.5138103808752066,-0.5122216783857605,-0.3740111224999998,0.5138103808752066,0.5122216783857605,0.3740111224999998,True,True,True,74
68,2,1.49260764,2.007452789160232,2,1.49260764,1.9890511071516184,2,1.49260764,2.0152786876000004,1.49260764,0.5148451491602322,0.49644346715161847,0.5226710476000005,0.5148451491602322,0.49644346715161847,0.5226710476000005,False,True,False,75
46,4,2.00941149,2.632126791936199,4,2.00941149,2.636907403063858,4,2.00941149,1.9859303259999963,2.00941149,0.6227153019361986,0.627495913063858,-0.023481164000003885,0.6227153019361986,0.627495913063858,0.023481164000003885,True,False,True,76
88,2,0.39647984,1.0276202551019726,2,0.39647984,1.0095567702181585,2,0.39647984,0.8043824800000007,0.39647984,0.6311404151019726,0.6130769302181585,0.4079026400000007,0.6311404151019726,0.6130769302181585,0.4079026400000007,True,True,True,77
22,1,2.63729647,1.929736461476843,1,2.63729647,2.0072872602059326,1,2.63729647,2.2806840161333306,2.63729647,-0.7075600085231568,-0.6300092097940673,-0.3566124538666693,0.7075600085231568,0.6300092097940673,0.3566124538666693,True,True,True,78
26,1,2.49268506,1.782617574245695,1,2.49268506,1.704455853654586,1,2.49268506,2.111170689999996,2.49268506,-0.710067485754305,-0.7882292063454139,-0.3815143700000041,0.710067485754305,0.7882292063454139,0.3815143700000041,True,False,True,79
15,2,2.72095293,1.9751732592787377,2,2.72095293,1.9690386779424336,2,2.72095293,2.284894721999996,2.72095293,-0.7457796707212625,-0.7519142520575666,-0.43605820800000394,0.7457796707212625,0.7519142520575666,0.43605820800000394,True,False,True,80
49,2,1.9607788,1.1617696471798282,2,1.9607788,1.7902929201716775,2,1.9607788,0.9805929651000004,1.9607788,-0.7990091528201717,-0.17048587982832242,-0.9801858348999996,0.7990091528201717,0.17048587982832242,0.9801858348999996,False,True,False,81
56,3,1.73731552,2.5833142585679485,3,1.73731552,2.671409243859925,3,1.73731552,2.3671741900000063,1.73731552,0.8459987385679486,0.934093723859925,0.6298586700000064,0.8459987385679486,0.934093723859925,0.6298586700000064,True,False,True,82
60,5,1.62929332,2.635219394793141,5,1.62929332,2.638705237001583,5,1.62929332,2.009411489999998,1.62929332,1.0059260747931411,1.0094119170015832,0.38011816999999803,1.0059260747931411,1.0094119170015832,0.38011816999999803,True,False,True,83
76,3,1.36999511,0.3124261311965912,3,1.36999511,0.5050805768360322,3,1.36999511,0.0118491175,1.36999511,-1.0575689788034088,-0.8649145331639678,-1.3581459925000001,1.0575689788034088,0.8649145331639678,1.3581459925000001,False,True,False,84
86,5,0.67501313,1.7830411215308757,5,0.67501313,1.410413373821978,5,0.67501313,2.9689271355714237,0.67501313,1.1080279915308757,0.735400243821978,2.2939140055714238,1.1080279915308757,0.735400243821978,2.2939140055714238,False,True,False,85
96,4,0.0,1.1529880872126874,4,0.0,1.0687526123570397,4,0.0,0.8369699199999989,0.0,1.1529880872126874,1.0687526123570397,0.8369699199999989,1.1529880872126874,1.0687526123570397,0.8369699199999989,True,True,True,86
97,4,0.0,1.2248926519943244,4,0.0,1.3693931795230057,4,0.0,0.8025459699999985,0.0,1.2248926519943244,1.3693931795230057,0.8025459699999985,1.2248926519943244,1.3693931795230057,0.8025459699999985,True,False,True,87
2,5,3.84937533,2.512955545848325,5,3.84937533,2.755684595555452,5,3.84937533,2.9276644500000035,3.84937533,-1.336419784151675,-1.093690734444548,-0.9217108799999965,1.336419784151675,1.093690734444548,0.9217108799999965,True,True,True,88
87,5,0.56782018,1.9140357153290477,5,0.56782018,2.0637194811079365,5,0.56782018,0.4878111692902148,0.56782018,1.3462155353290477,1.4958993011079365,-0.08000901070978522,1.3462155353290477,1.4958993011079365,0.08000901070978522,True,False,True,89
3,3,3.67873076,2.213994200744652,3,3.67873076,2.165137718825188,3,3.67873076,2.646669720000003,3.67873076,-1.464736559255348,-1.5135930411748122,-1.0320610399999972,1.464736559255348,1.5135930411748122,1.0320610399999972,True,False,True,90
7,3,3.13437597,1.667814832926634,3,3.13437597,2.980981690800183,3,3.13437597,3.134375970000004,3.13437597,-1.4665611370733658,-0.15339427919981663,3.9968028886505635e-15,1.4665611370733658,0.15339427919981663,3.9968028886505635e-15,True,True,True,91
94,1,0.04739647,1.5672101178385374,1,0.04739647,1.7925509016527177,1,0.04739647,0.8025459699999985,0.04739647,1.5198136478385373,1.7451544316527177,0.7551494999999985,1.5198136478385373,1.7451544316527177,0.7551494999999985,True,False,True,92
8,3,3.13437597,1.585451771985637,3,3.13437597,2.078156899247617,3,3.13437597,3.134375970000004,3.13437597,-1.5489241980143629,-1.0562190707523826,3.9968028886505635e-15,1.5489241980143629,1.0562190707523826,3.9968028886505635e-15,True,True,True,93
89,5,0.33293116,1.9623725523234616,5,0.33293116,2.065595393572416,5,0.33293116,0.549216350712053,0.33293116,1.6294413923234616,1.732664233572416,0.216285190712053,1.6294413923234616,1.732664233572416,0.216285190712053,True,False,True,94
6,3,3.13437597,1.4387622998151934,3,3.13437597,2.078174245216873,3,3.13437597,3.134375970000004,3.13437597,-1.6956136701848064,-1.0562017247831266,3.9968028886505635e-15,1.6956136701848064,1.0562017247831266,3.9968028886505635e-15,True,True,True,95
1,5,4.50050002,2.660955572969006,5,4.50050002,2.7842259927981567,5,4.50050002,3.134375970000004,4.50050002,-1.8395444470309936,-1.7162740272018429,-1.3661240499999958,1.8395444470309936,1.7162740272018429,1.3661240499999958,True,True,True,96
92,5,0.09139463,1.9716595321939256,5,0.09139463,2.066217953660016,5,0.09139463,0.4979376046714548,0.09139463,1.8802649021939257,1.974823323660016,0.40654297467145484,1.8802649021939257,1.974823323660016,0.40654297467145484,True,False,True,97
0,1,4.50050002,2.365892781892209,1,4.50050002,2.5365826023160083,1,4.50050002,2.484255033499995,4.50050002,-2.1346072381077907,-1.9639174176839913,-2.0162449865000047,2.1346072381077907,1.9639174176839913,2.0162449865000047,True,True,False,98
