selection,bin_index,bin_left,bin_right,count,relative_frequency,n_subset
baseline,0,0.0,0.15,0,0.0,25
baseline,1,0.15,0.3,0,0.0,25
baseline,2,0.3,0.44999999999999996,0,0.0,25
baseline,3,0.44999999999999996,0.6,2,0.08,25
baseline,4,0.6,0.75,5,0.2,25
baseline,5,0.75,0.8999999999999999,2,0.08,25
baseline,6,0.8999999999999999,1.05,1,0.04,25
baseline,7,1.05,1.2,3,0.12,25
baseline,8,1.2,1.3499999999999999,3,0.12,25
baseline,9,1.3499999999999999,1.5,2,0.08,25
baseline,10,1.5,1.65,3,0.12,25
baseline,11,1.65,1.7999999999999998,1,0.04,25
baseline,12,1.7999999999999998,1.95,2,0.08,25
baseline,13,1.95,2.1,0,0.0,25
baseline,14,2.1,2.25,1,0.04,25
baseline,15,2.25,2.4,0,0.0,25
baseline,16,2.4,2.55,0,0.0,25
different_mechanism_transfer,0,0.0,0.15,0,0.0,25
different_mechanism_transfer,1,0.15,0.3,2,0.08,25
different_mechanism_transfer,2,0.3,0.44999999999999996,0,0.0,25
different_mechanism_transfer,3,0.44999999999999996,0.6,2,0.08,25
different_mechanism_transfer,4,0.6,0.75,4,0.16,25
different_mechanism_transfer,5,0.75,0.8999999999999999,3,0.12,25
different_mechanism_transfer,6,0.8999999999999999,1.05,2,0.08,25
different_mechanism_transfer,7,1.05,1.2,4,0.16,25
different_mechanism_transfer,8,1.2,1.3499999999999999,0,0.0,25
different_mechanism_transfer,9,1.3499999999999999,1.5,2,0.08,25
different_mechanism_transfer,10,1.5,1.65,1,0.04,25
different_mechanism_transfer,11,1.65,1.7999999999999998,3,0.12,25
different_mechanism_transfer,12,1.7999999999999998,1.95,0,0.0,25
different_mechanism_transfer,13,1.95,2.1,2,0.08,25
different_mechanism_transfer,14,2.1,2.25,0,0.0,25
different_mechanism_transfer,15,2.25,2.4,0,0.0,25
different_mechanism_transfer,16,2.4,2.55,0,0.0,25
same_mechanism_transfer,0,0.0,0.15,5,0.2,25
same_mechanism_transfer,1,0.15,0.3,1,0.04,25
same_mechanism_transfer,2,0.3,0.44999999999999996,7,0.28,25
same_mechanism_transfer,3,0.44999999999999996,0.6,1,0.04,25
same_mechanism_transfer,4,0.6,0.75,1,0.04,25
same_mechanism_transfer,5,0.75,0.8999999999999999,3,0.12,25
same_mechanism_transfer,6,0.8999999999999999,1.05,3,0.12,25
same_mechanism_transfer,7,1.05,1.2,0,0.0,25
same_mechanism_transfer,8,1.2,1.3499999999999999,0,0.0,25
same_mechanism_transfer,9,1.3499999999999999,1.5,2,0.08,25
same_mechanism_transfer,10,1.5,1.65,0,0.0,25
same_mechanism_transfer,11,1.65,1.7999999999999998,0,0.0,25
same_mechanism_transfer,12,1.7999999999999998,1.95,0,0.0,25
same_mechanism_transfer,13,1.95,2.1,1,0.04,25
same_mechanism_transfer,14,2.1,2.25,0,0.0,25
same_mechanism_transfer,15,2.25,2.4,1,0.04,25
same_mechanism_transfer,16,2.4,2.55,0,0.0,25
