reaction_index,Domain,ddG
0,ahk_inner,5.182772722985827
1,ahk_inner,4.984271189359757
2,ahk_outer,4.525769623904132
3,ahk_outer,4.525769623904132
4,ahk_outer,4.525769623904132
5,ahk_outer,4.525769623904132
6,ahk_inner,4.503114344625453
7,ahk_inner,4.503114344625453
8,ahk_inner,4.503114344625453
9,ahk_outer,4.503114344625453
10,ahk_inner,4.503114344625453
11,ahk_inner,4.503114344625453
12,ahk_outer,4.503114344625453
13,ahk_inner,4.503114344625453
14,ahk_inner,4.503114344625453
15,ahk_inner,4.503114344625453
16,ahk_inner,4.503114344625453
17,ahk_inner,4.503114344625453
18,ahk_outer,4.09213948811128
19,ahk_outer,4.09213948811128
20,ahk_outer,4.09213948811128
21,ahk_outer,4.09213948811128
22,ahk_outer,4.09213948811128
23,ahk_outer,4.037239075726759
24,ahk_outer,4.037239075726759
25,ahk_outer,4.037239075726759
26,ahk_outer,4.037239075726759
27,ahk_inner,3.989509992838227
28,ahk_outer,3.964906144124444
29,ahk_inner,3.916203256084418
30,ahk_inner,3.85379182352608
31,ahk_outer,3.851611416135804
32,ahk_outer,3.851611416135804
33,ahk_outer,3.799937944176914
34,ahk_outer,3.799937944176914
35,ahk_outer,3.799937944176914
36,ahk_outer,3.742596176168679
37,ahk_outer,3.741485490332839
38,ahk_inner,3.7284912537372032
39,ahk_inner,3.7147337660376096
40,ahk_outer,3.6808677220012913
41,ahk_inner,3.6808677220012913
42,ahk_inner,3.6808677220012913
43,ahk_outer,3.6808677220012913
44,ahk_outer,3.6808677220012913
45,ahk_outer,3.6808677220012913
46,ahk_outer,3.6808677220012913
47,ahk_outer,3.6808677220012913
48,ahk_outer,3.631484958667382
49,ahk_outer,3.631484958667382
50,ahk_outer,3.631484958667382
51,ahk_outer,3.631484958667382
52,ahk_outer,3.631484958667382
53,ahk_outer,3.631484958667382
54,ahk_outer,3.5662137958483853
55,ahk_inner,3.54836189965692
56,ahk_inner,3.54836189965692
57,ahk_inner,3.54836189965692
58,ahk_inner,3.54836189965692
59,ahk_inner,3.54836189965692
60,ahk_inner,3.54836189965692
61,ahk_outer,3.54836189965692
62,ahk_outer,3.54836189965692
63,ahk_outer,3.54836189965692
64,ahk_outer,3.54836189965692
65,ahk_outer,3.54836189965692
66,ahk_outer,3.54836189965692
67,ahk_outer,3.54836189965692
68,ahk_outer,3.54836189965692
69,ahk_inner,3.54836189965692
70,ahk_outer,3.54836189965692
71,ahk_outer,3.50435665908376
72,ahk_inner,3.50435665908376
73,ahk_inner,3.50435665908376
74,ahk_outer,3.5007568431463456
75,ahk_inner,3.4400422939865294
76,ahk_inner,3.4400422939865294
77,ahk_outer,3.4400422939865294
78,ahk_outer,3.4400422939865294
79,ahk_outer,3.4400422939865294
80,ahk_outer,3.4400422939865294
81,ahk_inner,3.429608228479939
82,ahk_inner,3.3991681056068344
83,ahk_inner,3.3991681056068344
84,ahk_inner,3.3991681056068344
85,ahk_inner,3.3991681056068344
86,ahk_inner,3.3991681056068344
87,ahk_inner,3.3991681056068344
88,ahk_inner,3.3991681056068344
89,ahk_inner,3.3827756546202066
90,ahk_inner,3.37873016219314
91,ahk_outer,3.348413324156493
92,ahk_outer,3.348413324156493
93,ahk_inner,3.348413324156493
94,ahk_inner,3.348413324156493
95,ahk_inner,3.348413324156493
96,ahk_inner,3.348413324156493
97,ahk_inner,3.348413324156493
98,ahk_outer,3.3465738288683715
99,ahk_inner,3.331339949446069
100,ahk_outer,3.3034907908791973
101,ahk_outer,3.2939795521299096
102,ahk_outer,3.2939795521299096
103,ahk_outer,3.2939795521299096
104,ahk_outer,3.2939795521299096
105,ahk_outer,3.2939795521299096
106,ahk_outer,3.2939795521299096
107,ahk_outer,3.2939795521299096
108,ahk_outer,3.2939795521299096
109,ahk_outer,3.2939795521299096
110,ahk_outer,3.2939795521299096
111,ahk_outer,3.2939795521299096
112,ahk_outer,3.2939795521299096
113,ahk_outer,3.2939795521299096
114,ahk_outer,3.2939795521299096
115,ahk_outer,3.2939795521299096
116,ahk_outer,3.2939795521299096
117,ahk_outer,3.2939795521299096
118,ahk_outer,3.2939795521299096
119,ahk_outer,3.2939795521299096
120,ahk_inner,3.269000796324068
121,ahk_inner,3.269000796324068
122,ahk_outer,3.269000796324068
123,ahk_outer,3.269000796324068
124,ahk_inner,3.269000796324068
125,ahk_outer,3.269000796324068
126,ahk_inner,3.269000796324068
127,ahk_outer,3.269000796324068
128,ahk_outer,3.269000796324068
129,ahk_outer,3.269000796324068
130,ahk_outer,3.269000796324068
131,ahk_outer,3.269000796324068
132,ahk_outer,3.269000796324068
133,ahk_outer,3.269000796324068
134,ahk_outer,3.269000796324068
135,ahk_inner,3.261112674418902
136,ahk_outer,3.2413852753914467
137,ahk_outer,3.2413852753914467
138,ahk_outer,3.2413852753914467
139,ahk_outer,3.2413852753914467
140,ahk_outer,3.2413852753914467
141,ahk_outer,3.2413852753914467
142,ahk_outer,3.2413852753914467
143,ahk_outer,3.2413852753914467
144,ahk_outer,3.2413852753914467
145,ahk_outer,3.2413852753914467
146,ahk_outer,3.2413852753914467
147,ahk_outer,3.2413852753914467
148,ahk_outer,3.225143666740649
149,ahk_outer,3.215012602828856
150,ahk_outer,3.215012602828856
151,ahk_inner,3.1989187636690253
152,ahk_outer,3.1989187636690253
153,ahk_outer,3.1989187636690253
154,ahk_outer,3.1989187636690253
155,ahk_inner,3.1989187636690253
156,ahk_outer,3.1989187636690253
157,ahk_inner,3.1989187636690253
158,ahk_inner,3.1989187636690253
159,ahk_inner,3.1989187636690253
160,ahk_inner,3.1989187636690253
161,ahk_outer,3.1989187636690253
162,ahk_outer,3.1989187636690253
163,ahk_outer,3.1989187636690253
164,ahk_inner,3.1989187636690253
165,ahk_inner,3.190167268475585
166,ahk_outer,3.1887909986529843
167,ahk_outer,3.1887909986529843
168,ahk_outer,3.1887909986529843
169,ahk_outer,3.1887909986529843
170,ahk_outer,3.1887909986529843
171,ahk_outer,3.1887909986529843
172,ahk_inner,3.181805775645383
173,ahk_outer,3.167753287957599
174,ahk_outer,3.162493860283753
175,ahk_outer,3.162493860283753
176,ahk_outer,3.15197500493606
177,ahk_outer,3.136196721914521
178,ahk_outer,3.136196721914521
179,ahk_outer,3.136196721914521
180,ahk_outer,3.136196721914521
181,ahk_outer,3.136196721914521
182,ahk_outer,3.136196721914521
183,ahk_inner,3.136196721914521
184,ahk_outer,3.136196721914521
185,ahk_outer,3.136196721914521
186,ahk_outer,3.136196721914521
187,ahk_outer,3.136196721914521
188,ahk_outer,3.136196721914521
189,ahk_outer,3.136196721914521
190,ahk_outer,3.136196721914521
191,ahk_outer,3.136196721914521
192,ahk_outer,3.136196721914521
193,ahk_inner,3.136196721914521
194,ahk_outer,3.136196721914521
195,ahk_inner,3.136196721914521
196,ahk_inner,3.136196721914521
197,ahk_outer,3.136196721914521
198,ahk_outer,3.136196721914521
199,ahk_outer,3.136196721914521
200,ahk_outer,3.136196721914521
201,ahk_outer,3.136196721914521
202,ahk_outer,3.136196721914521
203,ahk_outer,3.136196721914521
204,ahk_outer,3.136196721914521
205,ahk_outer,3.136196721914521
206,ahk_outer,3.136196721914521
207,ahk_outer,3.136196721914521
208,ahk_outer,3.136196721914521
209,ahk_outer,3.136196721914521
210,ahk_outer,3.136196721914521
211,ahk_inner,3.136196721914521
212,ahk_inner,3.136196721914521
213,ahk_outer,3.136196721914521
214,ahk_outer,3.136196721914521
215,ahk_outer,3.136196721914521
216,ahk_outer,3.136196721914521
217,ahk_inner,3.136196721914521
218,ahk_outer,3.136196721914521
219,ahk_outer,3.136196721914521
220,ahk_outer,3.136196721914521
221,ahk_outer,3.136196721914521
222,ahk_outer,3.136196721914521
223,ahk_outer,3.136196721914521
224,ahk_outer,3.136196721914521
225,ahk_outer,3.136196721914521
226,ahk_outer,3.136196721914521
227,ahk_outer,3.136196721914521
228,ahk_outer,3.136196721914521
229,ahk_outer,3.136196721914521
230,ahk_outer,3.136196721914521
231,ahk_outer,3.136196721914521
232,ahk_outer,3.136196721914521
233,ahk_outer,3.136196721914521
234,ahk_outer,3.136196721914521
235,ahk_outer,3.136196721914521
236,ahk_outer,3.136196721914521
237,ahk_outer,3.136196721914521
238,ahk_outer,3.136196721914521
239,ahk_outer,3.136196721914521
240,ahk_outer,3.136196721914521
241,ahk_outer,3.136196721914521
242,ahk_outer,3.136196721914521
243,ahk_outer,3.136196721914521
244,ahk_outer,3.136196721914521
245,ahk_outer,3.136196721914521
246,ahk_outer,3.136196721914521
247,ahk_outer,3.136196721914521
248,ahk_outer,3.136196721914521
249,ahk_outer,3.136196721914521
250,ahk_outer,3.136196721914521
251,ahk_outer,3.136196721914521
252,ahk_outer,3.136196721914521
253,ahk_outer,3.136196721914521
254,ahk_outer,3.136196721914521
255,ahk_outer,3.136196721914521
256,ahk_outer,3.136196721914521
257,ahk_outer,3.136196721914521
258,ahk_outer,3.136196721914521
259,ahk_outer,3.136196721914521
260,ahk_inner,3.136196721914521
261,ahk_outer,3.136196721914521
262,ahk_outer,3.136196721914521
263,ahk_outer,3.125677866566829
264,ahk_outer,3.125677866566829
265,ahk_outer,3.125677866566829
266,ahk_inner,3.125615537900602
267,ahk_outer,3.105250330804495
268,ahk_outer,3.083602445176059
269,ahk_outer,3.083602445176059
270,ahk_inner,3.07942919051841
271,ahk_outer,3.07942919051841
272,ahk_inner,3.07942919051841
273,ahk_inner,3.07942919051841
274,ahk_outer,3.078351153388812
275,ahk_outer,3.078351153388812
276,ahk_outer,3.0730835898283666
277,ahk_outer,3.0730835898283666
278,ahk_outer,3.0730835898283666
279,ahk_outer,3.0730835898283666
280,ahk_outer,3.0730835898283666
281,ahk_outer,3.0730835898283666
282,ahk_outer,3.0730835898283666
283,ahk_outer,3.0730835898283666
284,ahk_outer,3.0730835898283666
285,ahk_outer,3.0730835898283666
286,ahk_inner,3.0677656289890898
287,ahk_outer,3.0428102362294487
288,ahk_outer,3.0428102362294487
289,ahk_inner,3.0421332946653505
290,ahk_inner,3.0421332946653505
291,ahk_inner,3.0421332946653505
292,ahk_inner,3.0421332946653505
293,ahk_inner,3.0421332946653505
294,ahk_inner,3.0275784145897218
295,ahk_outer,3.0275784145897218
296,ahk_inner,3.0275784145897218
297,ahk_inner,3.0275784145897218
298,ahk_inner,3.01912609226616
299,ahk_outer,2.9948480421507027
300,ahk_inner,2.9857911422839525
301,ahk_inner,2.9857911422839525
302,ahk_outer,2.9798563115876253
303,ahk_inner,2.9798563115876253
304,ahk_outer,2.9798563115876253
305,ahk_inner,2.9798563115876253
306,ahk_outer,2.9798563115876253
307,ahk_outer,2.9798563115876253
308,ahk_inner,2.9795600479567685
309,ahk_inner,2.978413891699134
310,ahk_inner,2.978413891699134
311,ahk_inner,2.978413891699134
312,ahk_outer,2.960265840779156
313,ahk_inner,2.952469785291509
314,ahk_inner,2.950819073003476
315,ahk_inner,2.936661241742978
316,ahk_outer,2.935650292460686
317,ahk_outer,2.935650292460686
318,ahk_inner,2.935650292460686
319,ahk_inner,2.93068811100518
320,ahk_inner,2.913293686589742
321,ahk_outer,2.9090369105391654
322,ahk_outer,2.8944747367837547
323,ahk_outer,2.8944747367837547
324,ahk_inner,2.8944747367837547
325,ahk_outer,2.8944747367837547
326,ahk_outer,2.8944747367837547
327,ahk_outer,2.8944747367837547
328,ahk_outer,2.8944747367837547
329,ahk_outer,2.892730380232544
330,ahk_outer,2.8917384510669097
331,ahk_outer,2.873225338222209
332,ahk_outer,2.873225338222209
333,ahk_outer,2.873225338222209
334,ahk_outer,2.873225338222209
335,ahk_outer,2.873225338222209
336,ahk_outer,2.8703064559165927
337,ahk_outer,2.867007297487658
338,ahk_outer,2.859504851341601
339,ahk_outer,2.859504851341601
340,ahk_outer,2.859504851341601
341,ahk_outer,2.859504851341601
342,ahk_outer,2.859504851341601
343,ahk_outer,2.859504851341601
344,ahk_outer,2.859504851341601
345,ahk_outer,2.859504851341601
346,ahk_outer,2.859504851341601
347,ahk_outer,2.859504851341601
348,ahk_outer,2.859504851341601
349,ahk_outer,2.855938160625837
350,ahk_outer,2.855938160625837
351,ahk_outer,2.855938160625837
352,ahk_outer,2.855938160625837
353,ahk_outer,2.855938160625837
354,ahk_inner,2.8473979093784583
355,ahk_outer,2.843363826454443
356,ahk_outer,2.836226041762113
357,ahk_outer,2.832270075415399
358,ahk_outer,2.819720355421228
359,ahk_outer,2.819720355421228
360,ahk_outer,2.819720355421228
361,ahk_outer,2.819720355421228
362,ahk_inner,2.819720355421228
363,ahk_outer,2.819720355421228
364,ahk_outer,2.813847740510664
365,ahk_outer,2.813847740510664
366,ahk_outer,2.813847740510664
367,ahk_inner,2.8119269400973748
368,ahk_inner,2.8119269400973748
369,ahk_inner,2.787473067471242
370,ahk_inner,2.7869855604042604
371,ahk_outer,2.7855560712027088
372,ahk_outer,2.7855560712027088
373,ahk_outer,2.7855560712027088
374,ahk_outer,2.776309006269412
375,ahk_inner,2.770348839548841
376,ahk_outer,2.768190629679727
377,ahk_outer,2.768190629679727
378,ahk_outer,2.768190629679727
379,ahk_outer,2.768190629679727
380,ahk_outer,2.768190629679727
381,ahk_outer,2.768190629679727
382,ahk_outer,2.768190629679727
383,ahk_outer,2.768190629679727
384,ahk_outer,2.768190629679727
385,ahk_outer,2.768190629679727
386,ahk_outer,2.768190629679727
387,ahk_outer,2.768190629679727
388,ahk_outer,2.768190629679727
389,ahk_outer,2.768190629679727
390,ahk_outer,2.768190629679727
391,ahk_outer,2.768190629679727
392,ahk_outer,2.768190629679727
393,ahk_outer,2.768190629679727
394,ahk_outer,2.768190629679727
395,ahk_outer,2.768190629679727
396,ahk_outer,2.768190629679727
397,ahk_outer,2.768190629679727
398,ahk_outer,2.768190629679727
399,ahk_outer,2.749927785347352
400,ahk_outer,2.7453620742642584
401,ahk_outer,2.7384941453727136
402,ahk_inner,2.7312004034255795
403,ahk_inner,2.7312004034255795
404,ahk_outer,2.7225335188487896
405,ahk_outer,2.7225335188487896
406,ahk_outer,2.7225335188487896
407,ahk_outer,2.7225335188487896
408,ahk_outer,2.7225335188487896
409,ahk_outer,2.7225335188487896
410,ahk_inner,2.7225335188487896
411,ahk_inner,2.7225335188487896
412,ahk_outer,2.7225335188487896
413,ahk_inner,2.7225335188487896
414,ahk_inner,2.7225335188487896
415,ahk_inner,2.7225335188487896
416,ahk_inner,2.7225335188487896
417,ahk_inner,2.7225335188487896
418,ahk_inner,2.7225335188487896
419,ahk_inner,2.7225335188487896
420,ahk_inner,2.7225335188487896
421,ahk_inner,2.7225335188487896
422,ahk_outer,2.7225335188487896
423,ahk_outer,2.7225335188487896
424,ahk_outer,2.7225335188487896
425,ahk_inner,2.7225335188487896
426,ahk_inner,2.7225335188487896
427,ahk_outer,2.7225335188487896
428,ahk_outer,2.7225335188487896
429,ahk_inner,2.7225335188487896
430,ahk_inner,2.7225335188487896
431,ahk_inner,2.7225335188487896
432,ahk_outer,2.7225335188487896
433,ahk_outer,2.7225335188487896
434,ahk_outer,2.7225335188487896
435,ahk_outer,2.7225335188487896
436,ahk_outer,2.7225335188487896
437,ahk_outer,2.7225335188487896
438,ahk_inner,2.7225335188487896
439,ahk_outer,2.7225335188487896
440,ahk_outer,2.7225335188487896
441,ahk_outer,2.7225335188487896
442,ahk_outer,2.7225335188487896
443,ahk_outer,2.7225335188487896
444,ahk_outer,2.7225335188487896
445,ahk_outer,2.7225335188487896
446,ahk_outer,2.7225335188487896
447,ahk_outer,2.7225335188487896
448,ahk_outer,2.7225335188487896
449,ahk_outer,2.7225335188487896
450,ahk_outer,2.7225335188487896
451,ahk_outer,2.7225335188487896
452,ahk_outer,2.7225335188487896
453,ahk_outer,2.7225335188487896
454,ahk_outer,2.7225335188487896
455,ahk_outer,2.7225335188487896
456,ahk_outer,2.71591048921757
457,ahk_outer,2.693326833062426
458,ahk_outer,2.693326833062426
459,ahk_outer,2.693326833062426
460,ahk_outer,2.693326833062426
461,ahk_outer,2.693326833062426
462,ahk_outer,2.6878150556770217
463,ahk_inner,2.687192638451772
464,ahk_outer,2.687192638451772
465,ahk_outer,2.68600783018404
466,ahk_outer,2.68600783018404
467,ahk_outer,2.68308183580509
468,ahk_outer,2.68308183580509
469,ahk_inner,2.6793722572180787
470,ahk_outer,2.6768764080178524
471,ahk_outer,2.6705483411226942
472,ahk_outer,2.667744985851665
473,ahk_outer,2.667744985851665
474,ahk_outer,2.667744985851665
475,ahk_outer,2.667744985851665
476,ahk_outer,2.667744985851665
477,ahk_outer,2.667744985851665
478,ahk_outer,2.667744985851665
479,ahk_outer,2.665465021952782
480,ahk_outer,2.665465021952782
481,ahk_inner,2.662879989089725
482,ahk_outer,2.6571929832141965
483,ahk_inner,2.6571382953636475
484,ahk_outer,2.6571382953636475
485,ahk_inner,2.6571382953636475
486,ahk_inner,2.653862150461525
487,ahk_inner,2.653862150461525
488,ahk_inner,2.653862150461525
489,ahk_inner,2.653862150461525
490,ahk_outer,2.652104476658404
491,ahk_outer,2.652104476658404
492,ahk_outer,2.652104476658404
493,ahk_inner,2.6467501206889628
494,ahk_outer,2.6388284655955387
495,ahk_outer,2.6388284655955387
496,ahk_outer,2.6388284655955387
497,ahk_outer,2.635225559957383
498,ahk_outer,2.635225559957383
499,ahk_outer,2.6322413770598696
500,ahk_outer,2.631219297186915
501,ahk_inner,2.6151930239794976
502,ahk_outer,2.608308947722923
503,ahk_outer,2.60551220279102
504,ahk_inner,2.6041693168654434
505,ahk_outer,2.604036437354704
506,ahk_inner,2.6035016000690465
507,ahk_outer,2.588826543197757
508,ahk_outer,2.586798895374886
509,ahk_inner,2.586570741710627
510,ahk_inner,2.585562186355978
511,ahk_inner,2.585562186355978
512,ahk_inner,2.585562186355978
513,ahk_inner,2.585562186355978
514,ahk_inner,2.585562186355978
515,ahk_inner,2.585562186355978
516,ahk_inner,2.585562186355978
517,ahk_inner,2.585562186355978
518,ahk_inner,2.576523897497471
519,ahk_inner,2.576523897497471
520,ahk_inner,2.576523897497471
521,ahk_outer,2.576523897497471
522,ahk_inner,2.571013119681136
523,ahk_outer,2.565288843026849
524,ahk_outer,2.5632425634965066
525,ahk_inner,2.563054183161207
526,ahk_outer,2.562458336806169
527,ahk_inner,2.556756058908398
528,ahk_inner,2.5564667344477967
529,ahk_outer,2.5540946761080674
530,ahk_inner,2.550231867038473
531,ahk_outer,2.542628094861029
532,ahk_outer,2.542628094861029
533,ahk_inner,2.542628094861029
534,ahk_outer,2.542628094861029
535,ahk_outer,2.5419173352050697
536,ahk_outer,2.5419173352050697
537,ahk_outer,2.530872759269991
538,ahk_outer,2.520880236257635
539,ahk_outer,2.520880236257635
540,ahk_outer,2.520880236257635
541,ahk_outer,2.520880236257635
542,ahk_outer,2.520880236257635
543,ahk_outer,2.520880236257635
544,ahk_outer,2.520880236257635
545,ahk_outer,2.520880236257635
546,ahk_outer,2.520880236257635
547,ahk_outer,2.520880236257635
548,ahk_outer,2.520880236257635
549,ahk_outer,2.520880236257635
550,ahk_outer,2.520880236257635
551,ahk_inner,2.520880236257635
552,ahk_outer,2.520880236257635
553,ahk_outer,2.520880236257635
554,ahk_outer,2.520880236257635
555,ahk_outer,2.520780487248932
556,ahk_outer,2.520648923003775
557,ahk_outer,2.504248996038221
558,ahk_inner,2.5023246262012093
559,ahk_inner,2.5023246262012093
560,ahk_outer,2.500091185983368
561,ahk_outer,2.500091185983368
562,ahk_outer,2.500091185983368
563,ahk_outer,2.500091185983368
564,ahk_outer,2.499688928633213
565,ahk_outer,2.499688928633213
566,ahk_outer,2.499688928633213
567,ahk_outer,2.499688928633213
568,ahk_outer,2.499688928633213
569,ahk_outer,2.499688928633213
570,ahk_outer,2.4991856445334166
571,ahk_outer,2.4991856445334166
572,ahk_outer,2.4991856445334166
573,ahk_inner,2.498210822649248
574,ahk_inner,2.498210822649248
575,ahk_inner,2.498210822649248
576,ahk_inner,2.498210822649248
577,ahk_inner,2.498210822649248
578,ahk_outer,2.494247964694104
579,ahk_outer,2.494247964694104
580,ahk_outer,2.494247964694104
581,ahk_inner,2.4893187002150787
582,ahk_inner,2.483001227424282
583,ahk_outer,2.480197499287005
584,ahk_outer,2.4793021357091005
585,ahk_outer,2.4793021357091005
586,ahk_outer,2.4793021357091005
587,ahk_outer,2.4793021357091005
588,ahk_outer,2.4793021357091005
589,ahk_outer,2.4793021357091005
590,ahk_outer,2.4793021357091005
591,ahk_outer,2.4793021357091005
592,ahk_outer,2.4793021357091005
593,ahk_outer,2.4793021357091005
594,ahk_outer,2.4793021357091005
595,ahk_outer,2.4793021357091005
596,ahk_outer,2.4793021357091005
597,ahk_outer,2.4793021357091005
598,ahk_outer,2.4793021357091005
599,ahk_outer,2.4793021357091005
600,ahk_outer,2.4793021357091005
601,ahk_outer,2.4793021357091005
602,ahk_outer,2.4793021357091005
603,ahk_outer,2.4793021357091005
604,ahk_outer,2.4793021357091005
605,ahk_outer,2.4793021357091005
606,ahk_outer,2.4793021357091005
607,ahk_inner,2.4793021357091005
608,ahk_inner,2.4793021357091005
609,ahk_inner,2.4793021357091005
610,ahk_inner,2.4793021357091005
611,ahk_outer,2.4793021357091005
612,ahk_outer,2.4793021357091005
613,ahk_inner,2.4793021357091005
614,ahk_inner,2.4793021357091005
615,ahk_inner,2.4793021357091005
616,ahk_outer,2.4793021357091005
617,ahk_outer,2.4793021357091005
618,ahk_inner,2.4793021357091005
619,ahk_inner,2.4793021357091005
620,ahk_inner,2.4793021357091005
621,ahk_outer,2.4793021357091005
622,ahk_outer,2.4793021357091005
623,ahk_outer,2.4793021357091005
624,ahk_outer,2.4793021357091005
625,ahk_outer,2.4793021357091005
626,ahk_outer,2.4793021357091005
627,ahk_outer,2.4793021357091005
628,ahk_outer,2.4793021357091005
629,ahk_outer,2.4793021357091005
630,ahk_outer,2.4793021357091005
631,ahk_outer,2.4793021357091005
632,ahk_outer,2.4793021357091005
633,ahk_outer,2.4793021357091005
634,ahk_outer,2.4793021357091005
635,ahk_outer,2.4793021357091005
636,ahk_outer,2.4793021357091005
637,ahk_outer,2.4793021357091005
638,ahk_outer,2.4793021357091005
639,ahk_outer,2.4709865155993938
640,ahk_outer,2.4709865155993938
641,ahk_outer,2.46254541863298
642,ahk_outer,2.459573871320208
643,ahk_inner,2.451611969217427
644,ahk_outer,2.446039655270273
645,ahk_outer,2.445048867458578
646,ahk_outer,2.444255065066061
647,ahk_outer,2.440462303389696
648,ahk_inner,2.440462303389696
649,ahk_inner,2.439455426201017
650,ahk_inner,2.439455426201017
651,ahk_inner,2.439455426201017
652,ahk_outer,2.4377240351605662
653,ahk_outer,2.4377240351605662
654,ahk_outer,2.4377240351605662
655,ahk_outer,2.4377240351605662
656,ahk_outer,2.4294084150508595
657,ahk_outer,2.4294084150508595
658,ahk_outer,2.4294084150508595
659,ahk_outer,2.4294084150508595
660,ahk_outer,2.4294084150508595
661,ahk_outer,2.4294084150508595
662,ahk_outer,2.4264859054605497
663,ahk_inner,2.4254085256173594
664,ahk_outer,2.4254085256173594
665,ahk_outer,2.4219294625281966
666,ahk_outer,2.4219294625281966
667,ahk_inner,2.4219093911953515
668,ahk_outer,2.421847391569362
669,ahk_outer,2.421847391569362
670,ahk_outer,2.421847391569362
671,ahk_inner,2.4157203374403453
672,ahk_outer,2.396145934612032
673,ahk_inner,2.3927151413033845
674,ahk_outer,2.38646469639803
675,ahk_outer,2.38646469639803
676,ahk_outer,2.38646469639803
677,ahk_outer,2.3831782650873348
678,ahk_inner,2.37037839303661
679,ahk_inner,2.37037839303661
680,ahk_outer,2.369472316383481
681,ahk_outer,2.3606100784905366
682,ahk_inner,2.359478627819154
683,ahk_inner,2.3593131565531835
684,ahk_inner,2.3545678340634977
685,ahk_inner,2.3545678340634977
686,ahk_inner,2.3545678340634977
687,ahk_inner,2.3545678340634977
688,ahk_inner,2.3545678340634977
689,ahk_inner,2.3545678340634977
690,ahk_inner,2.3529371225669835
691,ahk_outer,2.3529371225669835
692,ahk_outer,2.3526062285854707
693,ahk_inner,2.3526062285854707
694,ahk_outer,2.3526062285854707
695,ahk_outer,2.3526062285854707
696,ahk_outer,2.3526062285854707
697,ahk_outer,2.344509138605308
698,ahk_outer,2.344509138605308
699,ahk_outer,2.344509138605308
700,ahk_inner,2.344509138605308
701,ahk_inner,2.344509138605308
702,ahk_outer,2.344509138605308
703,ahk_outer,2.344509138605308
704,ahk_outer,2.344509138605308
705,ahk_outer,2.344509138605308
706,ahk_outer,2.344509138605308
707,ahk_outer,2.344509138605308
708,ahk_outer,2.344509138605308
709,ahk_outer,2.344509138605308
710,ahk_outer,2.344509138605308
711,ahk_outer,2.344509138605308
712,ahk_outer,2.344509138605308
713,ahk_outer,2.344509138605308
714,ahk_outer,2.3368347188779626
715,ahk_outer,2.3368347188779626
716,ahk_outer,2.3368347188779626
717,ahk_inner,2.336052692794841
718,ahk_outer,2.3290414880124968
719,ahk_outer,2.325174575364294
720,ahk_outer,2.325174575364294
721,ahk_outer,2.325174575364294
722,ahk_outer,2.325174575364294
723,ahk_outer,2.3211426106712203
724,ahk_outer,2.3211426106712203
725,ahk_outer,2.3211426106712203
726,ahk_outer,2.3101170324156284
727,ahk_outer,2.3058400121232805
728,ahk_outer,2.3058400121232805
729,ahk_outer,2.3058400121232805
730,ahk_outer,2.3058400121232805
731,ahk_outer,2.3058400121232805
732,ahk_outer,2.3058400121232805
733,ahk_outer,2.3058400121232805
734,ahk_outer,2.3058400121232805
735,ahk_outer,2.3058400121232805
736,ahk_outer,2.3058400121232805
737,ahk_outer,2.3058400121232805
738,ahk_outer,2.3058400121232805
739,ahk_outer,2.3058400121232805
740,ahk_outer,2.3058400121232805
741,ahk_outer,2.3058400121232805
742,ahk_outer,2.3058400121232805
743,ahk_outer,2.3058400121232805
744,ahk_outer,2.3058400121232805
745,ahk_outer,2.3058400121232805
746,ahk_outer,2.3058400121232805
747,ahk_inner,2.3058400121232805
748,ahk_inner,2.3058400121232805
749,ahk_inner,2.3058400121232805
750,ahk_outer,2.3058400121232805
751,ahk_outer,2.3058400121232805
752,ahk_inner,2.3058400121232805
753,ahk_inner,2.3058400121232805
754,ahk_inner,2.3058400121232805
755,ahk_outer,2.3058400121232805
756,ahk_outer,2.3058400121232805
757,ahk_inner,2.3058400121232805
758,ahk_outer,2.3058400121232805
759,ahk_outer,2.3058400121232805
760,ahk_outer,2.3058400121232805
761,ahk_outer,2.3058400121232805
762,ahk_inner,2.3058400121232805
763,ahk_outer,2.3058400121232805
764,ahk_outer,2.3058400121232805
765,ahk_outer,2.3058400121232805
766,ahk_outer,2.3058400121232805
767,ahk_outer,2.3058400121232805
768,ahk_outer,2.3058400121232805
769,ahk_outer,2.3058400121232805
770,ahk_outer,2.3058400121232805
771,ahk_outer,2.3058400121232805
772,ahk_outer,2.3058400121232805
773,ahk_outer,2.3058400121232805
774,ahk_outer,2.3058400121232805
775,ahk_outer,2.3058400121232805
776,ahk_outer,2.3058400121232805
777,ahk_outer,2.3058400121232805
778,ahk_outer,2.3016446206631493
779,ahk_inner,2.301301359872204
780,ahk_inner,2.301301359872204
781,ahk_inner,2.301301359872204
782,ahk_outer,2.301301359872204
783,ahk_outer,2.290907677414667
784,ahk_inner,2.290907677414667
785,ahk_outer,2.290907677414667
786,ahk_inner,2.280593700557853
787,ahk_outer,2.2798039315535825
788,ahk_outer,2.2798039315535825
789,ahk_outer,2.2798039315535825
790,ahk_outer,2.276327752257976
791,ahk_outer,2.276327752257976
792,ahk_outer,2.271411632966429
793,ahk_outer,2.271411632966429
794,ahk_outer,2.271411632966429
795,ahk_outer,2.271411632966429
796,ahk_outer,2.271411632966429
797,ahk_outer,2.271411632966429
798,ahk_outer,2.271411632966429
799,ahk_outer,2.271411632966429
800,ahk_outer,2.271411632966429
801,ahk_inner,2.271411632966429
802,ahk_outer,2.271411632966429
803,ahk_inner,2.267750711958344
804,ahk_outer,2.2671708856412534
805,ahk_outer,2.2620836428984004
806,ahk_outer,2.2620836428984004
807,ahk_inner,2.26173778204413
808,ahk_outer,2.259437060344848
809,ahk_outer,2.259437060344848
810,ahk_outer,2.259437060344848
811,ahk_outer,2.259437060344848
812,ahk_outer,2.259437060344848
813,ahk_inner,2.258466823685996
814,ahk_inner,2.258212145563191
815,ahk_inner,2.248791763294225
816,ahk_outer,2.246601751346152
817,ahk_outer,2.245202682744769
818,ahk_inner,2.2418208382174045
819,ahk_outer,2.234542116617342
820,ahk_inner,2.232224326707797
821,ahk_inner,2.232224326707797
822,ahk_outer,2.232224326707797
823,ahk_outer,2.232224326707797
824,ahk_outer,2.232224326707797
825,ahk_outer,2.232224326707797
826,ahk_inner,2.230293600084356
827,ahk_inner,2.230293600084356
828,ahk_outer,2.221216834840771
829,ahk_outer,2.221216834840771
830,ahk_outer,2.221216834840771
831,ahk_outer,2.2081714658101697
832,ahk_outer,2.2070016345216943
833,ahk_outer,2.2070016345216943
834,ahk_outer,2.2070016345216943
835,ahk_outer,2.2070016345216943
836,ahk_outer,2.2070016345216943
837,ahk_outer,2.2070016345216943
838,ahk_outer,2.2070016345216943
839,ahk_outer,2.2070016345216943
840,ahk_outer,2.2070016345216943
841,ahk_outer,2.2070016345216943
842,ahk_inner,2.203360913498713
843,ahk_outer,2.1958267290922397
844,ahk_inner,2.1958267290922397
845,ahk_inner,2.195394215697701
846,ahk_outer,2.195394215697701
847,ahk_outer,2.195394215697701
848,ahk_outer,2.194763129712816
849,ahk_outer,2.192441175115317
850,ahk_inner,2.189832632677199
851,ahk_inner,2.189832632677199
852,ahk_inner,2.189832632677199
853,ahk_inner,2.189832632677199
854,ahk_inner,2.189832632677199
855,ahk_inner,2.189832632677199
856,ahk_inner,2.189832632677199
857,ahk_inner,2.189832632677199
858,ahk_outer,2.1888010602637222
859,ahk_outer,2.188255431869361
860,ahk_inner,2.1859185373724963
861,ahk_outer,2.1838704034927128
862,ahk_outer,2.1828740202873127
863,ahk_inner,2.1773439340293783
864,ahk_outer,2.1709717843732625
865,ahk_outer,2.1706004860057497
866,ahk_outer,2.1706004860057497
867,ahk_outer,2.1706004860057497
868,ahk_outer,2.1706004860057497
869,ahk_outer,2.1706004860057497
870,ahk_outer,2.1706004860057497
871,ahk_outer,2.1706004860057497
872,ahk_outer,2.1706004860057497
873,ahk_outer,2.1706004860057497
874,ahk_outer,2.1706004860057497
875,ahk_outer,2.1706004860057497
876,ahk_outer,2.1706004860057497
877,ahk_outer,2.1706004860057497
878,ahk_outer,2.1706004860057497
879,ahk_outer,2.1706004860057497
880,ahk_outer,2.1706004860057497
881,ahk_outer,2.1706004860057497
882,ahk_outer,2.1706004860057497
883,ahk_outer,2.1706004860057497
884,ahk_outer,2.1706004860057497
885,ahk_inner,2.1706004860057497
886,ahk_outer,2.1706004860057497
887,ahk_outer,2.1706004860057497
888,ahk_outer,2.1706004860057497
889,ahk_outer,2.1706004860057497
890,ahk_inner,2.1706004860057497
891,ahk_outer,2.1706004860057497
892,ahk_inner,2.1706004860057497
893,ahk_inner,2.1706004860057497
894,ahk_outer,2.1706004860057497
895,ahk_outer,2.1706004860057497
896,ahk_outer,2.1706004860057497
897,ahk_outer,2.1706004860057497
898,ahk_outer,2.1706004860057497
899,ahk_outer,2.1706004860057497
900,ahk_inner,2.1706004860057497
901,ahk_outer,2.1706004860057497
902,ahk_outer,2.1706004860057497
903,ahk_outer,2.1706004860057497
904,ahk_outer,2.1706004860057497
905,ahk_outer,2.1706004860057497
906,ahk_outer,2.1706004860057497
907,ahk_outer,2.1706004860057497
908,ahk_inner,2.16903044007161
909,ahk_inner,2.168864031918014
910,ahk_inner,2.167139314367682
911,ahk_inner,2.167139314367682
912,ahk_outer,2.1631472935433904
913,ahk_outer,2.1631472935433904
914,ahk_outer,2.1585638367932574
915,ahk_inner,2.1560400265993724
916,ahk_inner,2.1560400265993724
917,ahk_outer,2.1467548661334983
918,ahk_outer,2.135164893652938
919,ahk_outer,2.134199337489806
920,ahk_outer,2.134199337489806
921,ahk_inner,2.132446803819167
922,ahk_inner,2.132446803819167
923,ahk_outer,2.1299156761403486
924,ahk_outer,2.1299156761403486
925,ahk_outer,2.128608776961187
926,ahk_outer,2.1151139535978047
927,ahk_inner,2.112494379713145
928,ahk_outer,2.112494379713145
929,ahk_inner,2.112494379713145
930,ahk_outer,2.10162925235488
931,ahk_outer,2.094070260378984
932,ahk_outer,2.094070260378984
933,ahk_outer,2.094070260378984
934,ahk_outer,2.094070260378984
935,ahk_outer,2.094070260378984
936,ahk_outer,2.094070260378984
937,ahk_outer,2.094070260378984
938,ahk_outer,2.094070260378984
939,ahk_inner,2.094070260378984
940,ahk_outer,2.092229172593992
941,ahk_outer,2.083945164717179
942,ahk_inner,2.083261274074603
943,ahk_outer,2.0802283531756074
944,ahk_inner,2.073769826619119
945,ahk_outer,2.0697950123805064
946,ahk_outer,2.0697950123805064
947,ahk_outer,2.0697950123805064
948,ahk_inner,2.066347444578952
949,ahk_outer,2.064004623188458
950,ahk_outer,2.064004623188458
951,ahk_outer,2.064004623188458
952,ahk_outer,2.062123065908671
953,ahk_outer,2.061397040457918
954,ahk_inner,2.061397040457918
955,ahk_outer,2.061397040457918
956,ahk_outer,2.059531743796781
957,ahk_outer,2.059531743796781
958,ahk_outer,2.059531743796781
959,ahk_inner,2.059531743796781
960,ahk_outer,2.059531743796781
961,ahk_outer,2.059531743796781
962,ahk_outer,2.059531743796781
963,ahk_outer,2.059531743796781
964,ahk_outer,2.059531743796781
965,ahk_outer,2.059531743796781
966,ahk_outer,2.059531743796781
967,ahk_outer,2.059531743796781
968,ahk_outer,2.059531743796781
969,ahk_outer,2.059531743796781
970,ahk_outer,2.059531743796781
971,ahk_outer,2.059531743796781
972,ahk_outer,2.059531743796781
973,ahk_outer,2.059531743796781
974,ahk_outer,2.059531743796781
975,ahk_outer,2.059531743796781
976,ahk_outer,2.059531743796781
977,ahk_outer,2.059531743796781
978,ahk_inner,2.059531743796781
979,ahk_outer,2.059531743796781
980,ahk_outer,2.059531743796781
981,ahk_outer,2.059531743796781
982,ahk_outer,2.059531743796781
983,ahk_outer,2.059531743796781
984,ahk_outer,2.059531743796781
985,ahk_inner,2.059531743796781
986,ahk_outer,2.059531743796781
987,ahk_outer,2.059531743796781
988,ahk_outer,2.059531743796781
989,ahk_outer,2.059531743796781
990,ahk_outer,2.0494329194507146
991,ahk_outer,2.0494329194507146
992,ahk_inner,2.040830742934333
993,ahk_outer,2.040830742934333
994,ahk_outer,2.040830742934333
995,ahk_outer,2.038808633847459
996,ahk_outer,2.03515612674909
997,ahk_outer,2.03515612674909
998,ahk_outer,2.030294991806482
999,ahk_outer,2.0249932272145776
1000,ahk_inner,2.0232358559612207
1001,ahk_inner,2.0225513433132853
1002,ahk_inner,2.0225513433132853
1003,ahk_outer,2.018085523898137
1004,ahk_outer,2.018085523898137
1005,ahk_outer,2.018007123031192
1006,ahk_inner,2.016275701318421
1007,ahk_outer,2.0105787548067093
1008,ahk_inner,2.007835553184956
1009,ahk_inner,2.007835553184956
1010,ahk_outer,2.007073682561335
1011,ahk_outer,2.0020324814554997
1012,ahk_outer,2.001226754471145
1013,ahk_outer,1.998093570236567
1014,ahk_outer,1.998093570236567
1015,ahk_outer,1.998093570236567
1016,ahk_outer,1.998093570236567
1017,ahk_outer,1.9885947434260292
1018,ahk_inner,1.9885947434260292
1019,ahk_inner,1.9885947434260292
1020,ahk_outer,1.9885947434260292
1021,ahk_outer,1.9885947434260292
1022,ahk_outer,1.9885947434260292
1023,ahk_outer,1.9885947434260292
1024,ahk_outer,1.9849113596461887
1025,ahk_outer,1.982926341105829
1026,ahk_outer,1.982926341105829
1027,ahk_inner,1.9823693274256444
1028,ahk_outer,1.9816158069985943
1029,ahk_outer,1.9804982867714007
1030,ahk_outer,1.9776764572176584
1031,ahk_inner,1.9757594409389625
1032,ahk_outer,1.973970042736804
1033,ahk_inner,1.9651380437606216
1034,ahk_outer,1.9651380437606216
1035,ahk_inner,1.9651380437606216
1036,ahk_outer,1.9651380437606216
1037,ahk_outer,1.9651380437606216
1038,ahk_outer,1.9651380437606216
1039,ahk_outer,1.9651380437606216
1040,ahk_outer,1.9651380437606216
1041,ahk_outer,1.9651380437606216
1042,ahk_outer,1.9651380437606216
1043,ahk_outer,1.9651380437606216
1044,ahk_outer,1.9651380437606216
1045,ahk_outer,1.9651380437606216
1046,ahk_outer,1.9651380437606216
1047,ahk_outer,1.9651380437606216
1048,ahk_outer,1.9651380437606216
1049,ahk_outer,1.9651380437606216
1050,ahk_outer,1.9651380437606216
1051,ahk_outer,1.9651380437606216
1052,ahk_outer,1.9651380437606216
1053,ahk_outer,1.9651380437606216
1054,ahk_outer,1.9651380437606216
1055,ahk_outer,1.9651380437606216
1056,ahk_outer,1.9651380437606216
1057,ahk_inner,1.9651380437606216
1058,ahk_inner,1.9651380437606216
1059,ahk_outer,1.9651380437606216
1060,ahk_outer,1.9651380437606216
1061,ahk_outer,1.9651380437606216
1062,ahk_outer,1.9651380437606216
1063,ahk_outer,1.9651380437606216
1064,ahk_outer,1.9651380437606216
1065,ahk_outer,1.9651380437606216
1066,ahk_outer,1.9651380437606216
1067,ahk_outer,1.9633673644769327
1068,ahk_outer,1.961841412551968
1069,ahk_outer,1.9563232709585097
1070,ahk_inner,1.955916194050171
1071,ahk_inner,1.955916194050171
1072,ahk_inner,1.955916194050171
1073,ahk_inner,1.94783296784065
1074,ahk_outer,1.9453647278750543
1075,ahk_inner,1.9392443438293416
1076,ahk_inner,1.9392443438293416
1077,ahk_inner,1.9392443438293416
1078,ahk_inner,1.9392443438293416
1079,ahk_inner,1.9309715714952784
1080,ahk_outer,1.9304013111783784
1081,ahk_outer,1.928708534432308
1082,ahk_outer,1.915792446394141
1083,ahk_inner,1.9109878329182337
1084,ahk_outer,1.9011314817906508
1085,ahk_outer,1.898733600071816
1086,ahk_outer,1.898733600071816
1087,ahk_inner,1.890811770396965
1088,ahk_inner,1.890811770396965
1089,ahk_outer,1.8907062567316344
1090,ahk_inner,1.8868391608857644
1091,ahk_inner,1.8868391608857644
1092,ahk_outer,1.8868391608857644
1093,ahk_inner,1.8868391608857644
1094,ahk_inner,1.8868391608857644
1095,ahk_inner,1.8868391608857644
1096,ahk_outer,1.8829450286426468
1097,ahk_outer,1.8829450286426468
1098,ahk_outer,1.8829450286426468
1099,ahk_outer,1.8829450286426468
1100,ahk_inner,1.8829450286426468
1101,ahk_outer,1.8829450286426468
1102,ahk_outer,1.8829450286426468
1103,ahk_outer,1.8829450286426468
1104,ahk_outer,1.8829450286426468
1105,ahk_outer,1.8829450286426468
1106,ahk_outer,1.8829450286426468
1107,ahk_outer,1.8829450286426468
1108,ahk_outer,1.8829450286426468
1109,ahk_outer,1.8829450286426468
1110,ahk_outer,1.8829450286426468
1111,ahk_outer,1.8829450286426468
1112,ahk_outer,1.8829450286426468
1113,ahk_outer,1.8829450286426468
1114,ahk_outer,1.8829450286426468
1115,ahk_inner,1.8829450286426468
1116,ahk_inner,1.8829450286426468
1117,ahk_outer,1.8829450286426468
1118,ahk_outer,1.8829450286426468
1119,ahk_outer,1.8829450286426468
1120,ahk_inner,1.8829450286426468
1121,ahk_outer,1.8829450286426468
1122,ahk_outer,1.8829450286426468
1123,ahk_outer,1.8829450286426468
1124,ahk_outer,1.8829450286426468
1125,ahk_outer,1.8829450286426468
1126,ahk_outer,1.8829450286426468
1127,ahk_outer,1.8829450286426468
1128,ahk_outer,1.8829450286426468
1129,ahk_outer,1.8829450286426468
1130,ahk_outer,1.8829450286426468
1131,ahk_outer,1.8829450286426468
1132,ahk_outer,1.8829450286426468
1133,ahk_outer,1.8829450286426468
1134,ahk_outer,1.8829450286426468
1135,ahk_outer,1.8829450286426468
1136,ahk_inner,1.876293061754509
1137,ahk_inner,1.876293061754509
1138,ahk_outer,1.875276222640372
1139,ahk_inner,1.8662714643327856
1140,ahk_inner,1.8662714643327856
1141,ahk_outer,1.8639987429276448
1142,ahk_outer,1.860206870620533
1143,ahk_inner,1.8539187608147627
1144,ahk_outer,1.8513678857843097
1145,ahk_outer,1.8513678857843097
1146,ahk_outer,1.8513678857843097
1147,ahk_outer,1.8513678857843097
1148,ahk_outer,1.849853446421168
1149,ahk_outer,1.849853446421168
1150,ahk_outer,1.8454809908469765
1151,ahk_outer,1.8454809908469765
1152,ahk_outer,1.8450524572126423
1153,ahk_outer,1.8450524572126423
1154,ahk_outer,1.8382418064019796
1155,ahk_outer,1.8382418064019796
1156,ahk_outer,1.833445382935157
1157,ahk_outer,1.8310825743065435
1158,ahk_outer,1.8310825743065435
1159,ahk_outer,1.82621830018491
1160,ahk_outer,1.8216145520137397
1161,ahk_outer,1.8216145520137397
1162,ahk_outer,1.8216145520137397
1163,ahk_inner,1.8206939199274383
1164,ahk_outer,1.819721363660544
1165,ahk_inner,1.818074475083233
1166,ahk_inner,1.818074475083233
1167,ahk_inner,1.818074475083233
1168,ahk_inner,1.818074475083233
1169,ahk_inner,1.818074475083233
1170,ahk_inner,1.817762127721358
1171,ahk_outer,1.8169967036082924
1172,ahk_outer,1.8169967036082924
1173,ahk_outer,1.8169967036082924
1174,ahk_outer,1.8169967036082924
1175,ahk_inner,1.8124843492572829
1176,ahk_inner,1.8100665856486744
1177,ahk_outer,1.8100665856486744
1178,ahk_outer,1.8100665856486744
1179,ahk_outer,1.8100665856486744
1180,ahk_outer,1.8100665856486744
1181,ahk_outer,1.8100665856486744
1182,ahk_outer,1.8100665856486744
1183,ahk_outer,1.8100665856486744
1184,ahk_outer,1.8100665856486744
1185,ahk_outer,1.8100665856486744
1186,ahk_outer,1.8100665856486744
1187,ahk_outer,1.8100665856486744
1188,ahk_outer,1.8100665856486744
1189,ahk_outer,1.8100665856486744
1190,ahk_outer,1.8100665856486744
1191,ahk_inner,1.8100665856486744
1192,ahk_outer,1.8100665856486744
1193,ahk_outer,1.8100665856486744
1194,ahk_outer,1.8062713102590535
1195,ahk_outer,1.803209455929095
1196,ahk_inner,1.8014221231023244
1197,ahk_outer,1.8003604113808949
1198,ahk_outer,1.8003604113808949
1199,ahk_outer,1.8003604113808949
1200,ahk_outer,1.8003604113808949
1201,ahk_inner,1.8003604113808949
1202,ahk_inner,1.8003604113808949
1203,ahk_inner,1.8003604113808949
1204,ahk_outer,1.7995305396148966
1205,ahk_inner,1.7979245994964117
1206,ahk_outer,1.7964237153097928
1207,ahk_outer,1.7918536064202797
1208,ahk_inner,1.789707816511269
1209,ahk_inner,1.7882136000676352
1210,ahk_inner,1.7882136000676352
1211,ahk_inner,1.7882136000676352
1212,ahk_inner,1.7882136000676352
1213,ahk_inner,1.7882136000676352
1214,ahk_inner,1.7882136000676352
1215,ahk_inner,1.7801594872988415
1216,ahk_outer,1.779711620268016
1217,ahk_outer,1.779711620268016
1218,ahk_inner,1.7783999857117934
1219,ahk_outer,1.778300520238732
1220,ahk_outer,1.7764796013647923
1221,ahk_outer,1.7764796013647923
1222,ahk_outer,1.7764796013647923
1223,ahk_outer,1.773787987608974
1224,ahk_outer,1.771858721927074
1225,ahk_outer,1.76693604227297
1226,ahk_inner,1.7638833295145495
1227,ahk_inner,1.763513388023209
1228,ahk_outer,1.763513388023209
1229,ahk_outer,1.763513388023209
1230,ahk_outer,1.7612240352461916
1231,ahk_outer,1.757125155305362
1232,ahk_outer,1.757125155305362
1233,ahk_outer,1.7507984533668135
1234,ahk_inner,1.7488910693051951
1235,ahk_outer,1.744532041911976
1236,ahk_inner,1.744532041911976
1237,ahk_outer,1.744532041911976
1238,ahk_outer,1.744532041911976
1239,ahk_outer,1.744532041911976
1240,ahk_outer,1.744532041911976
1241,ahk_outer,1.744532041911976
1242,ahk_inner,1.744532041911976
1243,ahk_inner,1.744532041911976
1244,ahk_outer,1.744532041911976
1245,ahk_outer,1.744532041911976
1246,ahk_outer,1.744532041911976
1247,ahk_outer,1.744532041911976
1248,ahk_outer,1.744532041911976
1249,ahk_outer,1.744532041911976
1250,ahk_outer,1.744532041911976
1251,ahk_outer,1.744532041911976
1252,ahk_outer,1.744532041911976
1253,ahk_outer,1.744532041911976
1254,ahk_outer,1.744532041911976
1255,ahk_outer,1.744532041911976
1256,ahk_inner,1.744532041911976
1257,ahk_inner,1.744532041911976
1258,ahk_outer,1.744532041911976
1259,ahk_inner,1.744532041911976
1260,ahk_outer,1.744532041911976
1261,ahk_outer,1.744532041911976
1262,ahk_outer,1.744532041911976
1263,ahk_outer,1.744532041911976
1264,ahk_outer,1.744532041911976
1265,ahk_outer,1.744532041911976
1266,ahk_outer,1.7383247176648275
1267,ahk_outer,1.7383247176648275
1268,ahk_outer,1.7383247176648275
1269,ahk_outer,1.7344493584290042
1270,ahk_outer,1.7344493584290042
1271,ahk_inner,1.732829663633177
1272,ahk_inner,1.732829663633177
1273,ahk_inner,1.7280417813875175
1274,ahk_outer,1.7269784744937775
1275,ahk_outer,1.725059314350961
1276,ahk_outer,1.725059314350961
1277,ahk_outer,1.725059314350961
1278,ahk_outer,1.725059314350961
1279,ahk_outer,1.7200457605586144
1280,ahk_inner,1.7190016895066988
1281,ahk_inner,1.716230063337687
1282,ahk_outer,1.7152760962149785
1283,ahk_outer,1.7152760962149785
1284,ahk_outer,1.7152760962149785
1285,ahk_outer,1.7152760962149785
1286,ahk_outer,1.7140634431755264
1287,ahk_outer,1.7140634431755264
1288,ahk_outer,1.713192256540478
1289,ahk_inner,1.7131604994965048
1290,ahk_outer,1.7131604994965048
1291,ahk_inner,1.7131604994965048
1292,ahk_inner,1.7131604994965048
1293,ahk_outer,1.7122575325322005
1294,ahk_inner,1.7121106414779157
1295,ahk_outer,1.702258531355195
1296,ahk_outer,1.702258531355195
1297,ahk_outer,1.701699735548872
1298,ahk_outer,1.698587905097008
1299,ahk_outer,1.697385555298476
1300,ahk_outer,1.6960256959384012
1301,ahk_outer,1.6860201505179804
1302,ahk_outer,1.68493574562937
1303,ahk_outer,1.68493574562937
1304,ahk_inner,1.68493574562937
1305,ahk_inner,1.68493574562937
1306,ahk_outer,1.68493574562937
1307,ahk_inner,1.68493574562937
1308,ahk_outer,1.68493574562937
1309,ahk_outer,1.68493574562937
1310,ahk_outer,1.68493574562937
1311,ahk_outer,1.68493574562937
1312,ahk_outer,1.68493574562937
1313,ahk_outer,1.68493574562937
1314,ahk_outer,1.68493574562937
1315,ahk_outer,1.68493574562937
1316,ahk_inner,1.68493574562937
1317,ahk_outer,1.68493574562937
1318,ahk_outer,1.68493574562937
1319,ahk_outer,1.6849182776618157
1320,ahk_outer,1.6848178253020816
1321,ahk_outer,1.679260299387174
1322,ahk_outer,1.6736327763611945
1323,ahk_outer,1.6736327763611945
1324,ahk_outer,1.6736327763611945
1325,ahk_inner,1.6685383054771137
1326,ahk_outer,1.6680523214383451
1327,ahk_outer,1.6680523214383451
1328,ahk_inner,1.6654552006434922
1329,ahk_outer,1.662940571887971
1330,ahk_inner,1.661077948222721
1331,ahk_outer,1.659128724675257
1332,ahk_outer,1.6582917587453816
1333,ahk_outer,1.6582917587453816
1334,ahk_inner,1.6575790227914309
1335,ahk_outer,1.6575790227914309
1336,ahk_outer,1.6575790227914309
1337,ahk_outer,1.6575790227914309
1338,ahk_outer,1.656679234718262
1339,ahk_outer,1.656679234718262
1340,ahk_inner,1.6516751073046956
1341,ahk_outer,1.6515851484215929
1342,ahk_outer,1.6408276779892452
1343,ahk_outer,1.635512886387592
1344,ahk_outer,1.635119818488596
1345,ahk_outer,1.631382735571929
1346,ahk_outer,1.631382735571929
1347,ahk_outer,1.6302397679210456
1348,ahk_outer,1.6302397679210456
1349,ahk_outer,1.6302397679210456
1350,ahk_outer,1.6302397679210456
1351,ahk_outer,1.6302397679210456
1352,ahk_outer,1.6302397679210456
1353,ahk_outer,1.6302397679210456
1354,ahk_outer,1.6302397679210456
1355,ahk_outer,1.6302397679210456
1356,ahk_outer,1.6302397679210456
1357,ahk_outer,1.6302397679210456
1358,ahk_outer,1.6302397679210456
1359,ahk_outer,1.6302397679210456
1360,ahk_outer,1.6302397679210456
1361,ahk_outer,1.6302397679210456
1362,ahk_outer,1.6302397679210456
1363,ahk_outer,1.6302397679210456
1364,ahk_outer,1.6302397679210456
1365,ahk_outer,1.6302397679210456
1366,ahk_outer,1.6302397679210456
1367,ahk_outer,1.6302397679210456
1368,ahk_outer,1.627508259123985
1369,ahk_outer,1.6250076279497223
1370,ahk_outer,1.6211773937069065
1371,ahk_inner,1.6203986780858026
1372,ahk_outer,1.6198157889810514
1373,ahk_inner,1.619304065972892
1374,ahk_outer,1.6146635901098316
1375,ahk_outer,1.6133114247771982
1376,ahk_outer,1.6111207838653834
1377,ahk_outer,1.6096752575768067
1378,ahk_inner,1.6061468078725982
1379,ahk_outer,1.602900513050661
1380,ahk_outer,1.5982523134269877
1381,ahk_outer,1.5982523134269877
1382,ahk_outer,1.5982523134269877
1383,ahk_inner,1.5982523134269877
1384,ahk_inner,1.5982523134269877
1385,ahk_outer,1.5982523134269877
1386,ahk_outer,1.5982523134269877
1387,ahk_outer,1.5982523134269877
1388,ahk_inner,1.596304738283317
1389,ahk_inner,1.5950214400024203
1390,ahk_outer,1.586600290532925
1391,ahk_outer,1.5845477872652616
1392,ahk_inner,1.5796558494712687
1393,ahk_outer,1.5796558494712687
1394,ahk_outer,1.5796558494712687
1395,ahk_outer,1.5796558494712687
1396,ahk_outer,1.5796558494712687
1397,ahk_outer,1.5796558494712687
1398,ahk_outer,1.5796558494712687
1399,ahk_inner,1.5796558494712687
1400,ahk_outer,1.5796558494712687
1401,ahk_outer,1.5796558494712687
1402,ahk_outer,1.5796558494712687
1403,ahk_outer,1.5796558494712687
1404,ahk_outer,1.5796558494712687
1405,ahk_outer,1.5796558494712687
1406,ahk_outer,1.5796558494712687
1407,ahk_outer,1.5796558494712687
1408,ahk_outer,1.5796558494712687
1409,ahk_outer,1.5796558494712687
1410,ahk_inner,1.5796558494712687
1411,ahk_outer,1.5722927407924474
1412,ahk_outer,1.56997610990985
1413,ahk_inner,1.5683865600697784
1414,ahk_inner,1.5683865600697784
1415,ahk_outer,1.5651872533963511
1416,ahk_outer,1.5633868874175447
1417,ahk_outer,1.5633868874175447
1418,ahk_outer,1.5604317223235744
1419,ahk_outer,1.5582725669308923
1420,ahk_outer,1.5579747906651398
1421,ahk_outer,1.55570901842924
1422,ahk_outer,1.55570901842924
1423,ahk_outer,1.55570901842924
1424,ahk_outer,1.5531648910699396
1425,ahk_outer,1.5531648910699396
1426,ahk_outer,1.5531648910699396
1427,ahk_outer,1.551018654478583
1428,ahk_outer,1.5463601539411782
1429,ahk_outer,1.54365319107383
1430,ahk_outer,1.54365319107383
1431,ahk_inner,1.54365319107383
1432,ahk_inner,1.5419675607711474
1433,ahk_outer,1.541733050679536
1434,ahk_outer,1.541733050679536
1435,ahk_outer,1.5371368886489187
1436,ahk_outer,1.5371368886489187
1437,ahk_outer,1.5371368886489187
1438,ahk_outer,1.532571221607935
1439,ahk_outer,1.532571221607935
1440,ahk_outer,1.532571221607935
1441,ahk_outer,1.532571221607935
1442,ahk_outer,1.532571221607935
1443,ahk_outer,1.532571221607935
1444,ahk_outer,1.532571221607935
1445,ahk_outer,1.532571221607935
1446,ahk_outer,1.532571221607935
1447,ahk_outer,1.532571221607935
1448,ahk_outer,1.532571221607935
1449,ahk_outer,1.532571221607935
1450,ahk_outer,1.532571221607935
1451,ahk_outer,1.532571221607935
1452,ahk_outer,1.532571221607935
1453,ahk_outer,1.532571221607935
1454,ahk_outer,1.5280356128394226
1455,ahk_outer,1.5259560915734434
1456,ahk_outer,1.5235296348811955
1457,ahk_outer,1.52219955440857
1458,ahk_outer,1.5190528692662475
1459,ahk_inner,1.5190528692662475
1460,ahk_outer,1.5190528692662475
1461,ahk_outer,1.517150414414161
1462,ahk_outer,1.517150414414161
1463,ahk_outer,1.514604906271994
1464,ahk_outer,1.5134623500578914
1465,ahk_outer,1.5101853446782028
1466,ahk_outer,1.5091338264596592
1467,ahk_outer,1.5057937915332371
1468,ahk_outer,1.5057937915332371
1469,ahk_outer,1.5057937915332371
1470,ahk_outer,1.501429861928277
1471,ahk_outer,1.501429861928277
1472,ahk_outer,1.501429861928277
1473,ahk_inner,1.498304313970322
1474,ahk_outer,1.497093178779202
1475,ahk_outer,1.493543493569122
1476,ahk_inner,1.493543493569122
1477,ahk_outer,1.4927833726158044
1478,ahk_outer,1.4927833726158044
1479,ahk_outer,1.492266855281092
1480,ahk_outer,1.4920787499979318
1481,ahk_outer,1.491710213091331
1482,ahk_outer,1.490833783111279
1483,ahk_inner,1.4885000813780649
1484,ahk_outer,1.4885000813780649
1485,ahk_outer,1.4885000813780649
1486,ahk_outer,1.4885000813780649
1487,ahk_outer,1.4885000813780649
1488,ahk_outer,1.4885000813780649
1489,ahk_inner,1.4885000813780649
1490,ahk_outer,1.487140169251614
1491,ahk_inner,1.4857323202991728
1492,ahk_outer,1.4674691714065096
1493,ahk_outer,1.46723702270888
1494,ahk_outer,1.46723702270888
1495,ahk_outer,1.463537812698238
1496,ahk_outer,1.4585453589622728
1497,ahk_inner,1.4554671856390635
1498,ahk_outer,1.4554671856390635
1499,ahk_outer,1.4551471367757198
1500,ahk_outer,1.4551471367757198
1501,ahk_inner,1.447201057464622
1502,ahk_outer,1.4470507593526365
1503,ahk_outer,1.4470507593526365
1504,ahk_outer,1.4470507593526365
1505,ahk_outer,1.4470507593526365
1506,ahk_outer,1.4470507593526365
1507,ahk_outer,1.4470507593526365
1508,ahk_outer,1.4470507593526365
1509,ahk_outer,1.4470507593526365
1510,ahk_outer,1.4390462647330118
1511,ahk_inner,1.4390462647330118
1512,ahk_outer,1.4347590999972653
1513,ahk_outer,1.4324904632665794
1514,ahk_outer,1.4305604563239598
1515,ahk_outer,1.4265634459821002
1516,ahk_outer,1.4233039121972433
1517,ahk_outer,1.422783599209208
1518,ahk_outer,1.422783599209208
1519,ahk_outer,1.422783599209208
1520,ahk_outer,1.422783599209208
1521,ahk_outer,1.422783599209208
1522,ahk_outer,1.4194222974121915
1523,ahk_outer,1.4154520357001126
1524,ahk_outer,1.4117220206564247
1525,ahk_inner,1.4086398507856015
1526,ahk_inner,1.4086398507856015
1527,ahk_outer,1.4079028584329942
1528,ahk_inner,1.4079028584329942
1529,ahk_outer,1.4079028584329942
1530,ahk_outer,1.4079028584329942
1531,ahk_outer,1.4079028584329942
1532,ahk_outer,1.4079028584329942
1533,ahk_outer,1.4079028584329942
1534,ahk_outer,1.4079028584329942
1535,ahk_outer,1.4079028584329942
1536,ahk_outer,1.4079028584329942
1537,ahk_outer,1.4041040208107427
1538,ahk_inner,1.4040644949931491
1539,ahk_outer,1.4040644949931491
1540,ahk_inner,1.4040644949931491
1541,ahk_outer,1.4003792345591015
1542,ahk_outer,1.4003252685093288
1543,ahk_inner,1.398458599781759
1544,ahk_inner,1.393779213673818
1545,ahk_outer,1.3890143411305225
1546,ahk_outer,1.3842922118049046
1547,ahk_outer,1.3842922118049046
1548,ahk_outer,1.3817246977539468
1549,ahk_inner,1.3760690262074209
1550,ahk_outer,1.3756162557675229
1551,ahk_outer,1.3707909370174791
1552,ahk_outer,1.3707909370174791
1553,ahk_outer,1.3707909370174791
1554,ahk_outer,1.3707909370174791
1555,ahk_outer,1.3707909370174791
1556,ahk_outer,1.3707909370174791
1557,ahk_outer,1.3707909370174791
1558,ahk_outer,1.3707909370174791
1559,ahk_outer,1.3707909370174791
1560,ahk_outer,1.3707909370174791
1561,ahk_outer,1.364204747851005
1562,ahk_inner,1.3636887379789313
1563,ahk_inner,1.3636887379789313
1564,ahk_inner,1.3586534311659164
1565,ahk_outer,1.356997971023676
1566,ahk_outer,1.356997971023676
1567,ahk_outer,1.3478026603611404
1568,ahk_outer,1.3478026603611404
1569,ahk_outer,1.3478026603611404
1570,ahk_outer,1.34241665338486
1571,ahk_inner,1.337070918548725
1572,ahk_outer,1.3354926096414754
1573,ahk_outer,1.3354926096414754
1574,ahk_outer,1.3354926096414754
1575,ahk_outer,1.3354926096414754
1576,ahk_outer,1.3354926096414754
1577,ahk_outer,1.327005565276764
1578,ahk_inner,1.3269310752307628
1579,ahk_inner,1.3269310752307628
1580,ahk_inner,1.326534081319212
1581,ahk_outer,1.325227859265531
1582,ahk_inner,1.320717750095945
1583,ahk_outer,1.31649218687812
1584,ahk_outer,1.3130962888358162
1585,ahk_outer,1.3130962888358162
1586,ahk_outer,1.3104348561808488
1587,ahk_inner,1.3072859853802727
1588,ahk_inner,1.3038331027475634
1589,ahk_outer,1.301819703366608
1590,ahk_outer,1.301819703366608
1591,ahk_outer,1.301819703366608
1592,ahk_outer,1.301819703366608
1593,ahk_outer,1.301819703366608
1594,ahk_outer,1.301819703366608
1595,ahk_outer,1.301819703366608
1596,ahk_outer,1.301819703366608
1597,ahk_inner,1.301819703366608
1598,ahk_outer,1.301819703366608
1599,ahk_outer,1.301819703366608
1600,ahk_outer,1.301819703366608
1601,ahk_outer,1.2952656135237006
1602,ahk_outer,1.2920101468367455
1603,ahk_outer,1.2898496252925455
1604,ahk_outer,1.2898496252925455
1605,ahk_outer,1.2799880799661951
1606,ahk_outer,1.2799880799661951
1607,ahk_outer,1.2756217552861129
1608,ahk_outer,1.2748294546060437
1609,ahk_outer,1.2748294546060437
1610,ahk_outer,1.2696115740793517
1611,ahk_outer,1.2696115740793517
1612,ahk_outer,1.2696115740793517
1613,ahk_inner,1.2696115740793517
1614,ahk_outer,1.268294743973955
1615,ahk_inner,1.2610949779091063
1616,ahk_outer,1.2602135868871036
1617,ahk_outer,1.2595035825776904
1618,ahk_outer,1.2581564565657826
1619,ahk_inner,1.2495928222667083
1620,ahk_outer,1.248320083653738
1621,ahk_outer,1.248320083653738
1622,ahk_outer,1.248320083653738
1623,ahk_outer,1.2417619885212547
1624,ahk_outer,1.2387299790385564
1625,ahk_outer,1.2387299790385564
1626,ahk_outer,1.2387299790385564
1627,ahk_outer,1.2387299790385564
1628,ahk_outer,1.2387299790385564
1629,ahk_outer,1.2387299790385564
1630,ahk_inner,1.23632483316537
1631,ahk_inner,1.23632483316537
1632,ahk_outer,1.2357100240828849
1633,ahk_outer,1.2352733902539874
1634,ahk_outer,1.2352733902539874
1635,ahk_inner,1.230420537622903
1636,ahk_outer,1.2297058362673852
1637,ahk_inner,1.2297013042473763
1638,ahk_outer,1.225085724016798
1639,ahk_outer,1.223748556844778
1640,ahk_outer,1.2207266736159683
1641,ahk_outer,1.2207266736159683
1642,ahk_inner,1.2207266736159683
1643,ahk_inner,1.2207266736159683
1644,ahk_outer,1.2179563754994225
1645,ahk_outer,1.2179563754994225
1646,ahk_outer,1.2178373405855671
1647,ahk_outer,1.2178373405855671
1648,ahk_outer,1.2138016547915955
1649,ahk_outer,1.209055090113941
1650,ahk_outer,1.209055090113941
1651,ahk_outer,1.209055090113941
1652,ahk_inner,1.209055090113941
1653,ahk_inner,1.2032554776349391
1654,ahk_inner,1.2017867274605305
1655,ahk_inner,1.2009447088285885
1656,ahk_inner,1.2009447088285885
1657,ahk_outer,1.1984537324094922
1658,ahk_outer,1.1946369633699392
1659,ahk_outer,1.1887791369005596
1660,ahk_outer,1.1804823561186597
1661,ahk_outer,1.1804823561186597
1662,ahk_inner,1.1804823561186597
1663,ahk_outer,1.1804823561186597
1664,ahk_outer,1.1804823561186597
1665,ahk_outer,1.1804823561186597
1666,ahk_outer,1.1693409281553937
1667,ahk_inner,1.1657132852434953
1668,ahk_outer,1.1645207440062486
1669,ahk_outer,1.163990588540318
1670,ahk_outer,1.163990588540318
1671,ahk_outer,1.163990588540318
1672,ahk_outer,1.163990588540318
1673,ahk_inner,1.1613136160449984
1674,ahk_outer,1.158355674279374
1675,ahk_outer,1.1551887592622214
1676,ahk_outer,1.1483677892325828
1677,ahk_inner,1.1483677892325828
1678,ahk_outer,1.1394920391363308
1679,ahk_inner,1.1372242173310028
1680,ahk_outer,1.133585442820627
1681,ahk_inner,1.1290220983714714
1682,ahk_outer,1.1262870423598976
1683,ahk_outer,1.1262870423598976
1684,ahk_inner,1.124026771725601
1685,ahk_inner,1.1227539300326002
1686,ahk_outer,1.1177125130419985
1687,ahk_inner,1.1107231403327535
1688,ahk_inner,1.1076753240470334
1689,ahk_outer,1.1073991161086836
1690,ahk_outer,1.1005116129711998
1691,ahk_inner,1.1005116129711998
1692,ahk_outer,1.1005116129711998
1693,ahk_inner,1.0978061522893117
1694,ahk_inner,1.0978061522893117
1695,ahk_outer,1.0935664008094246
1696,ahk_outer,1.0935664008094246
1697,ahk_outer,1.0935664008094246
1698,ahk_outer,1.08149842553685
1699,ahk_inner,1.0794716320586262
1700,ahk_outer,1.0755296797009068
1701,ahk_outer,1.0755296797009068
1702,ahk_inner,1.073481752758516
1703,ahk_inner,1.073481752758516
1704,ahk_outer,1.07223409075256
1705,ahk_outer,1.0719433404850756
1706,ahk_outer,1.068688192752966
1707,ahk_outer,1.065746041276547
1708,ahk_outer,1.065461969022382
1709,ahk_outer,1.0635314112926786
1710,ahk_outer,1.0633181245896417
1711,ahk_outer,1.0600989791448758
1712,ahk_outer,1.056851973617042
1713,ahk_outer,1.0562471898565726
1714,ahk_outer,1.0562471898565726
1715,ahk_outer,1.0536768784790285
1716,ahk_outer,1.0512839202795432
1717,ahk_outer,1.04889780449129
1718,ahk_inner,1.041259577979632
1719,ahk_outer,1.041259577979632
1720,ahk_outer,1.0370681788333216
1721,ahk_inner,1.0332258025924468
1722,ahk_outer,1.0318474111038272
1723,ahk_outer,1.0301277790027457
1724,ahk_outer,1.027722816628229
1725,ahk_outer,1.027722816628229
1726,ahk_outer,1.027722816628229
1727,ahk_outer,1.027722816628229
1728,ahk_outer,1.027722816628229
1729,ahk_outer,1.0265715111935072
1730,ahk_outer,1.0216504694263326
1731,ahk_outer,1.0216504694263326
1732,ahk_outer,1.0216504694263326
1733,ahk_inner,1.0208288181936946
1734,ahk_inner,1.0208288181936946
1735,ahk_outer,1.0193537408966593
1736,ahk_inner,1.0170630296523544
1737,ahk_inner,1.0138952653478646
1738,ahk_outer,1.0090374032007483
1739,ahk_inner,1.0079595609645633
1740,ahk_inner,1.0069686755295395
1741,ahk_outer,1.0047998926586212
1742,ahk_outer,1.0047998926586212
1743,ahk_inner,1.0047998926586212
1744,ahk_outer,1.0047998926586212
1745,ahk_inner,1.0047998926586212
1746,ahk_inner,1.0047998926586212
1747,ahk_outer,1.0047998926586212
1748,ahk_inner,1.0038761412400954
1749,ahk_outer,1.003442905279405
1750,ahk_outer,0.9989492272745156
1751,ahk_outer,0.9989492272745156
1752,ahk_outer,0.9989492272745156
1753,ahk_outer,0.9989492272745156
1754,ahk_outer,0.9989492272745156
1755,ahk_inner,0.9935576075978912
1756,ahk_inner,0.986042193505744
1757,ahk_outer,0.9824730731053828
1758,ahk_outer,0.9824730731053828
1759,ahk_outer,0.9824730731053828
1760,ahk_inner,0.9816878822196416
1761,ahk_outer,0.9768152284218644
1762,ahk_outer,0.9768152284218644
1763,ahk_outer,0.9659969189362502
1764,ahk_outer,0.9631333316262192
1765,ahk_outer,0.9616398537179578
1766,ahk_outer,0.9607041410324224
1767,ahk_outer,0.9607041410324224
1768,ahk_outer,0.9607041410324224
1769,ahk_outer,0.9607041410324224
1770,ahk_outer,0.9607041410324224
1771,ahk_outer,0.9607041410324224
1772,ahk_outer,0.9585565638582596
1773,ahk_outer,0.9552130688217566
1774,ahk_outer,0.9552130688217566
1775,ahk_outer,0.9552130688217566
1776,ahk_outer,0.9552130688217566
1777,ahk_inner,0.9511445523560816
1778,ahk_outer,0.9453247715883468
1779,ahk_outer,0.939458276329232
1780,ahk_outer,0.939458276329232
1781,ahk_outer,0.939458276329232
1782,ahk_outer,0.939458276329232
1783,ahk_inner,0.9386624685100972
1784,ahk_outer,0.937361209474248
1785,ahk_outer,0.9361990518725302
1786,ahk_outer,0.9341103969935632
1787,ahk_outer,0.9341103969935632
1788,ahk_outer,0.9341103969935632
1789,ahk_outer,0.9231241366059548
1790,ahk_outer,0.9187036611038458
1791,ahk_outer,0.9187036611038458
1792,ahk_outer,0.9187036611038458
1793,ahk_inner,0.9177763300441724
1794,ahk_outer,0.9166540744192596
1795,ahk_outer,0.9134775693139272
1796,ahk_outer,0.9134775693139272
1797,ahk_inner,0.9126367709388348
1798,ahk_outer,0.9000923022597194
1799,ahk_outer,0.898411140659566
1800,ahk_outer,0.898411140659566
1801,ahk_outer,0.898411140659566
1802,ahk_outer,0.898411140659566
1803,ahk_outer,0.898411140659566
1804,ahk_inner,0.8972782319621366
1805,ahk_outer,0.8932873525285439
1806,ahk_outer,0.8844668924168306
1807,ahk_outer,0.8833447120052047
1808,ahk_outer,0.8807440010941142
1809,ahk_outer,0.8785539309133608
1810,ahk_inner,0.8765911852428158
1811,ahk_outer,0.8735146659250674
1812,ahk_inner,0.8703450717651642
1813,ahk_outer,0.8605879006011581
1814,ahk_outer,0.8591073648212397
1815,ahk_outer,0.8591073648212397
1816,ahk_outer,0.8591073648212397
1817,ahk_outer,0.8533500201302582
1818,ahk_outer,0.849530888679686
1819,ahk_outer,0.8400486717283069
1820,ahk_outer,0.8400486717283069
1821,ahk_outer,0.8400486717283069
1822,ahk_outer,0.8381633105408778
1823,ahk_outer,0.835131005411649
1824,ahk_outer,0.8213567846395616
1825,ahk_outer,0.8213567846395616
1826,ahk_outer,0.8164787513712193
1827,ahk_outer,0.8164787513712193
1828,ahk_inner,0.8163080490292626
1829,ahk_outer,0.8127649759506661
1830,ahk_outer,0.8058961578920102
1831,ahk_inner,0.8054491558357186
1832,ahk_outer,0.803012171272733
1833,ahk_outer,0.803012171272733
1834,ahk_inner,0.803012171272733
1835,ahk_outer,0.803012171272733
1836,ahk_outer,0.7981611443737059
1837,ahk_outer,0.7981611443737059
1838,ahk_outer,0.795767454344645
1839,ahk_outer,0.7870708593021019
1840,ahk_outer,0.7867839139806553
1841,ahk_outer,0.7849966854528134
1842,ahk_outer,0.7849966854528134
1843,ahk_outer,0.7849966854528134
1844,ahk_outer,0.7814315764349931
1845,ahk_outer,0.7718322265319211
1846,ahk_outer,0.7672934359747815
1847,ahk_outer,0.7672934359747815
1848,ahk_outer,0.7672934359747815
1849,ahk_outer,0.7672934359747815
1850,ahk_outer,0.7672934359747815
1851,ahk_outer,0.7624623316089879
1852,ahk_outer,0.7585539356766265
1853,ahk_outer,0.7498866705235683
1854,ahk_outer,0.7498866705235683
1855,ahk_outer,0.7327616726196642
1856,ahk_outer,0.7327616726196642
1857,ahk_outer,0.7327616726196642
1858,ahk_outer,0.7327616726196642
1859,ahk_outer,0.727910450013472
1860,ahk_outer,0.727910450013472
1861,ahk_outer,0.7204731991563126
1862,ahk_inner,0.719108988897274
1863,ahk_outer,0.7184160945375203
1864,ahk_outer,0.7184160945375203
1865,ahk_outer,0.7159046698714058
1866,ahk_inner,0.7147731680594525
1867,ahk_inner,0.7121596872673096
1868,ahk_outer,0.7110301166901554
1869,ahk_outer,0.70425727925195
1870,ahk_outer,0.7038988897293397
1871,ahk_inner,0.7015706059015553
1872,ahk_outer,0.6993027520737911
1873,ahk_outer,0.6993027520737911
1874,ahk_inner,0.6980059125053758
1875,ahk_outer,0.6958208676071181
1876,ahk_outer,0.6852299145341544
1877,ahk_outer,0.6852299145341544
1878,ahk_inner,0.6798873294452074
1879,ahk_outer,0.6668164091826247
1880,ahk_outer,0.655875769161075
1881,ahk_outer,0.650909851683304
1882,ahk_inner,0.64512893057206
1883,ahk_outer,0.6422919146024276
1884,ahk_inner,0.641777757070405
1885,ahk_outer,0.6352140018741345
1886,ahk_outer,0.630112042303217
1887,ahk_inner,0.6283623300192515
1888,ahk_outer,0.6256786798551522
1889,ahk_inner,0.625267283442847
1890,ahk_outer,0.6224308926631843
1891,ahk_outer,0.6145528179201616
1892,ahk_outer,0.6140942150874196
1893,ahk_outer,0.6120445323581097
1894,ahk_outer,0.6104983708284897
1895,ahk_outer,0.6064989423519616
1896,ahk_outer,0.6044167001909818
1897,ahk_outer,0.5942805824618023
1898,ahk_outer,0.5892976435324303
1899,ahk_inner,0.5846246840471149
1900,ahk_outer,0.583985973453079
1901,ahk_outer,0.583985973453079
1902,ahk_inner,0.577778918245602
1903,ahk_outer,0.5627956527933928
1904,ahk_outer,0.5595780896247481
1905,ahk_outer,0.5541016230584076
1906,ahk_outer,0.5449625562093492
1907,ahk_outer,0.5358234893602909
1908,ahk_outer,0.5339956759904793
1909,ahk_outer,0.5305004352123455
1910,ahk_outer,0.5305004352123455
1911,ahk_outer,0.5248415474127497
1912,ahk_outer,0.5104289059191439
1913,ahk_outer,0.5020101543783366
1914,ahk_outer,0.5020101543783366
1915,ahk_outer,0.4879695997041225
1916,ahk_inner,0.4843323180930688
1917,ahk_outer,0.4834249265490121
1918,ahk_outer,0.4735596072144725
1919,ahk_outer,0.469349412151871
1920,ahk_outer,0.4591824745530373
1921,ahk_outer,0.454086967980602
1922,ahk_outer,0.454086967980602
1923,ahk_inner,0.4539290730702167
1924,ahk_outer,0.4525499511986042
1925,ahk_outer,0.4465974913521903
1926,ahk_inner,0.4403010190123462
1927,ahk_outer,0.4373961796983938
1928,ahk_outer,0.4257768224425839
1929,ahk_inner,0.4221275904333244
1930,ahk_outer,0.4130529746397604
1931,ahk_inner,0.4129334393472998
1932,ahk_inner,0.4071892563575611
1933,ahk_inner,0.4062402915680176
1934,ahk_inner,0.3976943841685141
1935,ahk_inner,0.395323038774651
1936,ahk_outer,0.3929909988539534
1937,ahk_outer,0.3834568211917409
1938,ahk_outer,0.3798358474206465
1939,ahk_outer,0.3798358474206465
1940,ahk_outer,0.3798358474206465
1941,ahk_outer,0.3798358474206465
1942,ahk_outer,0.3721919933722686
1943,ahk_outer,0.3654688949457799
1944,ahk_outer,0.3628679880882602
1945,ahk_inner,0.3607468855226677
1946,ahk_outer,0.3597243860259206
1947,ahk_inner,0.356621696584171
1948,ahk_outer,0.3408938659125156
1949,ahk_outer,0.3408938659125156
1950,ahk_outer,0.3408938659125156
1951,ahk_outer,0.3280745930111221
1952,ahk_inner,0.3232037117262333
1953,ahk_inner,0.3198199081480576
1954,ahk_outer,0.3153297763668797
1955,ahk_inner,0.3139146252387733
1956,ahk_outer,0.3026558454071696
1957,ahk_outer,0.3026558454071696
1958,ahk_inner,0.2962633003613292
1959,ahk_outer,0.2898824430377738
1960,ahk_inner,0.2874724789304239
1961,ahk_inner,0.287429155213953
1962,ahk_outer,0.2775068741656546
1963,ahk_outer,0.2775068741656546
1964,ahk_inner,0.2757857656399406
1965,ahk_outer,0.2650251890554729
1966,ahk_outer,0.2650251890554729
1967,ahk_outer,0.2650251890554729
1968,ahk_outer,0.2526010877666069
1969,ahk_inner,0.2467297537660552
1970,ahk_outer,0.2442601606776857
1971,ahk_outer,0.2402314593635229
1972,ahk_outer,0.2402314593635229
1973,ahk_outer,0.2192599060647536
1974,ahk_inner,0.2150071918707334
1975,ahk_outer,0.2068307529853731
1976,ahk_outer,0.2034193930482895
1977,ahk_outer,0.200008033111206
1978,ahk_outer,0.1944450436796216
1979,ahk_outer,0.1899089492354302
1980,ahk_outer,0.1820999461038136
1981,ahk_outer,0.1790964833608841
1982,ahk_outer,0.1790964833608841
1983,ahk_outer,0.1697926808804052
1984,ahk_outer,0.1679127664343852
1985,ahk_outer,0.1549224549355159
1986,ahk_inner,0.1521779303262331
1987,ahk_outer,0.1308759902239338
1988,ahk_outer,0.1308759902239338
1989,ahk_inner,0.1238335421314975
1990,ahk_inner,0.1230764095489384
1991,ahk_outer,0.1208879761456866
1992,ahk_outer,0.1188941121155746
1993,ahk_outer,0.1188941121155746
1994,ahk_outer,0.1159030795446291
1995,ahk_outer,0.1080124165398887
1996,ahk_outer,0.1069364170392423
1997,ahk_outer,0.1061525553755235
1998,ahk_inner,0.0984101022701954
1999,ahk_outer,0.0965935679486416
2000,ahk_outer,0.0959563021201828
2001,ahk_outer,0.0950004033774946
2002,ahk_outer,0.0950004033774946
2003,ahk_outer,0.0930886058921182
2004,ahk_outer,0.0844769149177679
2005,ahk_outer,0.0754810579881191
2006,ahk_outer,0.072377297893716
2007,ahk_outer,0.0711835440112533
2008,ahk_inner,0.0674226617366694
2009,ahk_outer,0.0642699620540794
2010,ahk_outer,0.062277237770095
2011,ahk_inner,0.0589841921548236
2012,ahk_inner,0.056172345777468
2013,ahk_inner,0.0533609499816201
2014,ahk_inner,0.0505499821044688
2015,ahk_inner,0.0505499821044688
2016,ahk_outer,0.0482193023430254
2017,ahk_outer,0.0482193023430254
2018,ahk_outer,0.0466248794494301
2019,ahk_inner,0.0365007696832917
2020,ahk_inner,0.033691894477654
2021,ahk_inner,0.033691894477654
2022,ahk_inner,0.0308832890672078
2023,ahk_inner,0.029479080494561
2024,ahk_inner,0.022458866380781
2025,ahk_outer,0.0118500686128209
2026,ahk_outer,0.0059248861743805
2027,ahk_outer,0.0
2028,ahk_outer,0.0
2029,ahk_outer,0.0
2030,ahk_outer,0.0
2031,ahk_outer,0.0
2032,ahk_outer,0.0
2033,ahk_outer,0.0
2034,aho_inner,4.50050002
2035,aho_inner,4.50050002
2036,aho_inner,3.84937533
2037,aho_inner,3.67873076
2038,aho_inner,3.13437597
2039,aho_inner,3.13437597
2040,aho_inner,3.13437597
2041,aho_inner,3.13437597
2042,aho_inner,3.13437597
2043,aho_inner,3.13437597
2044,aho_inner,2.89279432
2045,aho_inner,2.81808334
2046,aho_inner,2.72095293
2047,aho_inner,2.72095293
2048,aho_inner,2.72095293
2049,aho_inner,2.72095293
2050,aho_inner,2.72095293
2051,aho_inner,2.72095293
2052,aho_inner,2.72095293
2053,aho_inner,2.72095293
2054,aho_inner,2.72095293
2055,aho_inner,2.6917632
2056,aho_inner,2.63729647
2057,aho_inner,2.61179564
2058,aho_inner,2.49823771
2059,aho_inner,2.49823771
2060,aho_inner,2.49268506
2061,aho_inner,2.47786275
2062,aho_inner,2.47786275
2063,aho_inner,2.47786275
2064,aho_inner,2.3515711
2065,aho_inner,2.30450133
2066,aho_inner,2.30450133
2067,aho_inner,2.30450133
2068,aho_inner,2.30450133
2069,aho_inner,2.30450133
2070,aho_inner,2.28957767
2071,aho_inner,2.26077037
2072,aho_inner,2.20688949
2073,aho_inner,2.16934032
2074,aho_inner,2.13954868
2075,aho_inner,2.13444943
2076,aho_inner,2.12255274
2077,aho_inner,2.11117069
2078,aho_inner,2.02174776
2079,aho_inner,2.01889808
2080,aho_inner,2.00941149
2081,aho_inner,1.97754867
2082,aho_inner,1.96551622
2083,aho_inner,1.9607788
2084,aho_inner,1.95650617
2085,aho_inner,1.94448624
2086,aho_inner,1.88185187
2087,aho_inner,1.84440958
2088,aho_inner,1.80901573
2089,aho_inner,1.80901573
2090,aho_inner,1.73731552
2091,aho_inner,1.68395754
2092,aho_inner,1.66417952
2093,aho_inner,1.62929332
2094,aho_inner,1.62929332
2095,aho_inner,1.57873877
2096,aho_inner,1.56906465
2097,aho_inner,1.56019653
2098,aho_inner,1.53168147
2099,aho_inner,1.53168147
2100,aho_inner,1.51369193
2101,aho_inner,1.51369193
2102,aho_inner,1.49260764
2103,aho_inner,1.48763592
2104,aho_inner,1.47570337
2105,aho_inner,1.47016368
2106,aho_inner,1.40708549
2107,aho_inner,1.39055932
2108,aho_inner,1.38325909
2109,aho_inner,1.36999511
2110,aho_inner,1.36999511
2111,aho_inner,1.36283425
2112,aho_inner,1.35390456
2113,aho_inner,1.33471728
2114,aho_inner,1.31904107
2115,aho_inner,1.00421655
2116,aho_inner,0.99242206
2117,aho_inner,0.83956097
2118,aho_inner,0.80438248
2119,aho_inner,0.80254597
2120,aho_inner,0.67501313
2121,aho_inner,0.56782018
2122,aho_inner,0.39647984
2123,aho_inner,0.33293116
2124,aho_inner,0.19433377
2125,aho_inner,0.10866753
2126,aho_inner,0.09139463
2127,aho_inner,0.04819171
2128,aho_inner,0.04739647
2129,aho_inner,0.0120419
2130,aho_inner,0.0
2131,aho_inner,0.0
