structure_type,canonical_smiles,Domain,reaction_count,PC1,PC2
substrate,C/C(=C\C(=O)c1ccccc1)c1ccccc1,ahk_outer,2,-0.924020642887922,-0.866033303346803
substrate,C/C=C(\C)C(C)=O,ahk_inner,1,-1.449845621470159,-0.16390019099595823
substrate,C=C(C(=O)O)c1ccc(-c2ccccc2)cc1,aho_inner,1,-1.093303400778567,-0.27428137312934786
substrate,C=C(C(=O)O)c1ccc(C(C)(C)C)cc1,aho_inner,1,-1.776262401281818,0.41427401496211586
substrate,C=C(C(=O)O)c1ccc(C(F)(F)F)cc1,aho_inner,1,-1.478649441167814,-0.7161856059895049
substrate,C=C(C(=O)O)c1ccc(C)cc1,aho_inner,1,-1.6304046727566188,0.0340500497645963
substrate,C=C(C(=O)O)c1ccc(CC(C)C)cc1,aho_inner,4,-1.5299232702578456,0.5632475268689874
substrate,C=C(C(=O)O)c1ccc(F)cc1,aho_inner,1,-1.4335471200468917,-0.9344268149692715
substrate,C=C(C(=O)O)c1ccc(OC)cc1,aho_inner,1,-1.7406245727648952,0.913999637377006
substrate,C=C(C(=O)O)c1ccc2cc(OC)ccc2c1,aho_inner,8,-1.3611899085166432,0.7429337794617946
substrate,C=C(C(=O)O)c1cccc(C)c1C,aho_inner,1,-1.6985046951585512,-0.030979911193076692
substrate,C=C(C(=O)O)c1cccc(Cl)c1,aho_inner,1,-1.4224258531849958,-0.9674465475963566
substrate,C=C(C(=O)O)c1cccc(F)c1,aho_inner,1,-1.4335471200469072,-0.9344268149692649
substrate,C=C(C(=O)O)c1cccc(OC)c1,aho_inner,1,-1.7406245727649001,0.913999637377011
substrate,C=C(C(=O)O)c1cccc2ccccc12,aho_inner,1,-1.1594557268636372,-0.2946603032244351
substrate,C=C(C(=O)O)c1ccccc1,aho_inner,16,-1.538890391111901,-0.12359444530921439
substrate,C=C(C(=O)O)c1ccccc1C,aho_inner,1,-1.6369995391665484,-0.20462498880349753
substrate,C=C(C(=O)O)c1ccccc1Cl,aho_inner,1,-1.429020719594933,-1.2061215861644448
substrate,C=C(C(=O)O)c1ccccc1F,aho_inner,1,-1.440141986456844,-1.173101853537359
substrate,C=C(C(=O)O)c1ccccc1OC,aho_inner,1,-1.7472194391748395,0.6753245988089163
substrate,C=C(CC(=O)O)C(=O)O,aho_inner,1,-1.340516721208972,0.9554434934705668
substrate,C=C(CC(=O)OC)C(=O)OC,aho_inner,8,-1.4676957816044094,1.8551861185045295
substrate,C=C(CC)C(=O)O,aho_inner,1,-1.6009360461564606,0.622253206281113
substrate,C=C(CC)c1ccc(Br)cc1,aho_inner,2,-1.1272146258023523,-1.2602692330039684
substrate,C=C(CC)c1ccc(C(F)(F)F)cc1,aho_inner,2,-1.1728164956087324,-1.0638886134789378
substrate,C=C(CC)c1ccc(C)cc1,aho_inner,2,-1.2945626015448226,-0.29765237518823495
substrate,C=C(CC)c1ccc(Cl)cc1,aho_inner,1,-1.1165929076259233,-1.3151495550857877
substrate,C=C(CC)c1ccc(F)cc1,aho_inner,2,-1.127714174487831,-1.2821298224587052
substrate,C=C(CC)c1cccc(Br)c1,aho_inner,2,-1.1272146258023545,-1.260269233003979
substrate,C=C(CC)c1cccc(Cl)c1,aho_inner,1,-1.1165929076259233,-1.3151495550857843
substrate,C=C(CC)c1ccccc1,aho_inner,2,-1.2330574455528336,-0.47129745279865026
substrate,C=C(CC)c1ccccc1Br,aho_inner,2,-1.1338094922122903,-1.4989442715720744
substrate,C=C(CCc1ccccc1)C(=O)O,aho_inner,8,-1.0657406205107591,0.10305337452905469
substrate,C=C(CNC(C)=O)c1ccccc1,aho_inner,3,0.07440710280712319,0.08957091428800261
substrate,C=C(CO)C(=O)OC,aho_inner,4,-1.450866187829834,1.7516872336153568
substrate,C=C(Cc1ccccc1)C(=O)O,aho_inner,1,-1.3777053888113835,0.08999726293068017
substrate,C=C(NC(C)=O)C(=O)O,aho_inner,1,-0.9269569915249868,1.0861271321092547
substrate,C=C(NC(C)=O)C(=O)OC,aho_inner,10,-0.9578450956043811,1.6609409817139107
substrate,C=C1CCCO1,aho_inner,1,-0.23720230845179618,-0.039433636432144606
substrate,C=C1CCc2ccccc2C1=O,aho_inner,1,-0.7485133815994068,-1.119737590267384
substrate,CC(=O)/C(=C/c1ccccc1)c1ccccc1,ahk_outer,2,-0.9240206428879317,-0.8660333033468073
substrate,CC(=O)/C=C(\C)c1ccccc1,ahk_outer,11,-1.3254064484947274,-0.5451811690123021
substrate,CC(=O)/C=C/C1=C(C)CCCC1(C)C,ahk_inner,1,-0.994412512778202,-0.027803076612137077
substrate,CC(=O)/C=C/c1ccc(Br)cc1,ahk_outer,2,-1.0471498490939326,-1.388217756003527
substrate,CC(=O)/C=C/c1ccc(C)cc1,ahk_outer,3,-1.2144978248363985,-0.4256008981877815
substrate,CC(=O)/C=C/c1ccc(Cl)cc1,ahk_outer,2,-1.0365281309174934,-1.4430980780853304
substrate,CC(=O)/C=C/c1ccc(F)cc1,ahk_outer,2,-1.0476493977794035,-1.4100783454582446
substrate,CC(=O)/C=C/c1ccc2ccccc2c1,ahk_outer,1,-0.7735580045961342,-0.7703118337134068
substrate,CC(=O)/C=C/c1cccc(Cl)c1,ahk_outer,1,-1.0365281309175005,-1.4430980780853337
substrate,CC(=O)/C=C/c1ccccc1,ahk_outer,23,-1.1529926688444005,-0.5992459757981922
substrate,CC(=O)C#CC(C)(C)C,ahk_outer,1,-1.3256923704455104,0.15296556058647837
substrate,CC(=O)C#CC1CCCCC1,ahk_outer,1,-0.5592268731671913,-0.3346552830766613
substrate,CC(=O)C#C[Si](C(C)C)(C(C)C)C(C)C,ahk_outer,1,-1.1404563294145231,0.2405785538514043
substrate,CC(=O)C#C[Si](C)(C)C,ahk_outer,1,-0.9729392503343635,0.5170002759722154
substrate,CC(=O)C#C[Si](C)(C)C(C)(C)C,ahk_outer,2,-0.9863228953468298,0.5509549475052845
substrate,CC(=O)C#C[Si](c1ccccc1)(c1ccccc1)C(C)(C)C,ahk_outer,1,-0.7248286963282289,-0.16189722084535027
substrate,CC(=O)C#Cc1ccc(Cl)cc1,ahk_outer,1,-0.9742394755094418,-1.3603338964039113
substrate,CC(=O)C#Cc1ccccc1,ahk_outer,1,-1.0907040134363444,-0.5164817941167691
substrate,CC(=O)C(C)(C)C,ahk_outer,1,-1.3166729754817836,0.1461945519039862
substrate,CC(=O)C(C)C,ahk_outer,1,-1.2867217587863298,0.1005459830179342
substrate,CC(=O)C(F)(F)F,ahk_outer,2,-1.1105742970124879,-0.8266205739738229
substrate,CC(=O)C12CC3CC(CC(C3)C1)C2,ahk_outer,1,-0.8188107830942203,-0.32761508343690177
substrate,CC(=O)C1=CCCCC1,ahk_inner,1,-0.7074539407273261,-0.34562935583579246
substrate,CC(=O)C1=CCCCC1,ahk_outer,1,-0.7074539407273261,-0.34562935583579246
substrate,CC(=O)C1CC1,ahk_outer,1,-0.9656842389301171,-0.23464633719036876
substrate,CC(=O)C1CCCCC1,ahk_outer,6,-0.5252372666972122,-0.1500559120123401
substrate,CC(=O)C=C(C)C,ahk_outer,2,-1.4689384328164448,-0.09502746080551898
substrate,CC(=O)CC(=O)COCc1ccccc1,ahk_inner,8,-0.4420341219768247,2.007980354574721
substrate,CC(=O)CC(=O)COc1ccccc1,ahk_inner,1,-0.9331412569053462,2.011974487235944
substrate,CC(=O)CC(C)(C)C,ahk_outer,1,-0.9474720352813967,0.5521443837600163
substrate,CC(=O)CCc1ccccc1,ahk_outer,1,-0.3742162902980821,-0.023006370622726577
substrate,CC(=O)CN(C)C,ahk_outer,1,0.8742116572232914,1.2142726442363816
substrate,CC(=O)CN(C)c1ccccc1,ahk_outer,1,1.4078155419649812,0.7747031361331823
substrate,CC(=O)CO,ahk_inner,7,-0.8714140829871057,1.303337419491513
substrate,CC(=O)CO,ahk_outer,1,-0.8714140829871057,1.303337419491513
substrate,CC(=O)N(C)CC(=O)c1ccccc1,ahk_outer,1,1.1615711178353203,1.537343226533795
substrate,CC(=O)Nc1ccccc1C(=O)c1ccccc1,ahk_inner,1,0.33275607251568506,-0.07892518626824442
substrate,CC(=O)Oc1ccc(C(C)=O)cc1,ahk_outer,1,-1.5498762200656346,1.213652284069783
substrate,CC(=O)[C]12[CH]3[CH]4[CH]5[CH]1[Fe]45321678[CH]2[CH]1[CH]6[CH]7[CH]28,ahk_outer,2,-0.41525649000850945,-0.5229651448359403
substrate,CC(=O)[Si](C)(C)C(C)(C)C,ahk_outer,2,-1.0155130532446863,0.5419150481920988
substrate,CC(=O)[Si](C)(C)c1ccccc1,ahk_outer,1,-0.9129987797482526,0.21873698715330375
substrate,CC(=O)c1c(C)c(C)c(C)c(C)c1C,ahk_outer,9,-1.185093185366022,-0.49622517524632076
substrate,CC(=O)c1c(C)cc(C)cc1C,ahk_outer,3,-1.1850931853660234,-0.49622517524632104
substrate,CC(=O)c1c(C)coc1C,ahk_outer,2,-1.0428068155413748,-0.07589991517804069
substrate,CC(=O)c1c(Cl)ccc(F)c1Cl,ahk_outer,4,-0.9652359966836196,-1.6877289605404586
substrate,CC(=O)c1c(Cl)cccc1Cl,ahk_outer,2,-0.9718149469556502,-1.6057799436544924
substrate,CC(=O)c1c2ccccc2cc2ccccc12,ahk_outer,1,-0.7022499542243491,-0.6943186607144733
substrate,CC(=O)c1cc(C(F)(F)F)cc(C(F)(F)F)c1,ahk_inner,4,-1.0214436685285213,-1.1158439634795503
substrate,CC(=O)c1cc(C(F)(F)F)cc(C(F)(F)F)c1,ahk_outer,33,-1.0214436685285213,-1.1158439634795503
substrate,CC(=O)c1cc(C)cc(C)c1,ahk_outer,1,-1.1784983189560858,-0.25755013667822974
substrate,CC(=O)c1cc(C)sc1C,ahk_outer,2,-0.9696608535682737,-0.5541700140637604
substrate,CC(=O)c1cc(Cl)ccc1Cl,ahk_outer,1,-0.97181494695565,-1.6057799436544915
substrate,CC(=O)c1cc(Cl)ccn1,ahk_outer,1,0.017693634685704798,-1.5245625572296613
substrate,CC(=O)c1cc(Cl)sc1Cl,ahk_outer,1,-0.7563826151579011,-1.6637247824719312
substrate,CC(=O)c1cc(F)ccc1F,ahk_outer,1,-0.9829362138175552,-1.5727602110274033
substrate,CC(=O)c1cc(OCc2ccccc2)cc(OCc2ccccc2)c1,ahk_outer,1,-0.5544694039680257,1.262347768356421
substrate,CC(=O)c1cc2ccccc2cn1,ahk_outer,1,0.2806637610070695,-0.8517763128577349
substrate,CC(=O)c1cc2ccccc2o1,ahk_outer,1,-0.728902898008204,-0.2513261083547264
substrate,CC(=O)c1ccc(Br)cc1,ahk_inner,1,-0.9758417987221479,-1.3122245830045953
substrate,CC(=O)c1ccc(Br)cc1,ahk_outer,13,-0.9758417987221479,-1.3122245830045953
substrate,CC(=O)c1ccc(Br)cn1,ahk_outer,1,0.007071916509269737,-1.469682235147857
substrate,CC(=O)c1ccc(Br)s1,ahk_outer,2,-0.7604094669243988,-1.370169421822035
substrate,CC(=O)c1ccc(C#N)cc1,ahk_outer,1,-0.8325185654799143,-0.4925168092776298
substrate,CC(=O)c1ccc(C(C)(C)C)cc1,ahk_inner,1,-1.2275423469978153,-0.1430288376017408
substrate,CC(=O)c1ccc(C(C)(C)C)cc1,ahk_outer,22,-1.2275423469978153,-0.1430288376017408
substrate,CC(=O)c1ccc(C(F)(F)F)cc1,ahk_inner,1,-1.0214436685285213,-1.11584396347955
substrate,CC(=O)c1ccc(C(F)(F)F)cc1,ahk_outer,18,-1.0214436685285213,-1.11584396347955
substrate,CC(=O)c1ccc(C(F)(F)F)cn1,ahk_outer,1,-0.03852995329710274,-1.2733016156228116
substrate,CC(=O)c1ccc(C)cc1,ahk_inner,2,-1.1431897744646144,-0.3496077251888488
substrate,CC(=O)c1ccc(C)cc1,ahk_outer,43,-1.1431897744646144,-0.3496077251888488
substrate,CC(=O)c1ccc(C)o1,ahk_outer,1,-1.0449468125150796,0.11434916165624644
substrate,CC(=O)c1ccc(C)s1,ahk_outer,1,-0.9277574426668649,-0.40755256400628836
substrate,CC(=O)c1ccc(CC(C)C)cc1,ahk_outer,1,-1.016511760465318,0.09800226281575271
substrate,CC(=O)c1ccc(Cl)c(Cl)c1,ahk_outer,1,-0.9718149469556503,-1.605779943654492
substrate,CC(=O)c1ccc(Cl)cc1,ahk_outer,30,-0.9652200805457131,-1.3671049050864008
substrate,CC(=O)c1ccc(Cl)cc1Cl,ahk_outer,1,-0.9718149469556502,-1.6057799436544915
substrate,CC(=O)c1ccc(Cl)cn1,ahk_outer,1,0.01769363468570462,-1.524562557229661
substrate,CC(=O)c1ccc(Cl)s1,ahk_outer,2,-0.7497877487479646,-1.4250497439038399
substrate,CC(=O)c1ccc(F)cc1,ahk_outer,15,-0.9763413474076179,-1.3340851724593126
substrate,CC(=O)c1ccc(F)cn1,ahk_outer,1,0.006572367823800417,-1.4915428246025728
substrate,CC(=O)c1ccc(I)cc1,ahk_outer,2,-0.9848880681406696,-1.2584389413072175
substrate,CC(=O)c1ccc(N(C)C)cc1,ahk_inner,1,0.46876153957379396,0.37458663969853145
substrate,CC(=O)c1ccc(N(C)C)cc1,ahk_outer,1,0.46876153957379396,0.37458663969853145
substrate,CC(=O)c1ccc(Oc2ccccc2)c(Oc2ccccc2)c1,ahk_outer,1,-1.1046301297702181,0.5331962115698048
substrate,CC(=O)c1ccc([N+](=O)[O-])cc1,ahk_inner,1,0.11483944904480296,0.6435957105431097
substrate,CC(=O)c1ccc([N+](=O)[O-])cc1,ahk_outer,3,0.11483944904480296,0.6435957105431097
substrate,CC(=O)c1ccc2c(c1)OCO2,ahk_outer,2,-0.8135594388565914,0.7183617242704389
substrate,CC(=O)c1ccc2ccccc2c1,ahk_inner,1,-0.7022499542243493,-0.6943186607144737
substrate,CC(=O)c1ccc2ccccc2c1,ahk_outer,34,-0.7022499542243493,-0.6943186607144737
substrate,CC(=O)c1cccc(Br)c1,ahk_inner,1,-0.975841798722148,-1.312224583004595
substrate,CC(=O)c1cccc(Br)c1,ahk_outer,10,-0.975841798722148,-1.312224583004595
substrate,CC(=O)c1cccc(C(F)(F)F)c1,ahk_outer,9,-1.0214436685285213,-1.11584396347955
substrate,CC(=O)c1cccc(C)c1,ahk_outer,13,-1.1431897744646147,-0.3496077251888485
substrate,CC(=O)c1cccc(C)n1,ahk_outer,1,-0.1602760592331965,-0.5070653773321098
substrate,CC(=O)c1cccc(Cl)c1,ahk_outer,8,-0.9652200805457131,-1.3671049050864006
substrate,CC(=O)c1cccc(Cl)n1,ahk_outer,1,0.0176936346857046,-1.5245625572296613
substrate,CC(=O)c1cccc(F)c1,ahk_outer,1,-0.9763413474076178,-1.334085172459313
substrate,CC(=O)c1cccc(Oc2ccccc2)c1,ahk_outer,1,-0.9932347125246367,0.37225020058607483
substrate,CC(=O)c1cccc2ccccc12,ahk_outer,35,-0.7022499542243493,-0.6943186607144739
substrate,CC(=O)c1ccccc1,ahk_inner,77,-1.0816846184726159,-0.5232528027992593
substrate,CC(=O)c1ccccc1,ahk_outer,382,-1.0816846184726159,-0.5232528027992593
substrate,CC(=O)c1ccccc1Br,ahk_inner,1,-0.9824366651320847,-1.550899621572687
substrate,CC(=O)c1ccccc1Br,ahk_outer,21,-0.9824366651320847,-1.550899621572687
substrate,CC(=O)c1ccccc1C,ahk_outer,18,-1.1497846408745513,-0.5882827637569399
substrate,CC(=O)c1ccccc1C(F)(F)F,ahk_outer,5,-1.028038534938458,-1.3545190020476419
substrate,CC(=O)c1ccccc1Cl,ahk_outer,15,-0.9718149469556503,-1.605779943654492
substrate,CC(=O)c1ccccc1F,ahk_outer,12,-0.9829362138175549,-1.5727602110274035
substrate,CC(=O)c1ccccc1I,ahk_outer,4,-0.9914829345506069,-1.4971139798753086
substrate,CC(=O)c1ccccc1O,ahk_outer,1,-1.3736904858990964,0.21017884491996727
substrate,CC(=O)c1ccccn1,ahk_outer,3,-0.098770903241198,-0.6807104549425207
substrate,CC(=O)c1cccnc1,ahk_outer,5,-0.13205740775549965,-0.6303618525588102
substrate,CC(=O)c1ccco1,ahk_outer,8,-0.9834416565230812,-0.059295915954164655
substrate,CC(=O)c1cccs1,ahk_outer,15,-0.8662522866748665,-0.5811976416166991
substrate,CC(=O)c1ccncc1,ahk_outer,4,-0.32711892140513193,-0.6795687211005278
substrate,CC(=O)c1ccsc1,ahk_outer,5,-0.8658167026419726,-0.5697285615384059
substrate,CC(=O)c1nccc2ccccc12,ahk_outer,1,0.2806637610070695,-0.8517763128577353
substrate,CC(=O)c1ncccc1Br,ahk_outer,2,0.00047705009933331145,-1.7083572737159476
substrate,CC(=O)c1ncccc1C,ahk_outer,1,-0.1668709256431335,-0.7457404159002011
substrate,CC(=O)c1ncccc1Cl,ahk_outer,1,0.011098768275767593,-1.7632375957977533
substrate,CC(=O)c1ncccc1F,ahk_outer,1,-2.249858613659719e-05,-1.7302178631706637
substrate,CC(=O)c1sccc1Cl,ahk_outer,1,-0.7563826151579017,-1.663724782471932
substrate,CC(C)(C(=O)c1ccccc1)c1ccccc1,ahk_outer,1,-0.8523531528915463,-0.3822934828364531
substrate,CC(C)(C)/C=C/C(=O)c1ccccc1,ahk_outer,1,-1.298850397369602,-0.21902201060067275
substrate,CC(C)(C)C(=O)/C=C/c1ccccc1,ahk_outer,1,-1.298850397369602,-0.21902201060067275
substrate,CC(C)(C)C(=O)CO,ahk_inner,1,-1.0078146698459098,1.6841246753480579
substrate,CC(C)(C)C(=O)c1ccccc1,ahk_outer,10,-1.227542346997816,-0.14302883760174043
substrate,CC(C)(C)OC(=O)N1CCC(C(=O)c2ccc(F)cc2)CC1,ahk_outer,2,2.16555787186988,1.0774641063904544
substrate,CC(C)(C)OC(=O)NCCCC(=O)c1cc(F)ccc1F,ahk_outer,1,0.636020104852947,1.053229243139697
substrate,CC(C)(C)OC(=O)NCCCC(=O)c1ccccc1,ahk_outer,1,0.537271700197886,2.1027366513678394
substrate,CC(C)(C)[Si](C)(C)C#CC(=O)C1CCCCC1,ahk_outer,1,-0.3657151265937118,0.443558069039665
substrate,CC(C)(C)[Si](C)(C)C#CC(=O)CCl,ahk_outer,1,-0.381633974839078,0.6510088728478284
substrate,CC(C)(C)[Si](C)(C)C#CC(=O)c1ccccc1,ahk_outer,1,-0.8971922668628651,0.2617315579995577
substrate,CC(C)(C)[Si](C)(C)C(=O)c1ccc(F)cc1,ahk_outer,1,-0.8210391536957218,-0.5581407109736807
substrate,CC(C)(C)[Si](C)(C)C(=O)c1ccccc1,ahk_outer,7,-0.9263824247607196,0.2526916586863725
substrate,CC(C)(C)c1ccc(C(=O)C(=O)O)cc1,ahk_inner,1,-1.6502016120409464,1.1957908616889572
substrate,CC(C)(C)c1ccc(C(=O)CCNc2ccccc2)cc1,ahk_inner,1,1.6044540179093758,0.4920680150654515
substrate,CC(C)(C)c1ccc(C(=O)Cn2ccnc2)cc1,ahk_outer,1,2.0626120170319124,0.251808918771106
substrate,CC(C)/C=C1\CCCC1=O,ahk_inner,1,-0.7750421647683879,-0.12674848643684355
substrate,CC(C)C(=O)CO,ahk_inner,1,-0.9425549086589864,1.5464185179513872
substrate,CC(C)C(=O)[Si](C)(C)c1ccccc1,ahk_outer,1,-0.9129987797482522,0.21873698715330375
substrate,CC(C)C(=O)c1ccccc1,ahk_outer,13,-1.162282585810893,-0.28073499499841154
substrate,CC(C)C/C=C1\CCCC1=O,ahk_inner,1,-0.4918680911819965,0.11435064753205959
substrate,CC(C)CC(=O)CO,ahk_inner,1,-0.9563933480220532,1.6635743553164983
substrate,CC(C)N1CCN(CCC(=O)c2ccccc2)CC1,ahk_outer,1,3.4477898353874856,0.7772768193280023
substrate,CC(C)c1ccc(C(=O)C(=O)O)cc1,ahk_inner,1,-1.584941850854023,1.0580847042922872
substrate,CC1(C)CCC(=O)c2ccccc21,ahk_outer,1,-0.4924843389736059,-0.04314620202083271
substrate,CC1(C)CCC(CN2CCN(CCC(=O)c3ccccc3)CC2)=C(c2ccc(Cl)cc2)C1,ahk_outer,1,3.4864890007554186,-0.4622900364021525
substrate,CC1=CC(=O)CCC1,ahk_outer,1,-0.6921783989932176,-0.06313402163398242
substrate,CC1=CC(C)(C)CCC1=O,ahk_inner,1,-0.9505921459426917,0.12742027047405402
substrate,CC1=CC(C)(C)CCC1=O,ahk_outer,1,-0.9505921459426917,0.12742027047405402
substrate,CC1CCc2ccccc2C1=O,ahk_outer,1,-0.5801580285662022,-0.5828874435092918
substrate,CCC(=O)C#C[Si](C)(C)C(C)(C)C,ahk_outer,1,-0.674860760790759,0.954431255219468
substrate,CCC(=O)CC(=O)N(C)OC,ahk_inner,1,0.2954642644482376,3.2140082011389364
substrate,CCC(=O)c1c(OC)cc(OC)cc1OC,ahk_outer,2,-1.1972608805362743,1.551459080344329
substrate,CCC(=O)c1ccc(C)cc1,ahk_outer,1,-0.8317276399085429,0.05386858252533472
substrate,CCC(=O)c1ccc(C)o1,ahk_outer,1,-0.7334846779590083,0.5178254693704293
substrate,CCC(=O)c1ccc(Cl)cc1Cl,ahk_outer,2,-0.6603528123995783,-1.202303635940309
substrate,CCC(=O)c1cccc(Cl)c1,ahk_outer,1,-0.6537579459896413,-0.9636285973722176
substrate,CCC(=O)c1cccc(OC)c1,ahk_outer,1,-1.0801574209710854,1.2981786498733434
substrate,CCC(=O)c1ccccc1,ahk_outer,36,-0.7702224839165446,-0.11977649508507623
substrate,CCC(=O)c1ccccn1,ahk_outer,1,0.21269123131487366,-0.2772341472283378
substrate,CCC(=O)c1cccs1,ahk_outer,1,-0.5547901521187952,-0.17772133390251696
substrate,CCC(C)c1ccc(C(=O)C(=O)O)cc1,ahk_inner,1,-1.427355416887097,1.3612797021762857
substrate,CCC/C=C/C(=O)[Si](C)(C)C(C)(C)C,ahk_outer,1,-0.634670293115984,0.8438613300163453
substrate,CCC/C=C/C(=O)[Si](C)(C)c1ccccc1,ahk_outer,1,-0.5321560196195512,0.5206832689775491
substrate,CCCC(=O)CC(=O)OCC,ahk_inner,1,-0.6275027184023239,2.330809931839446
substrate,CCCC(=O)CO,ahk_inner,1,-0.4602637609089502,1.5374552845224403
substrate,CCCC(=O)c1ccccc1,ahk_outer,6,-0.4414122376087901,-0.026043185423597105
substrate,CCCC(=O)c1ccco1,ahk_outer,1,-0.34316927565925587,0.43791370142149744
substrate,CCCC(=O)c1cccs1,ahk_outer,1,-0.2259799058110412,-0.08398802424103742
substrate,CCCC/C=C1\CCCC1=O,ahk_inner,1,-0.4292456709658114,0.04564577207386318
substrate,CCCCC(=O)[Si](C)(C)c1ccccc1,ahk_outer,1,-0.24775618737817642,0.9073169842757771
substrate,CCCCC(=O)c1ccccc1,ahk_outer,1,-0.41680203751448264,0.06238168814816473
substrate,CCCCC/C=C/C(C)=O,ahk_outer,2,-0.6803548326230248,0.45088689252546166
substrate,CCCCCC(=O)CC(=O)N(C)OC,ahk_inner,1,0.8728818246078827,3.3830610482783476
substrate,CCCCCC(=O)CO,ahk_inner,1,-0.33319884565335434,1.6832451289346093
substrate,CCCCCC(=O)[Si](C)(C)C(C)(C)C,ahk_outer,2,-0.20411786218400574,1.2484496119520991
substrate,CCCCCCC(=O)/C=C(\C)c1cc(C(F)(F)F)cc(C(F)(F)F)c1,ahk_outer,1,-0.35131559232866666,-0.37387279509218574
substrate,CCCCCCC(=O)/C=C(\C)c1ccc(Br)cc1,ahk_outer,1,-0.3057137225222929,-0.5702534146172299
substrate,CCCCCCC(=O)/C=C(\C)c1ccc(C)cc1,ahk_outer,1,-0.44686508676423276,0.310775954098724
substrate,CCCCCCC(=O)/C=C(\C)c1ccc(Cl)cc1,ahk_outer,1,-0.29509200434585814,-0.6251337366990363
substrate,CCCCCCC(=O)/C=C(\C)c1ccc2ccccc2c1,ahk_outer,1,-0.03212187802449368,0.047652507672890705
substrate,CCCCCCC(=O)/C=C(\C)c1ccccc1,ahk_outer,1,-0.41155654227276117,0.21871836558810523
substrate,CCCCCCC(=O)/C=C(\C)c1ccccc1Cl,ahk_outer,1,-0.30168687075579514,-0.8638087752671277
substrate,CCCCCCC(=O)/C=C(\C)c1ccccc1OC,ahk_outer,1,-0.7018897342367117,1.3164109828786423
substrate,CCCCCCC(=O)/C=C(\C)c1cccs1,ahk_outer,1,-0.19612421047501222,0.16077352677066492
substrate,CCCCCCC(=O)/C=C/c1ccccc1,ahk_outer,1,-0.239142762622434,0.1646535588022152
substrate,CCCCCCC(=O)C=C(c1ccccc1)c1ccccc1,ahk_outer,1,-0.010170736665964573,-0.10213376874639957
substrate,CCCCCCC/C=C/C(=O)[Si](C)(C)C(C)(C)C,ahk_outer,1,-0.36109276775784216,1.1105512472410894
substrate,CCCCCCCC(=O)/C=C(/c1ccccc1)C(C)C,ahk_outer,1,-0.4659578981105109,0.3796486842891605
substrate,CCCCCCCC(=O)/C=C(\CC)c1ccccc1,ahk_outer,1,-0.41155654227276117,0.21871836558810523
substrate,CCCCCCCCC(=O)c1ccccc1,ahk_outer,3,-0.16783471225064886,0.24064673180114773
substrate,CCCCCCCCCC(=O)C#C[Si](C)(C)C,ahk_outer,1,-0.059089344112396476,1.2808998105726226
substrate,CCCCCCCCCC(=O)C#C[Si](C)(C)C(C)(C)C,ahk_outer,1,-0.07247298912486298,1.3148544821056902
substrate,CCN(CC)CCC(=O)c1ccccc1,ahk_outer,1,1.9272072463521834,0.9733224160784941
substrate,CCN1CCN(CCC(=O)c2ccccc2)CC1,ahk_outer,1,3.3269193232369982,0.5998556055657782
substrate,CCOC(=O)C(=O)CC(=O)Cc1ccccc1,ahk_inner,1,-0.9170637779549448,1.931503954552503
substrate,CCOC(=O)C(=O)CC(=O)c1ccccc1,ahk_inner,1,-0.9170637779549448,1.931503954552503
substrate,CCOC(=O)C(=O)c1ccc(Br)cc1,ahk_inner,3,-1.0785119488246429,0.788697766268248
substrate,CCOC(=O)C(=O)c1ccc(C)cc1,ahk_inner,3,-1.2458599245671087,1.7513146240839952
substrate,CCOC(=O)C(=O)c1ccc(Cl)cc1,ahk_inner,3,-1.0678902306482079,0.7338174441864422
substrate,CCOC(=O)C(=O)c1ccc(F)cc1,ahk_inner,3,-1.079011497510113,0.7668371768135308
substrate,CCOC(=O)C(=O)c1ccc(OC)cc1,ahk_inner,3,-1.3193527134488092,2.194291651998663
substrate,CCOC(=O)C(=O)c1ccccc1,ahk_inner,3,-1.1843547685751106,1.5776695464735844
substrate,CCOC(=O)C(=O)c1ccccc1,ahk_outer,1,-1.1843547685751106,1.5776695464735844
substrate,CCOC(=O)C(=O)c1ccccc1C,ahk_inner,3,-1.2524547909770456,1.5126395855159036
substrate,CCOC(=O)C(=O)c1ccccc1Cl,ahk_inner,3,-1.0744850970581445,0.4951424056183511
substrate,CCOC(=O)C(C)=O,ahk_inner,3,-1.3346305416391329,2.143483519764772
substrate,CCOC(=O)CC(=O)C(C)C,ahk_inner,9,-0.9861041204535198,2.4864318144507846
substrate,CCOC(=O)CC(=O)C(F)(F)C(F)(F)F,ahk_inner,4,-0.8345668587739842,1.4708403838872648
substrate,CCOC(=O)CC(=O)C(F)(F)F,ahk_inner,4,-0.8345668587739842,1.4708403838872648
substrate,CCOC(=O)CC(=O)CCl,ahk_inner,7,-0.6846146259734098,1.760255495267491
substrate,CCOC(=O)CC(=O)c1ccccc1,ahk_inner,6,-0.8056771802341135,1.7742081550618276
substrate,CCOC(=O)CC(C)=O,ahk_inner,8,-0.9411599062821645,2.3249382050907044
substrate,CCOC(=O)c1ccc(C(C)=O)cc1,ahk_outer,1,-1.1929741274907848,1.574392180374601
substrate,CCOC(OCC)C(=O)CC(=O)c1ccccc1,ahk_inner,2,-0.8164834764383219,2.1664367767016874
substrate,CCOC(OCC)C(=O)CC(=O)c1cccs1,ahk_inner,1,-0.6010511446405734,2.108491937884247
substrate,CCOC(OCC)C(=O)c1ccc(C)cc1,ahk_outer,2,-0.9891737074478997,1.785317216629253
substrate,CCOC(OCC)C(=O)c1ccc(Cl)cc1,ahk_outer,2,-0.8374006250295258,0.8494075258314937
substrate,CCOC(OCC)C(=O)c1ccc(OC)cc1,ahk_outer,2,-1.0626664963295998,2.228294244543921
substrate,CCOC(OCC)C(=O)c1ccc2ccccc2c1,ahk_outer,2,-0.5744304987081613,1.52219377020342
substrate,CCOC(OCC)C(=O)c1ccccc1,ahk_outer,3,-0.9538651629564284,1.6932596281186343
substrate,CCOC(OCC)C(=O)c1ccccc1C,ahk_outer,2,-0.9957685738578371,1.5466421780611623
substrate,CCOc1cccc(OCC)c1C(C)=O,ahk_outer,3,-1.040344367692631,1.5219705114043431
substrate,CCc1ccc(C(=O)C(=O)O)cc1,ahk_inner,1,-1.381003319323013,1.0997730416531375
substrate,CCc1ccc(C(=O)CO)cc1,ahk_inner,1,-0.8400222601474533,1.0116405058439404
substrate,CCc1ccc(C(C)=O)cc1,ahk_outer,1,-1.0198492102718817,-0.06540158002714956
substrate,CCc1ccccc1C(=O)c1ccccc1,ahk_inner,1,-0.6250582710750224,-0.6249287529297458
substrate,CN(C)CC(=O)c1ccccc1,ahk_outer,1,0.9986508301987278,0.8329916662200357
substrate,CN(C)CCC(=O)c1ccccc1,ahk_inner,1,1.6602561356433265,1.0640808602980099
substrate,CN(C)CCC(=O)c1ccccc1,ahk_outer,6,1.6602561356433265,1.0640808602980099
substrate,CN(C)CCC(=O)c1cccs1,ahk_outer,2,1.8756884674410772,1.006136021480572
substrate,CN(CC(=O)c1ccccc1)C(=O)OC(C)(C)C,ahk_outer,1,0.7959641240933347,2.4791768499912203
substrate,CN(CC(=O)c1ccccc1)C(=O)c1ccccc1,ahk_outer,2,1.538346723347809,1.1280662186275283
substrate,CN(CCC(=O)c1ccc(-c2ccccc2)cc1)Cc1ccccc1,ahk_inner,1,2.4946791495141643,0.7501184358533263
substrate,CN(CCC(=O)c1ccc(Br)cc1)Cc1ccccc1,ahk_inner,1,2.494815628546098,-0.035373473255967486
substrate,CN(CCC(=O)c1ccc(Cl)c(Cl)c1)Cc1ccccc1,ahk_inner,1,2.4988424803125944,-0.328928833905865
substrate,CN(CCC(=O)c1ccc(Cl)cc1)Cc1ccccc1,ahk_inner,1,2.50543734672253,-0.09025379533777361
substrate,CN(CCC(=O)c1ccc(F)cc1)Cc1ccccc1,ahk_inner,1,2.4943160798606256,-0.057234062710685436
substrate,CN(CCC(=O)c1ccc2ccccc2c1)Cc1ccccc1,ahk_inner,1,2.428526823429097,0.7297395057582471
substrate,CN(CCC(=O)c1cccc(Cl)c1)Cc1ccccc1,ahk_inner,1,2.50543734672253,-0.09025379533777361
substrate,CN(CCC(=O)c1ccccc1)Cc1ccccc1,ahk_inner,10,2.3889728087956277,0.7535983069493678
substrate,CN(CCC(=O)c1ccccc1)Cc1ccccc1,ahk_outer,1,2.3889728087956277,0.7535983069493678
substrate,CN(CCC(=O)c1ccco1)Cc1ccccc1,ahk_inner,1,2.362319865011772,1.196590859309115
substrate,CNc1ccccc1C(=O)c1ccccc1,ahk_inner,1,0.37542249119632054,-0.5418331312298291
substrate,COC(=O)/C=C/c1cn(CC(=O)c2ccc(Cl)cc2Cl)cn1,ahk_outer,1,2.064279461760639,0.3007475580262643
substrate,COC(=O)C(=O)c1ccccc1,ahk_inner,14,-1.476205052762956,1.2210610944847093
substrate,COC(=O)CC(=O)c1ccccc1,ahk_inner,4,-1.0535035630210643,1.5839425902229483
substrate,COC(=O)CC(C)=O,ahk_inner,5,-1.1889862890691147,2.1346726402518237
substrate,COC(=O)c1ccc(C(=O)CCl)cc1,ahk_outer,1,-0.8186303351788805,1.1441925761178584
substrate,COC(=O)c1ccc(C(=O)Cn2ccnc2)cc1,ahk_outer,1,1.8668351083430945,1.4389764071481619
substrate,COC(=O)c1ccc(C(C)=O)cc1,ahk_outer,2,-1.4848244116786309,1.2177837283857265
substrate,COC(OC)C(=O)c1ccccc1,ahk_outer,3,-1.5102556198141834,1.2179984607505807
substrate,COC(OC)C(C)=O,ahk_outer,1,-1.6346947927896198,1.5992794387669265
substrate,COCC(=O)CC(=O)c1ccccc1,ahk_inner,1,-0.703573332042458,2.090927646434124
substrate,COCC(=O)c1ccc(C(F)(F)F)cc1,ahk_outer,16,-0.5554806616090012,0.8626938454592351
substrate,COCC(=O)c1ccccc1,ahk_outer,2,-0.6157216115530962,1.455285006139526
substrate,CON(C)C(=O)CC(=O)C(C)(C)C,ahk_inner,1,0.28900598362290736,3.2431414414445343
substrate,CON(C)C(=O)CC(=O)C(C)C,ahk_inner,1,0.3189572003183589,3.197492872558482
substrate,CON(C)C(=O)CC(=O)C1CC1,ahk_inner,1,0.8024866779401567,3.02284029386676
substrate,CON(C)C(=O)CC(=O)C1CCCCC1,ahk_inner,1,0.9939663249092279,2.9291656753918063
substrate,CON(C)C(=O)CC(=O)CC(C)(C)C,ahk_inner,1,0.30415904205082095,3.3310030243572726
substrate,CON(C)C(=O)CC(=O)CC(C)C,ahk_inner,1,0.33411025874627265,3.2853544554712193
substrate,CON(C)C(=O)CC(=O)c1ccccc1,ahk_inner,1,0.46248918464007444,2.7473391643516987
substrate,CON(C)C(=O)CC(C)=O,ahk_inner,1,0.353203070092551,3.2164817252807807
substrate,COc1cc(OC)c(C(C)=O)cc1OC,ahk_outer,3,-1.561608812168669,1.3249052163395376
substrate,COc1cc(OC)cc(C(C)=O)c1,ahk_outer,2,-1.4876852429791612,1.3427493534447867
substrate,COc1ccc(/C=C/C(C)=O)cc1,ahk_outer,3,-1.4629276058989427,0.818709169160229
substrate,COc1ccc(/C=C2\CCCC2=O)cc1,ahk_inner,1,-0.8385025621615068,0.4846033907041966
substrate,COc1ccc(C#CC(C)=O)cc1,ahk_outer,1,-1.4006389504908856,0.9014733508416513
substrate,COc1ccc(C(=O)/C=C/c2ccccc2)cc1,ahk_outer,1,-1.061541800292146,0.4978570348257244
substrate,COc1ccc(C(=O)C(=O)O)cc1,ahk_inner,1,-1.6153014883295405,1.5144574453841788
substrate,COc1ccc(C(=O)CBr)cc1,ahk_inner,1,-0.7360471972038407,0.8759915119731005
substrate,COc1ccc(C(=O)CC(=O)COCc2ccccc2)cc1,ahk_inner,1,-0.191159331083583,2.1129432366775105
substrate,COc1ccc(C(=O)CCN(C)Cc2ccccc2)cc1,ahk_inner,1,2.076036909136812,1.969953444669206
substrate,COc1ccc(C(=O)CCN2CCN(c3ccccc3)CC2)cc1,ahk_outer,1,3.774770484990554,1.4998816462377107
substrate,COc1ccc(C(=O)CCNCc2ccccc2)cc1,ahk_inner,1,1.5845642376271707,1.499633943170888
substrate,COc1ccc(C(=O)CCNc2ccccc2)cc1,ahk_inner,1,1.501881965372035,1.3561541172159424
substrate,COc1ccc(C(=O)CCl)cc1,ahk_outer,1,-0.7254254790274063,0.821111189891294
substrate,COc1ccc(C(=O)CN2C(=O)c3ccccc3C2=O)cc1,ahk_inner,6,1.7249316078953145,1.6788285661193731
substrate,COc1ccc(C(=O)CO)cc1,ahk_outer,1,-0.9458659658009204,1.8039331440547686
substrate,COc1ccc(C(=O)[Si](C)(C)C(C)(C)C)cc1,ahk_outer,1,-1.139603615565955,1.297670609426496
substrate,COc1ccc(C(=O)c2ccccc2)cc1,ahk_outer,1,-0.9902337499203604,0.5738502078246563
substrate,COc1ccc(C(C)=O)cc1,ahk_inner,1,-1.3916195555271567,0.8947023421591612
substrate,COc1ccc(C(C)=O)cc1,ahk_outer,55,-1.3916195555271567,0.8947023421591612
substrate,COc1ccc(C(C)=O)cc1OC,ahk_outer,2,-1.5383235172642094,1.1477059416535114
substrate,COc1ccc(N2CCN(CCC(=O)c3ccccc3)CC2)cc1,ahk_outer,1,3.774770484990554,1.4998816462377107
substrate,COc1ccc(NCCC(=O)c2ccccc2)cc1,ahk_outer,1,1.501881965372035,1.3561541172159424
substrate,COc1ccc(OC)c(C(=O)C(=O)O)c1,ahk_inner,1,-1.692243899932686,1.5827183013590753
substrate,COc1ccc(OC)c(C(=O)CCNCc2ccccc2)c1,ahk_inner,1,1.4557070722647023,1.7905934049882168
substrate,COc1ccc2c(c1)C(=O)CCC2,ahk_outer,3,-0.5258269909968128,0.7007578476220705
substrate,COc1ccc2c(c1)CCCC2=O,ahk_outer,8,-0.5258269909968128,0.7007578476220705
substrate,COc1ccc2cc(C(=O)C(=O)O)ccc2c1,ahk_inner,1,-1.235866824081273,1.3433915874689633
substrate,COc1ccc2ccccc2c1C(C)=O,ahk_outer,2,-1.027622146890039,0.6182522626084347
substrate,COc1cccc(/C=C2\CCCC2=O)c1,ahk_inner,1,-0.8385025621615068,0.4846033907041966
substrate,COc1cccc(C(=O)C(=O)O)c1,ahk_inner,1,-1.6153014883295405,1.5144574453841788
substrate,COc1cccc(C(=O)CCN(C)Cc2ccccc2)c1,ahk_inner,1,2.076036909136812,1.969953444669206
substrate,COc1cccc(C(=O)CCN2CCN(c3ccccc3)CC2)c1,ahk_outer,1,3.774770484990554,1.4998816462377107
substrate,COc1cccc(C(=O)CO)c1,ahk_inner,1,-0.9458659658009204,1.8039331440547686
substrate,COc1cccc(C(=O)[Si](C)(C)C(C)(C)C)c1,ahk_outer,1,-1.139603615565955,1.297670609426496
substrate,COc1cccc(C(=O)c2cc(Cl)ccc2N)c1OC,ahk_outer,14,0.06707881106477968,0.3554220774164242
substrate,COc1cccc(C(=O)c2ccccc2C)c1,ahk_inner,1,-1.0583337723222956,0.5088202468669762
substrate,COc1cccc(C(=O)c2ccccc2Cl)c1,ahk_inner,1,-0.8803640784033945,-0.5086769330305753
substrate,COc1cccc(C(C)=O)c1,ahk_outer,6,-1.3916195555271567,0.8947023421591612
substrate,COc1cccc(N2CCN(CCC(=O)c3ccccc3)CC2)c1,ahk_outer,1,3.774770484990554,1.4998816462377107
substrate,COc1cccc(OC)c1C(C)=O,ahk_outer,3,-1.494280109389099,1.1040743148766963
substrate,COc1cccc2c1CCCC2=O,ahk_outer,3,-0.5254669795848708,0.8037033537971208
substrate,COc1ccccc1/C=C1\CCCC1=O,ahk_inner,1,-0.8349961253084579,0.3782330543851799
substrate,COc1ccccc1C(=O)C(=O)O,ahk_inner,1,-1.6307387439406877,1.4090732237486647
substrate,COc1ccccc1C(=O)Cn1ccnc1,ahk_outer,1,1.9446027088834208,1.0105107992860838
substrate,COc1ccccc1C(=O)c1ccccc1,ahk_outer,1,-1.0056710055315092,0.46846598618914403
substrate,COc1ccccc1C(=O)c1ccccn1,ahk_outer,1,-0.0227572903000913,0.3110083340458827
substrate,COc1ccccc1C(C)=O,ahk_inner,4,-1.4070568111383064,0.7893181205236491
substrate,COc1ccccc1C(C)=O,ahk_outer,9,-1.4070568111383064,0.7893181205236491
substrate,COc1ccccc1N1CCN(CCC(=O)c2ccccc2)CC1,ahk_outer,1,3.837640904472184,1.2397734090953605
substrate,COc1ccccc1NCCC(=O)c1ccccc1,ahk_outer,1,1.5647523848536666,1.0960458800735922
substrate,COc1ccnc(C(C)=O)c1,ahk_outer,1,-0.21364432664610647,0.7864515585576175
substrate,CSc1ccc(C(C)=O)cc1,ahk_outer,1,-1.1435306006100305,-0.17554490330910022
substrate,C[Si](C)(C(=O)C1CC1)c1ccccc1,ahk_outer,1,-0.7230551050200988,0.23562977599790735
substrate,C[Si](C)(C(=O)C1CCCCC1)c1ccccc1,ahk_outer,1,-0.15807223846574714,0.2382390294862335
substrate,C[Si](C)(C(=O)c1ccccc1)c1ccccc1,ahk_outer,1,-0.5378095856419831,-0.0205276580814089
substrate,Cc1cc(C)c2c(c1)C(=O)CCC2,ahk_outer,2,-0.355778642786559,-0.08521860699460126
substrate,Cc1cc(C)cc(C(=O)CCN2CCN(c3ccccc3)CC2)c1,ahk_outer,1,3.961695110061097,0.4292166565001124
substrate,Cc1cc(C)cc(C(=O)c2ccccc2Cl)c1,ahk_inner,1,-0.693439453332851,-1.5793419227681749
substrate,Cc1ccc(/C=C/C(=O)c2ccccc2)cc1,ahk_outer,1,-0.8131120192296033,-0.7464530325222855
substrate,Cc1ccc(/C=C2\CCCC2=O)cc1,ahk_inner,1,-0.6319192694655047,-0.6663885212696976
substrate,Cc1ccc(C(=O)/C=C/c2ccccc2)cc1,ahk_outer,1,-0.8131120192296033,-0.7464530325222855
substrate,Cc1ccc(C(=O)C(=O)O)c(C)c1,ahk_inner,1,-1.5724439059176822,0.7505369355337589
substrate,Cc1ccc(C(=O)C(=O)O)cc1,ahk_inner,1,-1.504343883515746,0.8155668964914394
substrate,Cc1ccc(C(=O)CBr)cc1,ahk_inner,1,-0.48761741614129844,-0.36831855537490976
substrate,Cc1ccc(C(=O)CCN(C)Cc2ccccc2)cc1,ahk_inner,1,2.32746765280363,0.9272433845597793
substrate,Cc1ccc(C(=O)CCN2CCN(c3ccccc3)CC2)cc1,ahk_outer,1,4.023200266053095,0.25557157888970133
substrate,Cc1ccc(C(=O)CCNCc2ccccc2)c(C)c1,ahk_inner,1,1.7652540076997203,0.2932394210402487
substrate,Cc1ccc(C(=O)CCNCc2ccccc2)cc1,ahk_inner,1,1.8329940186897142,0.25532387582287924
substrate,Cc1ccc(C(=O)CCNc2ccccc2)cc1,ahk_inner,1,1.7503117464345765,0.11184404986793252
substrate,Cc1ccc(C(=O)CCl)cc1,ahk_outer,1,-0.4769956979648636,-0.4231988774567154
substrate,Cc1ccc(C(=O)CN2C(=O)c3ccccc3C2=O)cc1,ahk_inner,6,1.8765250071680635,0.7828368685781756
substrate,Cc1ccc(C(=O)CO)cc1,ahk_inner,1,-0.7974365129310533,0.9262524470730501
substrate,Cc1ccc(C(=O)Cn2ccnc2)cc1,ahk_outer,1,2.2084697455571107,-0.12841504642641313
substrate,Cc1ccc(C(=O)c2ccc(C)cc2Br)cc1,ahk_inner,1,-0.7040611715092855,-1.5244616006863692
substrate,Cc1ccc(C(=O)c2ccc(C)cc2Cl)cc1,ahk_inner,1,-0.693439453332851,-1.5793419227681749
substrate,Cc1ccc(C(=O)c2cccc3ccccc23)cc1,ahk_inner,1,-0.7022499542243493,-0.6943186607144739
substrate,Cc1ccc(C(=O)c2ccccc2)c(Br)c1,ahk_inner,1,-0.6425560155172869,-1.6981066782967797
substrate,Cc1ccc(C(=O)c2ccccc2)c(C)c1,ahk_inner,1,-0.8099039912597543,-0.7354898204810334
substrate,Cc1ccc(C(=O)c2ccccc2)cc1,ahk_outer,2,-0.7418039688578187,-0.6704598595233532
substrate,Cc1ccc(C(=O)c2ccccc2Br)cc1,ahk_outer,1,-0.6425560155172869,-1.6981066782967797
substrate,Cc1ccc(C(=O)c2ccccc2C)cc1,ahk_inner,1,-0.8099039912597543,-0.7354898204810334
substrate,Cc1ccc(C(=O)c2ccccc2Cl)cc1,ahk_inner,1,-0.6319342973408525,-1.7529870003785866
substrate,Cc1ccc(N2CCN(CCC(=O)c3ccccc3)CC2)cc1,ahk_outer,1,4.023200266053095,0.25557157888970133
substrate,Cc1ccc2c(c1)C(=O)CCO2,ahk_outer,1,-0.14215079498996563,0.5146584306059651
substrate,Cc1cccc(/C=C2\CCCC2=O)c1,ahk_inner,1,-0.6319192694655047,-0.6663885212696976
substrate,Cc1cccc(C(=O)C(=O)O)c1,ahk_inner,1,-1.504343883515746,0.8155668964914394
substrate,Cc1cccc(C(=O)CCN(C)Cc2ccccc2)c1,ahk_inner,1,2.32746765280363,0.9272433845597793
substrate,Cc1cccc(C(=O)CCN2CCN(c3ccccc3)CC2)c1,ahk_outer,1,4.023200266053095,0.25557157888970133
substrate,Cc1cccc(C(=O)CCNCc2ccccc2)c1,ahk_inner,1,1.8329940186897142,0.25532387582287924
substrate,Cc1cccc(C(=O)CCl)c1,ahk_outer,1,-0.4769956979648636,-0.4231988774567154
substrate,Cc1cccc(C(=O)c2ccccc2C)c1,ahk_inner,1,-0.8099039912597543,-0.7354898204810334
substrate,Cc1cccc(NCCC(=O)c2ccccc2)c1,ahk_outer,1,1.7503117464345765,0.11184404986793252
substrate,Cc1ccccc1/C=C1\CCCC1=O,ahk_inner,1,-0.6284128326124554,-0.7727588575887142
substrate,Cc1ccccc1C(=O)CC(=O)COCc1ccccc1,ahk_inner,1,-0.12390139719987729,1.5342366763697999
substrate,Cc1ccccc1C(=O)CCN1CCN(c2ccccc2)CC1,ahk_outer,1,4.016965411055103,0.11984204649665985
substrate,Cc1ccccc1C(=O)CCNCc1ccccc1,ahk_inner,1,1.8267591636917193,0.11959434342983763
substrate,Cc1ccccc1C(=O)CO,ahk_inner,1,-0.8036713679290476,0.7905229146800088
substrate,Cc1ccccc1C(=O)Cn1ccnc1,ahk_outer,1,2.2022348905591174,-0.26414457881945475
substrate,Cc1ccccc1C(=O)c1ccc(C(C)(C)C)cc1,ahk_inner,1,-0.8942565637929548,-0.5289109328939254
substrate,Cc1ccccc1C(=O)c1ccc(Cl)cc1Br,ahk_inner,1,-0.6248557983833517,-1.813075427809834
substrate,Cc1ccccc1C(=O)c1cccc(F)c1,ahk_inner,1,-0.6430555642027573,-1.719967267751497
substrate,Cc1ccccc1C(=O)c1ccccc1,ahk_inner,12,-0.7483988352677557,-0.9091348980914443
substrate,Cc1ccccc1C(=O)c1ccccc1,ahk_outer,2,-0.7483988352677557,-0.9091348980914443
substrate,Cc1ccccc1C(=O)c1cccnc1,ahk_inner,1,0.20122837544936112,-1.0162439478509948
substrate,Cc1ccccc1C(=O)c1ccncc1,ahk_inner,1,0.006166861799728871,-1.0654508163927134
substrate,Cc1ccccc1N1CCN(CCC(=O)c2ccccc2)CC1,ahk_outer,1,4.016965411055103,0.11984204649665985
substrate,Nc1ccc(Br)cc1C(=O)c1ccccc1Cl,ahk_inner,1,0.5892494687583912,-1.8131778565314547
substrate,Nc1ccc(Br)cc1C(=O)c1ccccc1F,ahk_inner,1,0.5781282018964868,-1.7801581239043647
substrate,Nc1ccc(Cl)cc1C(=O)c1ccccc1,ahk_inner,1,0.5821709698008906,-1.753089429100206
substrate,Nc1ccccc1C(=O)c1ccccc1,ahk_inner,1,0.46570643187398836,-0.9092373268130642
substrate,O=C(/C=C/c1ccc(Cl)cc1)c1ccccc1,ahk_outer,1,-0.6051331996579871,-1.7479496298832349
substrate,O=C(/C=C/c1ccccc1)c1ccc(C(F)(F)F)cc1,ahk_outer,1,-0.661356787640796,-1.4966886882763843
substrate,O=C(/C=C/c1ccccc1)c1ccc(F)cc1,ahk_outer,1,-0.6162544665198921,-1.714929897256147
substrate,O=C(/C=C/c1ccccc1)c1ccc2ccc(O)cc2c1,ahk_outer,1,-0.9586123347667532,-0.08914045943247509
substrate,O=C(/C=C/c1ccccc1)c1ccccc1,ahk_outer,4,-0.72159773758489,-0.9040975275960939
substrate,O=C(/C=C/c1ccccc1)c1ccccc1F,ahk_outer,1,-0.6228493329298289,-1.9536049358242384
substrate,O=C(/C=C/c1ccccc1)c1ccco1,ahk_outer,1,-0.7482506813687455,-0.4611049752363466
substrate,O=C(CBr)c1ccc(Br)cc1,ahk_inner,1,-0.3277463218057306,-1.0053513588970238
substrate,O=C(CC(=O)C(F)(F)F)c1ccccc1,ahk_inner,1,-0.6816112823798215,-0.3464930091467999
substrate,O=C(CC(=O)c1ccccc1Cl)c1ccccc1,ahk_inner,1,-0.2921019111921522,-0.9836360460458348
substrate,O=C(CCCCc1ccccc1)c1ccccc1,ahk_outer,1,0.1635679811298102,-0.4861898122676011
substrate,O=C(CCCCl)c1ccccc1,ahk_outer,1,-0.07182422844030993,-0.5749716457817821
substrate,O=C(CCCc1ccccc1)c1ccccc1,ahk_outer,1,0.017415382439206813,-0.5041443789051268
substrate,O=C(CCN(Cc1ccccc1)Cc1ccccc1)c1ccccc1,ahk_outer,1,2.4377228693138404,0.2180673481524787
substrate,O=C(CCN1CCC(=C2c3ccc(Cl)cc3CCc3cccnc32)CC1)c1ccccc1,ahk_outer,1,3.7613680809337793,-1.106483212611605
substrate,O=C(CCN1CCN(c2ccc(Br)cc2)CC1)c1ccccc1,ahk_outer,1,4.220557367448278,-0.6910446963894418
substrate,O=C(CCN1CCN(c2ccc(C(F)(F)F)cc2)CC1)c1ccccc1,ahk_outer,1,4.174955497641905,-0.4946640768643984
substrate,O=C(CCN1CCN(c2ccc(Cl)cc2)CC1)c1ccccc1,ahk_outer,1,4.231179085624712,-0.7459250184712483
substrate,O=C(CCN1CCN(c2ccc(F)cc2)CC1)c1ccccc1,ahk_outer,1,4.220057818762806,-0.7129052858441602
substrate,O=C(CCN1CCN(c2cccc(C(F)(F)F)c2)CC1)c1ccccc1,ahk_outer,1,4.174955497641905,-0.4946640768643984
substrate,O=C(CCN1CCN(c2ccccc2)CC1)Cc1ccccc1,ahk_outer,1,4.114714547697809,0.09792708381589287
substrate,O=C(CCN1CCN(c2ccccc2)CC1)c1ccc(Br)cc1,ahk_outer,1,4.220557367448278,-0.6910446963894418
substrate,O=C(CCN1CCN(c2ccccc2)CC1)c1ccc(C(F)(F)F)cc1,ahk_outer,1,4.174955497641905,-0.4946640768643984
substrate,O=C(CCN1CCN(c2ccccc2)CC1)c1ccc(Cl)cc1,ahk_outer,1,4.231179085624712,-0.7459250184712483
substrate,O=C(CCN1CCN(c2ccccc2)CC1)c1ccc(F)cc1,ahk_outer,1,4.220057818762806,-0.7129052858441602
substrate,O=C(CCN1CCN(c2ccccc2)CC1)c1ccc2ccccc2c1,ahk_outer,1,4.154268562331279,0.07406828262477218
substrate,O=C(CCN1CCN(c2ccccc2)CC1)c1cccc(Br)c1,ahk_outer,1,4.220557367448278,-0.6910446963894418
substrate,O=C(CCN1CCN(c2ccccc2)CC1)c1cccc(C(F)(F)F)c1,ahk_outer,1,4.174955497641905,-0.4946640768643984
substrate,O=C(CCN1CCN(c2ccccc2)CC1)c1cccc(Cl)c1,ahk_outer,1,4.231179085624712,-0.7459250184712483
substrate,O=C(CCN1CCN(c2ccccc2)CC1)c1cccc(F)c1,ahk_outer,1,4.220057818762806,-0.7129052858441602
substrate,O=C(CCN1CCN(c2ccccc2)CC1)c1cccc2ccccc12,ahk_outer,1,4.154268562331279,0.07406828262477218
substrate,O=C(CCN1CCN(c2ccccc2)CC1)c1ccccc1,ahk_outer,34,4.114714547697809,0.09792708381589287
substrate,O=C(CCN1CCN(c2ccccc2)CC1)c1cccs1,ahk_outer,1,4.1975555580018415,-0.002521065683917281
substrate,O=C(CCN1CCN(c2ccccc2Cl)CC1)c1ccccc1,ahk_outer,1,4.224584219214775,-0.9846000570393386
substrate,O=C(CCN1CCN(c2ccccc2F)CC1)c1ccccc1,ahk_outer,1,4.213462952352869,-0.951580324412252
substrate,O=C(CCN1CCOCC1)c1ccccc1,ahk_outer,1,3.028349165486398,0.9030625981713979
substrate,O=C(CCN1CCc2ccccc21)c1ccccc1,ahk_outer,1,3.449546325943273,-0.007083667657389901
substrate,O=C(CCNCc1ccccc1)c1ccc(-c2ccccc2)cc1,ahk_inner,1,2.030214641052964,0.09419950965302985
substrate,O=C(CCNCc1ccccc1)c1ccc(Br)cc1,ahk_inner,1,2.030351120084895,-0.6912923994562645
substrate,O=C(CCNCc1ccccc1)c1ccc(Cl)cc1,ahk_inner,1,2.0409728382613297,-0.7461727215380706
substrate,O=C(CCNCc1ccccc1)c1ccc(F)cc1,ahk_inner,1,2.0298515713994236,-0.7131529889109814
substrate,O=C(CCNCc1ccccc1)c1ccc(F)cc1,ahk_outer,1,2.0298515713994236,-0.7131529889109814
substrate,O=C(CCNCc1ccccc1)c1ccc2ccccc2c1,ahk_inner,1,1.9640623149678975,0.07382057955795017
substrate,O=C(CCNCc1ccccc1)c1cccc(Cl)c1,ahk_inner,1,2.0409728382613297,-0.7461727215380706
substrate,O=C(CCNCc1ccccc1)c1ccccc1,ahk_inner,11,1.9245083003344272,0.09767938074907083
substrate,O=C(CCNCc1ccccc1)c1ccccc1,ahk_outer,1,1.9245083003344272,0.09767938074907083
substrate,O=C(CCNCc1ccccc1)c1ccccc1Cl,ahk_inner,1,2.0343779718513924,-0.9848477601061615
substrate,O=C(CCNCc1ccccc1)c1ccco1,ahk_inner,1,1.8978553565505707,0.5406719331088191
substrate,O=C(CCNc1ccc(Br)cc1)c1ccccc1,ahk_inner,1,1.9476688478297588,-0.8347722254112109
substrate,O=C(CCNc1ccc(Br)cc1)c1ccccc1,ahk_outer,1,1.9476688478297588,-0.8347722254112109
substrate,O=C(CCNc1ccccc1)c1ccccc1,ahk_inner,1,1.8418260280792895,-0.04580044520587591
substrate,O=C(CCNc1ccccc1)c1ccccc1,ahk_outer,1,1.8418260280792895,-0.04580044520587591
substrate,O=C(CCNc1ccccc1Br)c1ccccc1,ahk_outer,1,1.941073981419822,-1.0734472639793022
substrate,O=C(CCc1ccccc1)c1ccccc1,ahk_outer,2,0.017415382439206813,-0.5041443789051268
substrate,O=C(CCl)c1ccc(Cl)cc1,ahk_outer,2,-0.31712460362929557,-1.0602316809788284
substrate,O=C(CCl)c1cccc(C(F)(F)F)c1,ahk_outer,1,-0.3556479744781688,-0.9239394888850333
substrate,O=C(CCl)c1cccc(Cl)c1,ahk_outer,1,-0.31712460362929557,-1.0602316809788284
substrate,O=C(CCl)c1cccc(O)c1,ahk_outer,2,-0.6620500281354822,0.2579724968242155
substrate,O=C(CCl)c1ccccc1,ahk_outer,8,-0.38548141632015015,-0.580843372530524
substrate,O=C(CCl)c1ccccc1Cl,ahk_outer,1,-0.3237194700392325,-1.29890671954692
substrate,O=C(CN1C(=O)c2ccccc2C1=O)c1ccc(Br)cc1,ahk_inner,6,2.073882108563245,-0.16377940670096833
substrate,O=C(CN1C(=O)c2ccccc2C1=O)c1ccc(Cl)cc1,ahk_inner,6,2.0845038267396783,-0.21865972878277395
substrate,O=C(CN1C(=O)c2ccccc2C1=O)c1ccc2ccccc2c1,ahk_inner,6,1.9680392888127767,0.625192373504367
substrate,O=C(CN1C(=O)c2ccccc2C1=O)c1cccc2ccccc12,ahk_inner,6,1.9680392888127767,0.625192373504367
substrate,O=C(CN1C(=O)c2ccccc2C1=O)c1ccccc1,ahk_inner,6,1.9680392888127767,0.625192373504367
substrate,O=C(CN1CCOCC1)c1ccccc1,ahk_outer,1,2.8332876518367653,0.8538557296296806
substrate,O=C(CNC(=O)c1ccccc1)c1cccc(Cl)c1,ahk_outer,2,1.016671769104153,-0.3689161800294042
substrate,O=C(CNC(=O)c1ccccc1)c1ccccc1,ahk_outer,1,0.9002072311772501,0.47493592225773673
substrate,O=C(CO)C1CCCC1,ahk_inner,1,-0.1722366307774055,0.9994881382217288
substrate,O=C(CO)CCCc1ccccc1,ahk_inner,1,-0.15009145824244016,0.8717572229246359
substrate,O=C(CO)c1ccc(Br)cc1,ahk_inner,1,-0.6000794115358714,-0.02036382820609395
substrate,O=C(CO)c1ccc(Cl)cc1,ahk_inner,1,-0.5894576933594371,-0.07524415028789923
substrate,O=C(CO)c1ccc2ccccc2c1,ahk_inner,1,-0.32648756703807236,0.5975420940840271
substrate,O=C(CO)c1cccc2ccccc12,ahk_inner,1,-0.32648756703807236,0.5975420940840271
substrate,O=C(CO)c1ccccc1,ahk_inner,2,-0.7059222312863399,0.7686079519992417
substrate,O=C(CO)c1ccccc1,ahk_outer,2,-0.7059222312863399,0.7686079519992417
substrate,O=C(COCc1ccccc1)CC(=O)c1ccc(C(F)(F)F)cc1,ahk_inner,1,0.03408868938692501,0.9197305530087416
substrate,O=C(COCc1ccccc1)CC(=O)c1ccc2ccccc2c1,ahk_inner,1,0.013401754076299854,1.4884629124979123
substrate,O=C(COCc1ccccc1)CC(=O)c1cccc2ccccc12,ahk_inner,1,0.013401754076299854,1.4884629124979123
substrate,O=C(COCc1ccccc1)CC(=O)c1ccccc1,ahk_inner,1,-0.026152260557169786,1.5123217136890332
substrate,O=C(COCc1ccccc1)CC(=O)c1ccco1,ahk_inner,1,0.05507048615855217,1.5233916079066907
substrate,O=C(COc1ccccc1)c1ccccc1,ahk_outer,2,-0.4290476635843869,0.9836187122307107
substrate,O=C(Cc1ccccc1)c1ccccc1,ahk_outer,6,-0.29624180544063344,-0.5100161056538688
substrate,O=C(Cn1ccnc1)c1ccc(C(F)(F)F)cc1,ahk_outer,1,2.3602249771459225,-0.8786507021805117
substrate,O=C(Cn1ccnc1)c1ccc(Cl)cc1,ahk_outer,1,2.416448565128726,-1.1299116437873626
substrate,O=C(Cn1ccnc1)c1ccc(Cl)cc1Cl,ahk_outer,11,2.409853698718789,-1.3685866823554536
substrate,O=C(Cn1ccnc1)c1ccc(F)cc1,ahk_outer,1,2.4053272982668243,-1.0968919111602744
substrate,O=C(Cn1ccnc1)c1ccc2ccccc2c1,ahk_outer,1,2.4965315254826534,-0.3824954822495185
substrate,O=C(Cn1ccnc1)c1cccc(Cl)c1,ahk_outer,1,2.416448565128726,-1.1299116437873626
substrate,O=C(Cn1ccnc1)c1ccccc1,ahk_outer,1,2.2999840272018237,-0.28605954150022145
substrate,O=C(Cn1ccnc1)c1ccccc1Br,ahk_outer,1,2.399231980542358,-1.3137063602736476
substrate,O=C(Cn1ccnc1)c1ccccn1,ahk_outer,1,2.588513550872037,-0.30910998959798536
substrate,O=C(Cn1ccnc1)c1ccco1,ahk_outer,1,2.3439955941818087,0.3428502513861475
substrate,O=C(Cn1ccnc1)c1cccs1,ahk_outer,1,2.2661234503803898,-0.22825834281810561
substrate,O=C(Cn1ccnn1)c1ccc(Cl)cc1Cl,ahk_outer,1,2.811105652685756,-1.1990969320054286
substrate,O=C(Cn1cnc2ccccc21)c1ccc(Cl)cc1Cl,ahk_outer,1,2.7652839292719866,-1.4447311583724844
substrate,O=C(Cn1nc2ccccc2n1)c1ccc(Cl)cc1Cl,ahk_outer,1,3.0076531509665863,-1.2955328727547248
substrate,O=C(Cn1ncnn1)c1ccccc1Cl,ahk_outer,1,2.811105652685756,-1.1990969320054286
substrate,O=C(O)C(=O)c1ccc(-c2ccccc2)cc1,ahk_inner,1,-0.9672426115376991,0.5072354735974962
substrate,O=C(O)C(=O)c1ccc(Br)cc1,ahk_inner,1,-1.3069867821205647,-0.13104937878770548
substrate,O=C(O)C(=O)c1ccc(Cl)cc1,ahk_inner,1,-1.2963650639441302,-0.18592970086951022
substrate,O=C(O)C(=O)c1ccc(F)cc1,ahk_inner,1,-1.3074863308060347,-0.1529099682424222
substrate,O=C(O)C(=O)c1ccc2ccccc2c1,ahk_inner,1,-1.0333949376227651,0.48685654350241603
substrate,O=C(O)C(=O)c1cccc(Cl)c1,ahk_inner,1,-1.2963650639441302,-0.18592970086951022
substrate,O=C(O)C(=O)c1cccc(F)c1,ahk_inner,1,-1.3074863308060347,-0.1529099682424222
substrate,O=C(O)C(=O)c1ccccc1,ahk_inner,21,-1.412829601871033,0.6579224014176309
substrate,O=C(O)C(=O)c1ccccc1F,ahk_inner,1,-1.3140811972159716,-0.39158500681051345
substrate,O=C(O)C(=O)c1ccco1,ahk_inner,1,-1.2155533386231328,0.8232474470532123
substrate,O=C(c1ccc(Br)cc1)c1ccccn1,ahk_outer,1,0.4384668477687815,-1.774533786945757
substrate,O=C(c1ccc(Cl)cc1)c1ccccc1Br,ahk_inner,1,-0.5333415167386384,-1.9707199228836432
substrate,O=C(c1ccc(Cl)cc1)c1ccccc1Cl,ahk_inner,1,-0.5404200156961391,-1.9106314954523946
substrate,O=C(c1ccc(F)cc1)c1ccccn1,ahk_outer,1,0.43796729908331156,-1.7963943764004753
substrate,O=C(c1cccc(Cl)c1)c1ccccn1,ahk_outer,1,0.4490885659452153,-1.8294141090275637
substrate,O=C(c1ccccc1)C(F)(F)F,ahk_outer,2,-0.9299293868838079,-1.2734884585533588
substrate,O=C(c1ccccc1)C1CC1,ahk_outer,10,-0.835895218003163,-0.6748924266928953
substrate,O=C(c1ccccc1)C1CCC1,ahk_outer,1,-0.6775882443761719,-0.6777665306465632
substrate,O=C(c1ccccc1)C1CCCC1,ahk_outer,1,-0.4943620925244901,-0.7087431881975776
substrate,O=C(c1ccccc1)C1CCCCC1,ahk_outer,4,-0.2709123514488108,-0.6722831732045688
substrate,O=C(c1ccccc1)C1OCCCO1,ahk_outer,2,0.20653955723526315,0.9172124424268934
substrate,O=C(c1ccccc1)[C]12[CH]3[CH]4[CH]5[CH]1[Fe]45321678[CH]2[CH]1[CH]6[CH]7[CH]28,ahk_outer,1,-0.29295484690121804,-0.7812448867231818
substrate,O=C(c1ccccc1)c1cc(C(F)(F)F)cc(C(F)(F)F)c1,ahk_inner,1,-0.5900487372690099,-1.4206955152774525
substrate,O=C(c1ccccc1)c1ccc(C(F)(F)F)cc1,ahk_outer,2,-0.5900487372690099,-1.4206955152774525
substrate,O=C(c1ccccc1)c1ccc(Cl)cc1,ahk_outer,2,-0.5338251492862018,-1.6719564568843033
substrate,O=C(c1ccccc1)c1ccc(Cl)cc1Cl,ahk_inner,1,-0.5404200156961391,-1.9106314954523946
substrate,O=C(c1ccccc1)c1ccc(Cl)cc1Cl,ahk_outer,1,-0.5404200156961391,-1.9106314954523946
substrate,O=C(c1ccccc1)c1cccc2ccccc12,ahk_inner,1,-0.6107356725796356,-0.8519631557882823
substrate,O=C(c1ccccc1)c1cccc2ccccc12,ahk_outer,1,-0.6107356725796356,-0.8519631557882823
substrate,O=C(c1ccccc1)c1ccccc1Br,ahk_inner,2,-0.5510417338725736,-1.8557511733705883
substrate,O=C(c1ccccc1)c1ccccc1Br,ahk_outer,2,-0.5510417338725736,-1.8557511733705883
substrate,O=C(c1ccccc1)c1ccccc1C(F)(F)F,ahk_inner,1,-0.5966436036789469,-1.6593705538455437
substrate,O=C(c1ccccc1)c1ccccc1Cl,ahk_inner,1,-0.5404200156961391,-1.9106314954523946
substrate,O=C(c1ccccc1)c1ccccc1Cl,ahk_outer,6,-0.5404200156961391,-1.9106314954523946
substrate,O=C(c1ccccc1)c1ccccc1F,ahk_inner,1,-0.5515412825580439,-1.8776117628253055
substrate,O=C(c1ccccc1)c1ccccc1F,ahk_outer,2,-0.5515412825580439,-1.8776117628253055
substrate,O=C(c1ccccc1)c1ccccc1I,ahk_inner,2,-0.5600880032910958,-1.801965531673211
substrate,O=C(c1ccccc1)c1ccccn1,ahk_outer,13,0.3326240280183131,-0.9855620067404227
substrate,O=C1/C(=C/c2ccccc2)CCc2ccccc21,ahk_outer,1,-0.5277365135063857,-1.1870217560569685
substrate,O=C1C=C(c2ccccc2)CCC1,ahk_outer,1,-0.34730020145419516,-0.6767027368349897
substrate,O=C1CC2CCC1CC2,ahk_outer,1,-0.1350155757081573,-0.37205976801052104
substrate,O=C1CCC/C1=C/c1ccccc1,ahk_inner,1,-0.5404049878207915,-0.824033016343506
substrate,O=C1CCC/C1=C\C1CCCCC1,ahk_inner,1,-0.4687376341220823,-0.6660327986896661
substrate,O=C1CCC/C1=C\CCc1ccccc1,ahk_inner,1,-0.27202396125037137,-0.5678499591122906
substrate,O=C1CCC/C1=C\Cc1ccccc1,ahk_inner,1,-0.27202396125037137,-0.5678499591122906
substrate,O=C1CCC/C1=C\c1ccc(Br)cc1,ahk_inner,1,-0.4345621680703237,-1.6130047965488423
substrate,O=C1CCC/C1=C\c1ccc(C(F)(F)F)cc1,ahk_inner,1,-0.48016403787669737,-1.4166241770237982
substrate,O=C1CCC/C1=C\c1ccc(Cl)cc1,ahk_inner,1,-0.42394044989388896,-1.6678851186306471
substrate,O=C1CCC/C1=C\c1ccc(F)cc1,ahk_inner,1,-0.4350617167557937,-1.634865386003558
substrate,O=C1CCC/C1=C\c1ccc(OC(F)(F)F)cc1,ahk_inner,1,-0.6897482931769751,-0.4672322722884852
substrate,O=C1CCC/C1=C\c1ccc2ccccc2c1,ahk_inner,1,-0.1609703235725244,-0.9950988742587206
substrate,O=C1CCC/C1=C\c1cccc(Br)c1,ahk_inner,1,-0.4345621680703237,-1.6130047965488423
substrate,O=C1CCC/C1=C\c1cccc(C(F)(F)F)c1,ahk_inner,1,-0.48016403787669737,-1.4166241770237982
substrate,O=C1CCC/C1=C\c1cccc(Cl)c1,ahk_inner,1,-0.42394044989388896,-1.6678851186306471
substrate,O=C1CCC/C1=C\c1cccc(F)c1,ahk_inner,1,-0.4350617167557937,-1.634865386003558
substrate,O=C1CCC/C1=C\c1cccc2ccccc12,ahk_inner,1,-0.1609703235725244,-0.9950988742587206
substrate,O=C1CCC/C1=C\c1ccccc1,ahk_inner,27,-0.5404049878207915,-0.824033016343506
substrate,O=C1CCC/C1=C\c1ccccc1Br,ahk_inner,1,-0.43105573121727414,-1.7193751328678586
substrate,O=C1CCC/C1=C\c1ccccc1C(F)(F)F,ahk_inner,1,-0.47665760102364807,-1.522994513342815
substrate,O=C1CCC/C1=C\c1ccccc1Cl,ahk_inner,1,-0.4204340130408396,-1.7742554549496632
substrate,O=C1CCC/C1=C\c1ccccc1F,ahk_inner,1,-0.43155527990274445,-1.7412357223225743
substrate,O=C1CCC/C1=C\c1ccco1,ahk_inner,1,-0.42527468652790223,-0.4853263894970271
substrate,O=C1CCC/C1=C\c1cccs1,ahk_inner,1,-0.3609711137560119,-0.8303056714501685
substrate,O=C1CCCC/C1=C\c1ccccc1,ahk_inner,1,-0.3169552467451127,-0.7875730013504972
substrate,O=C1CCCC/C1=C\c1ccccc1,ahk_outer,1,-0.3169552467451127,-0.7875730013504972
substrate,O=C1CCCC1=C(c1ccccc1)c1ccccc1,ahk_inner,1,-0.20052433820599377,-0.9712400730676001
substrate,O=C1CCCC2=C1C=CC2,ahk_outer,1,-0.41940769032479497,-0.5583590761002413
substrate,O=C1CCCCC/C1=C\c1ccccc1,ahk_inner,1,-0.47172512271769124,-0.7206769047237457
substrate,O=C1CCCCc2ccccc21,ahk_outer,2,-0.23634669393807178,-0.5230278961613547
substrate,O=C1CCCc2cc(Oc3ccccc3)ccc21,ahk_outer,1,-0.25442650598893796,0.26688342814376315
substrate,O=C1CCCc2ccc(Br)cc21,ahk_outer,2,-0.12188659690562975,-1.3968503396309682
substrate,O=C1CCCc2ccc(F)cc21,ahk_outer,2,-0.12238614559109977,-1.4187109290856854
substrate,O=C1CCCc2ccccc21,ahk_inner,1,-0.22772941665609744,-0.6078785594256322
substrate,O=C1CCCc2ccccc21,ahk_outer,26,-0.22772941665609744,-0.6078785594256322
substrate,O=C1CCCc2cccnc21,ahk_outer,1,0.7551842985753201,-0.7653362115688935
substrate,O=C1CCOc2ccc(Br)cc21,ahk_outer,1,0.05520630640521574,-0.43195784467317927
substrate,O=C1CCOc2ccc(Cl)cc21,ahk_outer,1,0.06582802458165027,-0.48683816675498504
substrate,O=C1CCOc2ccccc21,ahk_outer,3,-0.050636513345252314,0.3570139355321565
substrate,O=C1CCSc2ccccc21,ahk_outer,1,0.1553069392874848,-0.6469670736433825
substrate,O=C1CCc2ccccc21,ahk_outer,5,-0.4511791577317765,-0.6443385744186411
substrate,O=C1CCn2ccnc21,ahk_outer,1,2.6199351953145933,-0.20537083478886886
substrate,O=C1CN2CCC1CC2,ahk_outer,24,2.4726482234809706,0.12774700943434414
substrate,O=C1c2ccccc2SCc2c1ccc(F)c2F,ahk_outer,1,-0.1870627150987707,-1.7577507749492656
