example_id,external_row_index,scenario,observed_ddG,predicted_ddG,absolute_error
Example_01,87,Target-only,1.0755296797009068,2.418385903971765,1.342856224270858
Example_01,87,Mechanism-mismatched transfer,1.0755296797009068,2.729990205066804,1.654460525365897
Example_01,87,Mechanism-aligned transfer,1.0755296797009068,1.3739187159750557,0.2983890362741488
Example_02,71,Target-only,1.744532041911976,2.163789557774494,0.419257515862518
Example_02,71,Mechanism-mismatched transfer,1.744532041911976,2.2488939109700694,0.5043618690580933
Example_02,71,Mechanism-aligned transfer,1.744532041911976,1.8498896259415296,0.10535758402955353
Example_03,81,Target-only,1.1804823561186597,1.6209772679657135,0.4404949118470538
Example_03,81,Mechanism-mismatched transfer,1.1804823561186597,1.7888728449728228,0.6083904888541631
Example_03,81,Mechanism-aligned transfer,1.1804823561186597,1.2753453677750888,0.09486301165642907
Example_04,85,Target-only,1.1005116129711998,1.601360660922314,0.5008490479511143
Example_04,85,Mechanism-mismatched transfer,1.1005116129711998,1.964224899464588,0.8637132864933881
Example_04,85,Mechanism-aligned transfer,1.1005116129711998,1.3341048386789074,0.23359322570770757
