selection,display_name,threshold_kcal_mol,count_above_threshold,fraction_above_threshold,n_total
baseline,Best target-only baseline,0.5,29,0.29591836734693877,98
baseline,Best target-only baseline,1.0,13,0.1326530612244898,98
baseline,Best target-only baseline,1.5,2,0.02040816326530612,98
different_mechanism_transfer,Best different-mechanism transfer,0.5,32,0.32653061224489793,98
different_mechanism_transfer,Best different-mechanism transfer,1.0,10,0.10204081632653061,98
different_mechanism_transfer,Best different-mechanism transfer,1.5,2,0.02040816326530612,98
same_mechanism_transfer,Best same-mechanism transfer,0.5,25,0.25510204081632654,98
same_mechanism_transfer,Best same-mechanism transfer,1.0,6,0.061224489795918366,98
same_mechanism_transfer,Best same-mechanism transfer,1.5,2,0.02040816326530612,98
