selection,bin_index,bin_left,bin_right,count,n_total,relative_frequency,density
baseline,0,0.5,0.7,8,98,0.08163265306122448,0.40816326530612257
baseline,1,0.7,0.9,8,98,0.08163265306122448,0.40816326530612235
baseline,2,0.9,1.1,1,98,0.01020408163265306,0.05102040816326529
baseline,3,1.1,1.3,9,98,0.09183673469387756,0.4591836734693879
baseline,4,1.3,1.5,1,98,0.01020408163265306,0.05102040816326532
baseline,5,1.5,1.7000000000000002,1,98,0.01020408163265306,0.051020408163265266
baseline,6,1.7000000000000002,1.9000000000000001,0,98,0.0,0.0
baseline,7,1.9000000000000001,2.1,1,98,0.01020408163265306,0.05102040816326532
baseline,8,2.1,2.3,0,98,0.0,0.0
baseline,9,2.3,2.5,0,98,0.0,0.0
different_mechanism_transfer,0,0.5,0.7,15,98,0.15306122448979592,0.7653061224489798
different_mechanism_transfer,1,0.7,0.9,5,98,0.05102040816326531,0.2551020408163265
different_mechanism_transfer,2,0.9,1.1,6,98,0.061224489795918366,0.30612244897959173
different_mechanism_transfer,3,1.1,1.3,2,98,0.02040816326530612,0.10204081632653064
different_mechanism_transfer,4,1.3,1.5,2,98,0.02040816326530612,0.10204081632653064
different_mechanism_transfer,5,1.5,1.7000000000000002,1,98,0.01020408163265306,0.051020408163265266
different_mechanism_transfer,6,1.7000000000000002,1.9000000000000001,1,98,0.01020408163265306,0.05102040816326532
different_mechanism_transfer,7,1.9000000000000001,2.1,0,98,0.0,0.0
different_mechanism_transfer,8,2.1,2.3,0,98,0.0,0.0
different_mechanism_transfer,9,2.3,2.5,0,98,0.0,0.0
same_mechanism_transfer,0,0.5,0.7,8,98,0.08163265306122448,0.40816326530612257
same_mechanism_transfer,1,0.7,0.9,11,98,0.11224489795918367,0.5612244897959182
same_mechanism_transfer,2,0.9,1.1,2,98,0.02040816326530612,0.10204081632653059
same_mechanism_transfer,3,1.1,1.3,1,98,0.01020408163265306,0.05102040816326532
same_mechanism_transfer,4,1.3,1.5,1,98,0.01020408163265306,0.05102040816326532
same_mechanism_transfer,5,1.5,1.7000000000000002,1,98,0.01020408163265306,0.051020408163265266
same_mechanism_transfer,6,1.7000000000000002,1.9000000000000001,0,98,0.0,0.0
same_mechanism_transfer,7,1.9000000000000001,2.1,0,98,0.0,0.0
same_mechanism_transfer,8,2.1,2.3,1,98,0.01020408163265306,0.05102040816326538
same_mechanism_transfer,9,2.3,2.5,0,98,0.0,0.0
