target_index,fold_id_baseline,y_true_baseline,y_pred_baseline,fold_id_different,y_true_different,y_pred_different,fold_id_same,y_true_same,y_pred_same,y_true,abs_error_target_only,abs_error_different,abs_error_same,delta_abs_error_different,delta_abs_error_same
0,1,4.50050002,2.5539076950128248,1,4.50050002,2.6374536288717256,1,4.50050002,2.378314209454689,4.50050002,1.9465923249871748,1.863046391128274,2.1221858105453104,-0.08354593385890086,0.1755934855581356
1,5,4.50050002,3.3935618678635997,5,4.50050002,2.9369663480572026,5,4.50050002,2.924717143462803,4.50050002,1.1069381521364,1.563533671942797,1.5757828765371964,0.4565955198063971,0.4688447244007965
2,5,3.84937533,3.1376292278073703,5,3.84937533,2.7990278050858297,5,3.84937533,2.6636164415655474,3.84937533,0.7117461021926297,1.0503475249141703,1.1857588884344525,0.3386014227215406,0.47401278624182286
3,3,3.67873076,2.6320462474604924,3,3.67873076,2.263713282131365,3,3.67873076,2.9224435367245776,3.67873076,1.0466845125395077,1.415017477868635,0.7562872232754225,0.3683329653291274,-0.29039728926408515
4,1,3.13437597,2.620195624092866,1,3.13437597,2.819667598122524,1,3.13437597,3.2500398361954144,3.13437597,0.5141803459071337,0.3147083718774759,0.11566386619541458,-0.19947197402965777,-0.3985164797117191
5,2,3.13437597,3.108226782024662,2,3.13437597,2.919831245128254,2,3.13437597,3.137350124211089,3.13437597,0.026149187975337718,0.2145447248717458,0.002974154211089264,0.1883955368964081,-0.023175033764248454
6,3,3.13437597,1.995670550931212,3,3.13437597,2.446612620498478,3,3.13437597,2.7464800813066232,3.13437597,1.1387054190687877,0.6877633495015218,0.38789588869337654,-0.4509420695672659,-0.7508095303754112
7,3,3.13437597,3.0627999265086503,3,3.13437597,2.51397989946973,3,3.13437597,2.655188208675024,3.13437597,0.0715760434913495,0.6203960705302696,0.479187761324976,0.5488200270389201,0.4076117178336265
8,3,3.13437597,1.995670550931212,3,3.13437597,2.4345702953478545,3,3.13437597,2.6268661598134284,3.13437597,1.1387054190687877,0.6998056746521453,0.5075098101865714,-0.4388997444166425,-0.6311956088822164
9,2,3.13437597,3.77552536229572,2,3.13437597,3.674597958402362,2,3.13437597,3.4572175341337683,3.13437597,0.6411493922957203,0.540221988402362,0.3228415641337685,-0.1009274038933583,-0.3183078281619518
10,1,2.89279432,2.5912616603314764,1,2.89279432,2.72519290076965,1,2.89279432,2.418837601182187,2.89279432,0.3015326596685237,0.16760141923035032,0.4739567188178131,-0.1339312404381734,0.17242405914928938
11,2,2.81808334,2.6981425466939704,2,2.81808334,2.632344055300003,2,2.81808334,2.4376812743795395,2.81808334,0.11994079330602947,0.1857392846999968,0.3804020656204603,0.06579849139396732,0.26046127231443084
12,1,2.72095293,2.5912616603314764,1,2.72095293,2.7219639674191414,1,2.72095293,2.4634084426417906,2.72095293,0.12969126966852373,0.0010110374191412141,0.25754448735820956,-0.12868023224938252,0.12785321768968583
13,3,2.72095293,2.5815236423713874,3,2.72095293,2.2550797249997783,3,2.72095293,2.62856575615411,2.72095293,0.13942928762861273,0.4658732050002219,0.09238717384589012,0.32644391737160916,-0.047042113782722605
14,5,2.72095293,2.7240366932587383,5,2.72095293,2.610722583356822,5,2.72095293,2.7110318328286858,2.72095293,0.003083763258738159,0.11023034664317821,0.009921097171314397,0.10714658338444005,0.006837333912576238
15,2,2.72095293,1.882076728711855,2,2.72095293,1.61490930347728,2,2.72095293,1.8445202566532335,2.72095293,0.8388762012881452,1.1060436265227203,0.8764326733467667,0.26716742523457504,0.03755647205862145
16,2,2.72095293,3.021730868953296,2,2.72095293,3.1447277754785263,2,2.72095293,3.1494994604473674,2.72095293,0.30077793895329563,0.4237748454785262,0.42854653044736724,0.12299690652523054,0.1277685914940716
17,3,2.72095293,3.8462228575133777,3,2.72095293,2.853494607834516,3,2.72095293,2.9648259501381338,2.72095293,1.1252699275133775,0.13254167783451587,0.2438730201381336,-0.9927282496788616,-0.8813969073752439
18,1,2.72095293,3.1243918356390123,1,2.72095293,2.689751360927857,1,2.72095293,2.6163437168681107,2.72095293,0.4034389056390122,0.031201569072143,0.10460921313188942,-0.3722373365668692,-0.29882969250712277
19,3,2.72095293,2.7595351257914045,3,2.72095293,2.7334424758163305,3,2.72095293,2.839870633254544,2.72095293,0.03858219579140432,0.012489545816330327,0.11891770325454365,-0.02609264997507399,0.08033550746313933
20,5,2.72095293,2.997689985255946,5,2.72095293,2.6394037854245447,5,2.72095293,2.6466200828293167,2.72095293,0.27673705525594583,0.08154914457545548,0.07433284717068345,-0.19518791068049035,-0.20240420808526238
21,5,2.6917632,2.512945383678703,5,2.6917632,2.6904862943300407,5,2.6917632,2.4272261652502736,2.6917632,0.17881781632129723,0.001276905669959305,0.26453703474972645,-0.17754091065133792,0.08571921842842922
22,1,2.63729647,2.299260006086971,1,2.63729647,2.3556797224845294,1,2.63729647,2.2862835947646523,2.63729647,0.3380364639130291,0.2816167475154705,0.35101287523534763,-0.056419716397558606,0.012976411322318526
23,5,2.61179564,2.156801376801317,5,2.61179564,2.253578829445889,5,2.61179564,2.052228834901001,2.61179564,0.45499426319868297,0.35821681055411103,0.5595668050989988,-0.09677745264457194,0.10457254190031584
24,3,2.49823771,2.596135555415412,3,2.49823771,2.4294032810397,3,2.49823771,2.474788356152529,2.49823771,0.09789784541541202,0.06883442896030001,0.023449353847471155,-0.029063416455112012,-0.07444849156794087
25,3,2.49823771,2.395933726393574,3,2.49823771,2.490478935395568,3,2.49823771,3.2752465296583586,2.49823771,0.10230398360642612,0.007758774604432084,0.7770088196583584,-0.09454520900199403,0.6747048360519323
26,1,2.49268506,1.816007064172199,1,2.49268506,1.8456671366611843,1,2.49268506,1.8168236678906704,2.49268506,0.6766779958278009,0.6470179233388156,0.6758613921093295,-0.02966007248898528,-0.0008166037184713648
27,3,2.47786275,2.5016607973859504,3,2.47786275,3.3108190078530244,3,2.47786275,2.8321295555764365,2.47786275,0.023798047385950483,0.8329562578530245,0.35426680557643664,0.809158210467074,0.33046875819048616
28,2,2.47786275,2.6230371534806367,2,2.47786275,2.673345606859586,2,2.47786275,2.609287780587647,2.47786275,0.14517440348063682,0.1954828568595861,0.1314250305876472,0.05030845337894929,-0.013749372892989609
29,5,2.47786275,3.226784159621728,5,2.47786275,2.502586064713307,5,2.47786275,2.379068318097848,2.47786275,0.7489214096217283,0.024723314713307243,0.09879443190215209,-0.724198094908421,-0.6501269777195762
30,2,2.3515711,2.3712497233178347,2,2.3515711,2.412518995340129,2,2.3515711,2.2454448212090767,2.3515711,0.019678623317834543,0.06094789534012879,0.1061262787909234,0.041269272022294246,0.08644765547308886
31,1,2.30450133,1.8487199649473536,1,2.30450133,1.784058549302857,1,2.30450133,1.8549526735741084,2.30450133,0.4557813650526463,0.520442780697143,0.4495486564258915,0.06466141564449668,-0.006232708626754846
32,4,2.30450133,2.379616176857783,4,2.30450133,2.4419450829349474,4,2.30450133,2.5441825856220945,2.30450133,0.07511484685778314,0.13744375293494748,0.23968125562209464,0.06232890607716435,0.1645664087643115
33,2,2.30450133,2.7027499849824363,2,2.30450133,2.683374366817409,2,2.30450133,2.772799797911677,2.30450133,0.39824865498243645,0.37887303681740914,0.4682984679116773,-0.01937561816502731,0.07004981292924084
34,3,2.30450133,2.7462105084543165,3,2.30450133,2.6943997294009048,3,2.30450133,2.853558601738881,2.30450133,0.44170917845431656,0.38989839940090487,0.5490572717388811,-0.05181077905341169,0.10734809328456452
35,2,2.30450133,3.051381660225182,2,2.30450133,2.636470977993402,2,2.30450133,3.0205935136903657,2.30450133,0.7468803302251823,0.331969647993402,0.7160921836903658,-0.4149106822317803,-0.03078814653481654
36,3,2.28957767,2.215541040485478,3,2.28957767,2.3670279061156188,3,2.28957767,2.314043235833401,2.28957767,0.07403662951452183,0.07745023611561885,0.024465565833401204,0.003413606601097019,-0.04957106368112063
37,5,2.26077037,2.2126767961645863,5,2.26077037,2.150345975907126,5,2.26077037,2.212297916401801,2.26077037,0.04809357383541357,0.11042439409287397,0.04847245359819885,0.062330820257460395,0.000378879762785278
38,3,2.20688949,2.25039093243141,3,2.20688949,1.540463505315145,3,2.20688949,2.1787817676715,2.20688949,0.04350144243141019,0.666425984684855,0.028107722328500007,0.6229245422534448,-0.01539372010291018
39,2,2.16934032,1.6554797728202617,2,2.16934032,1.2067611217799612,2,2.16934032,2.147181580582355,2.16934032,0.5138605471797382,0.9625791982200387,0.022158739417645013,0.4487186510403005,-0.49170180776209316
40,1,2.13954868,2.031902709202204,1,2.13954868,2.145207602404939,1,2.13954868,1.9724895161896976,2.13954868,0.1076459707977957,0.005658922404939037,0.16705916381030228,-0.10198704839285666,0.05941319301250658
41,4,2.13444943,2.660129936943758,4,2.13444943,1.7578936684560826,4,2.13444943,1.7623586294548648,2.13444943,0.525680506943758,0.37655576154391746,0.3720908005451353,-0.14912474539984055,-0.15358970639862268
42,1,2.12255274,2.3798650004857964,1,2.12255274,2.453582596354165,1,2.12255274,2.282773127271972,2.12255274,0.25731226048579625,0.33102985635416493,0.16022038727197163,0.07371759586836868,-0.09709187321382462
43,4,2.11117069,1.6058927588934535,4,2.11117069,1.667301804668767,4,2.11117069,1.9118465070421693,2.11117069,0.5052779311065463,0.4438688853312327,0.1993241829578305,-0.06140904577531359,-0.3059537481487158
44,1,2.02174776,1.87597511326444,1,2.02174776,2.052480310090905,1,2.02174776,1.886125209868736,2.02174776,0.14577264673555979,0.030732550090905253,0.13562255013126379,-0.11504009664465453,-0.010150096604296
45,2,2.01889808,2.1201984086225973,2,2.01889808,1.9527227922300008,2,2.01889808,2.114023913877006,2.01889808,0.1013003286225973,0.06617528776999926,0.09512583387700602,-0.035125040852598044,-0.006174494745591286
46,4,2.00941149,2.1812052699998694,4,2.00941149,2.015642633158514,4,2.00941149,2.280209935074497,2.00941149,0.17179377999986922,0.00623114315851403,0.2707984450744969,-0.1655626368413552,0.09900466507462768
47,1,1.97754867,1.6152041779007174,1,1.97754867,1.4829992884293048,1,1.97754867,1.5604616951343673,1.97754867,0.36234449209928266,0.49454938157069517,0.41708697486563273,0.1322048894714125,0.054742482766350076
48,4,1.96551622,2.0228159047208374,4,1.96551622,1.9359072363685048,4,1.96551622,2.044776892206064,1.96551622,0.05729968472083735,0.029608983631495223,0.07926067220606381,-0.02769070108934213,0.021960987485226457
49,2,1.9607788,0.4553915185516461,2,1.9607788,0.887049699514307,2,1.9607788,1.3949377452455394,1.9607788,1.5053872814483538,1.0737291004856928,0.5658410547544606,-0.43165818096266095,-0.9395462266938932
50,4,1.95650617,1.7449906586200368,4,1.95650617,1.6516322556362582,4,1.95650617,1.9118465070421693,1.95650617,0.21151551137996316,0.3048739143637418,0.04465966295783064,0.09335840298377862,-0.16685584842213252
51,5,1.94448624,1.8254480435741975,5,1.94448624,1.9186398365713204,5,1.94448624,1.6805636930042442,1.94448624,0.11903819642580249,0.02584640342867961,0.2639225469957558,-0.09319179299712288,0.1448843505699533
52,5,1.88185187,1.726957194018573,5,1.88185187,1.5110166424260294,5,1.88185187,1.914952309102816,1.88185187,0.15489467598142692,0.3708352275739706,0.033100439102816015,0.21594055159254366,-0.1217942368786109
53,3,1.84440958,1.7836696494953643,3,1.84440958,1.924743122374022,3,1.84440958,1.861341378563372,1.84440958,0.060739930504635664,0.0803335423740219,0.016931798563371903,0.01959361186938624,-0.04380813194126376
54,4,1.80901573,2.224705891724291,4,1.80901573,2.047099959689319,4,1.80901573,2.1876413125094216,1.80901573,0.41569016172429096,0.23808422968931886,0.3786255825094216,-0.1776059320349721,-0.037064579214869386
55,3,1.80901573,2.035909251093689,3,1.80901573,2.02862884499693,3,1.80901573,2.0241286441698256,1.80901573,0.2268935210936891,0.21961311499693004,0.2151129141698256,-0.007280406096759062,-0.011780606923863512
56,3,1.73731552,2.621893715602229,3,1.73731552,2.5549047676999983,3,1.73731552,3.228671381885701,1.73731552,0.8845781956022292,0.8175892476999984,1.4913558618857012,-0.06698894790223076,0.6067776662834721
57,4,1.68395754,2.1544330804082086,4,1.68395754,2.6659114992473474,4,1.68395754,1.9483431167524252,1.68395754,0.4704755404082086,0.9819539592473474,0.26438557675242524,0.5114784188391388,-0.20608996365578336
58,4,1.66417952,1.472432927648362,4,1.66417952,1.3902047765280257,4,1.66417952,1.2583943126861323,1.66417952,0.19174659235163793,0.27397474347197437,0.4057852073138677,0.08222815112033643,0.21403861496222976
59,4,1.62929332,1.565535062790808,4,1.62929332,1.47156478503423,4,1.62929332,1.5720036169692546,1.62929332,0.06375825720919193,0.15772853496577,0.05728970303074532,0.09397027775657807,-0.006468554178446606
60,5,1.62929332,2.112455972164194,5,1.62929332,2.273490777499998,5,1.62929332,2.498541340058572,1.62929332,0.48316265216419385,0.644197457499998,0.8692480200585719,0.16103480533580417,0.3860853678943781
61,4,1.57873877,1.3235759703125047,4,1.57873877,1.408984243497408,4,1.57873877,1.7113486755995095,1.57873877,0.2551627996874952,0.16975452650259193,0.13260990559950958,-0.0854082731849033,-0.12255289408798564
62,1,1.56906465,1.864405572798052,1,1.56906465,2.087504464949475,1,1.56906465,1.886125209868736,1.56906465,0.2953409227980519,0.5184398149494749,0.31706055986873594,0.22309889215142298,0.021719637070684028
63,4,1.56019653,1.3235759703125047,4,1.56019653,1.3744405718959734,4,1.56019653,1.7113486755995095,1.56019653,0.2366205596874953,0.18575595810402667,0.1511521455995095,-0.050864601583468616,-0.08546841408798578
64,1,1.53168147,1.4978706026782975,1,1.53168147,1.523717625262431,1,1.53168147,1.467122022967305,1.53168147,0.033810867321702576,0.00796384473756917,0.06455944703269512,-0.025847022584133406,0.03074857971099254
65,2,1.53168147,1.5102174368217351,2,1.53168147,1.472933967458418,2,1.53168147,1.4329443326603424,1.53168147,0.021464033178264952,0.05874750254158201,0.09873713733965772,0.03728346936331706,0.07727310416139277
66,4,1.51369193,1.5085994066473545,4,1.51369193,1.3020226143982367,4,1.51369193,1.530363936215331,1.51369193,0.005092523352645539,0.21166931560176327,0.016672006215330937,0.20657679224911774,0.011579482862685397
67,4,1.51369193,1.4742149461500476,4,1.51369193,1.4113845446787232,4,1.51369193,1.3646473825811969,1.51369193,0.03947698384995246,0.10230738532127681,0.14904454741880313,0.06283040147132435,0.10956756356885067
68,2,1.49260764,1.9787394335375723,2,1.49260764,2.029824271822946,2,1.49260764,2.05326266110408,1.49260764,0.4861317935375724,0.5372166318229461,0.5606550211040802,0.05108483828537369,0.07452322756650775
69,2,1.48763592,1.6545959234381873,2,1.48763592,1.643806300545979,2,1.48763592,1.8043692467656625,1.48763592,0.1669600034381873,0.1561703805459791,0.31673332676566246,-0.010789622892208195,0.14977332332747517
70,2,1.47570337,1.934965835986016,2,1.47570337,1.6016308112565725,2,1.47570337,2.221154275786637,1.47570337,0.45926246598601606,0.12592744125657251,0.745450905786637,-0.33333502472944354,0.2861884398006209
71,5,1.47016368,1.5571097340366882,5,1.47016368,1.4901481057864092,5,1.47016368,1.4631679536312614,1.47016368,0.0869460540366882,0.019984425786409243,0.006995726368738575,-0.06696162825027896,-0.07995032766794963
72,2,1.40708549,1.3993297699866274,2,1.40708549,1.39978401367535,2,1.40708549,1.411779629758692,1.40708549,0.007755720013372658,0.007301476324649947,0.004694139758691929,-0.0004542436887227108,-0.003061580254680729
73,1,1.39055932,1.4707180952652523,1,1.39055932,1.4465447283010149,1,1.39055932,1.4312783299130971,1.39055932,0.08015877526525239,0.05598540830101495,0.04071900991309718,-0.02417336696423744,-0.03943976535215521
74,5,1.38325909,1.4297680058021045,5,1.38325909,1.360086214940204,5,1.38325909,1.337206907258799,1.38325909,0.04650891580210459,0.023172875059795928,0.04605218274120082,-0.02333604074230866,-0.00045673306090376897
75,1,1.36999511,1.3732722048383577,1,1.36999511,1.3982053351406845,1,1.36999511,1.410549584698273,1.36999511,0.003277094838357586,0.028210225140684386,0.04055447469827289,0.0249331303023268,0.037277379859915305
76,3,1.36999511,0.1243831385526559,3,1.36999511,0.2527592876933595,3,1.36999511,0.3142457045942246,1.36999511,1.2456119714473441,1.1172358223066405,1.0557494054057754,-0.1283761491407036,-0.1898625660415687
77,4,1.36283425,1.0892236905248325,4,1.36283425,1.2971213217989837,4,1.36283425,1.1608695565221894,1.36283425,0.27361055947516744,0.06571292820101626,0.20196469347781054,-0.20789763127415117,-0.0716458659973569
78,3,1.35390456,1.4207408638812136,3,1.35390456,1.3715602073988686,3,1.35390456,1.2744684509455688,1.35390456,0.06683630388121364,0.017655647398868712,0.0794361090544311,-0.04918065648234493,0.01259980517321746
79,3,1.33471728,1.330587439111509,3,1.33471728,1.3223054543092334,3,1.33471728,1.2784134796258697,1.33471728,0.00412984088849111,0.012411825690766598,0.0563038003741303,0.008281984802275488,0.05217395948563919
80,2,1.31904107,1.3244318930651116,2,1.31904107,1.3594500763695578,2,1.31904107,1.2910848724416326,1.31904107,0.005390823065111627,0.04040900636955791,0.027956197558367313,0.03501818330444628,0.022565374493255685
81,1,1.00421655,1.045199564941697,1,1.00421655,1.2355575706673867,1,1.00421655,1.0620763286168011,1.00421655,0.04098301494169698,0.2313410206673867,0.05785977861680114,0.19035800572568973,0.016876763675104156
82,5,0.99242206,1.0569375028011685,5,0.99242206,1.1756776409336644,5,0.99242206,1.068578951923557,0.99242206,0.0645154428011685,0.18325558093366445,0.0761568919235569,0.11874013813249595,0.011641449122388403
83,1,0.83956097,0.6246156910016065,1,0.83956097,0.5489133007016175,1,0.83956097,0.5387025605338459,0.83956097,0.21494527899839344,0.2906476692983825,0.30085840946615405,0.07570239029998904,0.08591313046776061
84,4,0.80438248,1.1409204222471732,4,0.80438248,1.4130023615444989,4,0.80438248,1.5123390189109849,0.80438248,0.33653794224717315,0.6086198815444989,0.7079565389109849,0.2720819392973257,0.3714185966638117
85,3,0.80254597,0.1380936922412884,3,0.80254597,0.2527592876933595,3,0.80254597,0.1213077571076282,0.80254597,0.6644522777587116,0.5497866823066406,0.6812382128923719,-0.114665595452071,0.016785935133660224
86,5,0.67501313,1.917664336458992,5,0.67501313,1.3063426568226135,5,0.67501313,0.670074422242865,0.67501313,1.242651206458992,0.6313295268226136,0.004938707757135008,-0.6113216796363785,-1.237712498701857
87,5,0.56782018,1.6722300812436657,5,0.56782018,1.2350619105953593,5,0.56782018,0.7171137883327268,0.56782018,1.1044099012436657,0.6672417305953593,0.14929360833272676,-0.4371681706483064,-0.9551162929109389
88,2,0.39647984,1.091146225237554,2,0.39647984,1.275822959525373,2,0.39647984,0.8975111612850807,0.39647984,0.6946663852375539,0.8793431195253729,0.5010313212850808,0.18467673428781906,-0.1936350639524731
89,5,0.33293116,1.67369444998277,5,0.33293116,1.3467388784289052,5,0.33293116,0.7953805165112804,0.33293116,1.34076328998277,1.0138077184289052,0.4624493565112804,-0.3269555715538648,-0.8783139334714896
90,1,0.19433377,0.0663271081976747,1,0.19433377,0.232069763315711,1,0.19433377,0.0211919295697732,0.19433377,0.12800666180232528,0.03773599331571101,0.1731418404302268,-0.09027066848661428,0.04513517862790151
91,5,0.10866753,1.2722129725740037,5,0.10866753,0.7608827313230734,5,0.10866753,1.1304945783247005,0.10866753,1.1635454425740037,0.6522152013230734,1.0218270483247005,-0.5113302412509303,-0.14171839424930321
92,5,0.09139463,0.9793552316470124,5,0.09139463,1.3928877323897362,5,0.09139463,0.7921961828490138,0.09139463,0.8879606016470124,1.3014931023897363,0.7008015528490138,0.41353250074272385,-0.1871590487979986
93,2,0.04819171,0.1493110395655044,2,0.04819171,0.2911549977114656,2,0.04819171,0.0737913729229719,0.04819171,0.1011193295655044,0.24296328771146558,0.025599662922971902,0.14184395814596118,-0.0755196666425325
94,1,0.04739647,1.3243302566634696,1,0.04739647,0.9468790556236816,1,0.04739647,0.9266669731865648,0.04739647,1.2769337866634696,0.8994825856236816,0.8792705031865647,-0.377451201039788,-0.3976632834769048
95,4,0.0120419,0.3800004437300504,4,0.0120419,0.4873663515229377,4,0.0120419,0.2300488022686998,0.0120419,0.3679585437300504,0.47532445152293773,0.21800690226869981,0.10736590779288735,-0.14995164146135057
96,4,0.0,0.8557166133383153,4,0.0,0.7419473261280394,4,0.0,0.849611666051786,0.0,0.8557166133383153,0.7419473261280394,0.849611666051786,-0.1137692872102759,-0.0061049472865293275
97,4,0.0,0.8384995862572081,4,0.0,1.0682364893102445,4,0.0,0.7160831787851939,0.0,0.8384995862572081,1.0682364893102445,0.7160831787851939,0.2297369030530364,-0.12241640747201421
