selection,bin_left,bin_right,count,n_total,probability_density,n_below_range,n_above_range
baseline,0.5,0.7,8,98,0.40816326530612257,69,0
baseline,0.7,0.9,8,98,0.40816326530612235,69,0
baseline,0.9,1.1,1,98,0.05102040816326529,69,0
baseline,1.1,1.3,9,98,0.4591836734693879,69,0
baseline,1.3,1.5,1,98,0.05102040816326532,69,0
baseline,1.5,1.7000000000000002,1,98,0.051020408163265266,69,0
baseline,1.7000000000000002,1.9000000000000001,0,98,0.0,69,0
baseline,1.9000000000000001,2.1,1,98,0.05102040816326532,69,0
baseline,2.1,2.3,0,98,0.0,69,0
baseline,2.3,2.5,0,98,0.0,69,0
different_mechanism_transfer,0.5,0.7,15,98,0.7653061224489798,66,0
different_mechanism_transfer,0.7,0.9,5,98,0.2551020408163265,66,0
different_mechanism_transfer,0.9,1.1,6,98,0.30612244897959173,66,0
different_mechanism_transfer,1.1,1.3,2,98,0.10204081632653064,66,0
different_mechanism_transfer,1.3,1.5,2,98,0.10204081632653064,66,0
different_mechanism_transfer,1.5,1.7000000000000002,1,98,0.051020408163265266,66,0
different_mechanism_transfer,1.7000000000000002,1.9000000000000001,1,98,0.05102040816326532,66,0
different_mechanism_transfer,1.9000000000000001,2.1,0,98,0.0,66,0
different_mechanism_transfer,2.1,2.3,0,98,0.0,66,0
different_mechanism_transfer,2.3,2.5,0,98,0.0,66,0
same_mechanism_transfer,0.5,0.7,8,98,0.40816326530612257,73,0
same_mechanism_transfer,0.7,0.9,11,98,0.5612244897959182,73,0
same_mechanism_transfer,0.9,1.1,2,98,0.10204081632653059,73,0
same_mechanism_transfer,1.1,1.3,1,98,0.05102040816326532,73,0
same_mechanism_transfer,1.3,1.5,1,98,0.05102040816326532,73,0
same_mechanism_transfer,1.5,1.7000000000000002,1,98,0.051020408163265266,73,0
same_mechanism_transfer,1.7000000000000002,1.9000000000000001,0,98,0.0,73,0
same_mechanism_transfer,1.9000000000000001,2.1,0,98,0.0,73,0
same_mechanism_transfer,2.1,2.3,1,98,0.05102040816326538,73,0
same_mechanism_transfer,2.3,2.5,0,98,0.0,73,0
