descriptor,model,transfer_method,R2,MAE,status,error
SPOC,ExtraTreesRegressor,Mixed transfer,0.6039716972335252,0.3878140656417527,ok,
SPOC,ExtraTreesRegressor,Delta learning,0.4775822296110268,0.393035622487403,ok,
SPOC,GradientBoostingRegressor,Mixed transfer,0.4425212561537536,0.4845966933026811,ok,
SPOC,GradientBoostingRegressor,Delta learning,0.576141578809667,0.400082811340935,ok,
SPOC,HistGradientBoostingRegressor,Mixed transfer,0.6628923301109502,0.3943093500900019,ok,
SPOC,HistGradientBoostingRegressor,Delta learning,0.5321469951788139,0.4942802392057941,ok,
SPOC,RandomForestRegressor,Mixed transfer,0.6322151927140661,0.39943243722682303,ok,
SPOC,RandomForestRegressor,Delta learning,0.6326629152913299,0.4134324314139841,ok,
SPOC,GaussianProcessRegressor,Mixed transfer,0.07025728673962495,0.7033105836394338,ok,
SPOC,GaussianProcessRegressor,Delta learning,0.026422963032354252,0.7249134411885494,ok,
SPOC,KNeighborsRegressor,Mixed transfer,0.33245307885551656,0.5343093116933229,ok,
SPOC,KNeighborsRegressor,Delta learning,0.2490316144986212,0.613830231102409,ok,
SPOC,SVR,Mixed transfer,0.5589303633439282,0.4302335939916801,ok,
SPOC,SVR,Delta learning,0.4888675899354269,0.4512262094079622,ok,
SPOC,LinearSVR,Mixed transfer,-1.905895396664537,0.8519044789331343,ok,
SPOC,LinearSVR,Delta learning,-1.412333212287575,1.0028990471148274,ok,
SPOC,DecisionTreeRegressor,Mixed transfer,0.34786057925961633,0.4758452179121422,ok,
SPOC,DecisionTreeRegressor,Delta learning,-0.0026077385034737333,0.5194067708773551,ok,
SPOC,ExtraTreeRegressor,Mixed transfer,0.3547706141443081,0.4541779020821074,ok,
SPOC,ExtraTreeRegressor,Delta learning,-0.005366394878768332,0.5859854414471852,ok,
