split_seed,same_model,same_task_id,same_method_label,same_R2,same_MAE,same_RMSE,same_n_test_total,different_model,different_task_id,different_method_label,different_R2,different_MAE,different_RMSE,different_n_test_total,delta_R2_same_minus_different
0,HistGradientBoostingRegressor,ru_ahk_inner_to_ru_aho_inner,Mixed transfer,0.7522120221356627,0.33352758293550866,0.4707637024584795,98,RandomForestRegressor,ru_ahk_outer_to_ru_aho_inner,Mixed transfer,0.6874577845401977,0.3776495081385249,0.5287096013231289,98,0.06475423759546506
1,HistGradientBoostingRegressor,ru_ahk_inner_to_ru_aho_inner,Mixed transfer,0.6608282233929209,0.3876475812233297,0.5507730825424861,98,RandomForestRegressor,ru_ahk_outer_to_ru_aho_inner,Mixed transfer,0.671215476875333,0.3947916650053453,0.5422736938593087,98,-0.010387253482412095
2,HistGradientBoostingRegressor,ru_ahk_inner_to_ru_aho_inner,Mixed transfer,0.7258913029536558,0.3457209847695045,0.4951357239074904,98,RandomForestRegressor,ru_ahk_outer_to_ru_aho_inner,Mixed transfer,0.669245302236898,0.3856182590736005,0.5438959997734613,98,0.05664600071675774
3,HistGradientBoostingRegressor,ru_ahk_inner_to_ru_aho_inner,Mixed transfer,0.717988220369856,0.3389290859189406,0.5022228620408543,98,RandomForestRegressor,ru_ahk_outer_to_ru_aho_inner,Mixed transfer,0.7051736789573348,0.36915561719390133,0.5135065418063922,98,0.012814541412521141
4,HistGradientBoostingRegressor,ru_ahk_inner_to_ru_aho_inner,Mixed transfer,0.6777994073992403,0.3783785020499918,0.536816704344296,98,RandomForestRegressor,ru_ahk_outer_to_ru_aho_inner,Mixed transfer,0.6194781385954956,0.4211765587563918,0.5833815101076273,98,0.058321268803744664
5,HistGradientBoostingRegressor,ru_ahk_inner_to_ru_aho_inner,Mixed transfer,0.691610911075639,0.35476975068471617,0.5251850513685491,98,RandomForestRegressor,ru_ahk_outer_to_ru_aho_inner,Mixed transfer,0.6663131650982816,0.3924337807228747,0.546301496700974,98,0.025297745977357344
6,HistGradientBoostingRegressor,ru_ahk_inner_to_ru_aho_inner,Mixed transfer,0.7348801742404696,0.3478712378194347,0.4869495366125183,98,RandomForestRegressor,ru_ahk_outer_to_ru_aho_inner,Mixed transfer,0.6826907744875631,0.3790012600954202,0.5327263806211114,98,0.052189399752906485
7,HistGradientBoostingRegressor,ru_ahk_inner_to_ru_aho_inner,Mixed transfer,0.7004399409716052,0.3507462621346963,0.5176125620930208,98,RandomForestRegressor,ru_ahk_outer_to_ru_aho_inner,Mixed transfer,0.6996411956365676,0.359079585436258,0.5183021823790542,98,0.0007987453350376539
8,HistGradientBoostingRegressor,ru_ahk_inner_to_ru_aho_inner,Mixed transfer,0.7405040593119848,0.33190913962400037,0.4817571160297132,98,RandomForestRegressor,ru_ahk_outer_to_ru_aho_inner,Mixed transfer,0.6942387976457467,0.3795724032028621,0.5229426252947788,98,0.04626526166623812
9,HistGradientBoostingRegressor,ru_ahk_inner_to_ru_aho_inner,Mixed transfer,0.7278556414633428,0.3333230804876388,0.4933583944072385,98,RandomForestRegressor,ru_ahk_outer_to_ru_aho_inner,Mixed transfer,0.6654334642168698,0.390527616415944,0.5470211319014309,98,0.06242217724647303
10,HistGradientBoostingRegressor,ru_ahk_inner_to_ru_aho_inner,Mixed transfer,0.6439373411081237,0.3715006185478375,0.5643208147762953,98,RandomForestRegressor,ru_ahk_outer_to_ru_aho_inner,Mixed transfer,0.6165335720375282,0.4102679332252891,0.5856343311150576,98,0.027403769070595496
11,HistGradientBoostingRegressor,ru_ahk_inner_to_ru_aho_inner,Mixed transfer,0.6215201614894394,0.3727053903304039,0.5818140825366491,98,RandomForestRegressor,ru_ahk_outer_to_ru_aho_inner,Mixed transfer,0.6836722487417185,0.37618940629476655,0.5319018502796601,98,-0.062152087252279054
12,HistGradientBoostingRegressor,ru_ahk_inner_to_ru_aho_inner,Mixed transfer,0.713672998958541,0.33755603210874785,0.506050672495677,98,RandomForestRegressor,ru_ahk_outer_to_ru_aho_inner,Mixed transfer,0.6850280856901835,0.3833992609030934,0.5307607132670481,98,0.028644913268357497
13,HistGradientBoostingRegressor,ru_ahk_inner_to_ru_aho_inner,Mixed transfer,0.755245592887345,0.31265977224134844,0.46787314078852515,98,RandomForestRegressor,ru_ahk_outer_to_ru_aho_inner,Mixed transfer,0.7095371580308524,0.35885311141965,0.5096923851231769,98,0.045708434856492675
14,HistGradientBoostingRegressor,ru_ahk_inner_to_ru_aho_inner,Mixed transfer,0.6969350416242033,0.3599162981016349,0.5206318300965076,98,RandomForestRegressor,ru_ahk_outer_to_ru_aho_inner,Mixed transfer,0.6929967746319294,0.3703721289095453,0.5240036633229641,98,0.003938266992273842
15,HistGradientBoostingRegressor,ru_ahk_inner_to_ru_aho_inner,Mixed transfer,0.7297793768157949,0.35581171905745074,0.4916115748535713,98,RandomForestRegressor,ru_ahk_outer_to_ru_aho_inner,Mixed transfer,0.6947504972398607,0.37466811646528775,0.5225048627935315,98,0.035028879575934146
16,HistGradientBoostingRegressor,ru_ahk_inner_to_ru_aho_inner,Mixed transfer,0.719527658144859,0.3628828127880011,0.500850226408951,98,RandomForestRegressor,ru_ahk_outer_to_ru_aho_inner,Mixed transfer,0.6874753869224064,0.383856084127495,0.5286947126472005,98,0.03205227122245258
17,HistGradientBoostingRegressor,ru_ahk_inner_to_ru_aho_inner,Mixed transfer,0.6960777632791502,0.3566950770378992,0.5213676644393932,98,RandomForestRegressor,ru_ahk_outer_to_ru_aho_inner,Mixed transfer,0.6261107728693089,0.4160500284952066,0.5782748838769206,98,0.06996699040984122
18,HistGradientBoostingRegressor,ru_ahk_inner_to_ru_aho_inner,Mixed transfer,0.7273289380782904,0.3320454726266628,0.4938355821951988,98,RandomForestRegressor,ru_ahk_outer_to_ru_aho_inner,Mixed transfer,0.6491498030070166,0.39913351411292786,0.5601749917301857,98,0.07817913507127372
19,HistGradientBoostingRegressor,ru_ahk_inner_to_ru_aho_inner,Mixed transfer,0.686035812973217,0.36666508762597994,0.5299109699646019,98,RandomForestRegressor,ru_ahk_outer_to_ru_aho_inner,Mixed transfer,0.674658425768699,0.38832664710875564,0.5394269447188987,98,0.011377387204517975
20,HistGradientBoostingRegressor,ru_ahk_inner_to_ru_aho_inner,Mixed transfer,0.7317297971425684,0.333934696908083,0.48983416481617315,98,RandomForestRegressor,ru_ahk_outer_to_ru_aho_inner,Mixed transfer,0.7203048109858975,0.3539163850906653,0.5001558492386835,98,0.011424986156670869
21,HistGradientBoostingRegressor,ru_ahk_inner_to_ru_aho_inner,Mixed transfer,0.726577143598981,0.34373202535370306,0.4945159024816229,98,RandomForestRegressor,ru_ahk_outer_to_ru_aho_inner,Mixed transfer,0.6841378180786087,0.37597274126291497,0.5315102811308925,98,0.04243932552037222
22,HistGradientBoostingRegressor,ru_ahk_inner_to_ru_aho_inner,Mixed transfer,0.7321092217921529,0.3227613092681998,0.4894876467974757,98,RandomForestRegressor,ru_ahk_outer_to_ru_aho_inner,Mixed transfer,0.6853678689591576,0.3746495430335396,0.5304743507919859,98,0.0467413528329953
23,HistGradientBoostingRegressor,ru_ahk_inner_to_ru_aho_inner,Mixed transfer,0.69025833208877,0.3717524252728943,0.5263355088573489,98,RandomForestRegressor,ru_ahk_outer_to_ru_aho_inner,Mixed transfer,0.6742982984180119,0.38645099342060507,0.5397254135948963,98,0.015960033670758045
24,HistGradientBoostingRegressor,ru_ahk_inner_to_ru_aho_inner,Mixed transfer,0.6808896593888181,0.3592750954577182,0.5342361756684052,98,RandomForestRegressor,ru_ahk_outer_to_ru_aho_inner,Mixed transfer,0.6246319168057076,0.4188840027231279,0.5794173898509247,98,0.05625774258311045
25,HistGradientBoostingRegressor,ru_ahk_inner_to_ru_aho_inner,Mixed transfer,0.7180032846395327,0.35316239755097933,0.5022094482010536,98,RandomForestRegressor,ru_ahk_outer_to_ru_aho_inner,Mixed transfer,0.6821402282221045,0.37667001152863805,0.5331883328554985,98,0.03586305641742815
26,HistGradientBoostingRegressor,ru_ahk_inner_to_ru_aho_inner,Mixed transfer,0.7054374835890478,0.3567404430412826,0.5132767527560875,98,RandomForestRegressor,ru_ahk_outer_to_ru_aho_inner,Mixed transfer,0.6706511804746027,0.389830624236977,0.5427388494332476,98,0.03478630311444508
27,HistGradientBoostingRegressor,ru_ahk_inner_to_ru_aho_inner,Mixed transfer,0.7029661198416648,0.3652138161776409,0.5154254375742626,98,RandomForestRegressor,ru_ahk_outer_to_ru_aho_inner,Mixed transfer,0.6830803974022284,0.37935443551085185,0.5323992137064999,98,0.019885722439436426
28,HistGradientBoostingRegressor,ru_ahk_inner_to_ru_aho_inner,Mixed transfer,0.6850156872570108,0.37088497345238947,0.5307711594944375,98,RandomForestRegressor,ru_ahk_outer_to_ru_aho_inner,Mixed transfer,0.6250524932139169,0.40903568105060684,0.5790926984433437,98,0.059963194043093915
29,HistGradientBoostingRegressor,ru_ahk_inner_to_ru_aho_inner,Mixed transfer,0.6737446778474621,0.4022324451278039,0.5401839255139889,98,RandomForestRegressor,ru_ahk_outer_to_ru_aho_inner,Mixed transfer,0.6511316706284854,0.3955069916480157,0.558590604812329,98,0.022613007218976633
30,HistGradientBoostingRegressor,ru_ahk_inner_to_ru_aho_inner,Mixed transfer,0.7418454534909016,0.32911724789624686,0.48051034608451126,98,RandomForestRegressor,ru_ahk_outer_to_ru_aho_inner,Mixed transfer,0.689134785167872,0.370703690451188,0.5272892509584918,98,0.05271066832302962
31,HistGradientBoostingRegressor,ru_ahk_inner_to_ru_aho_inner,Mixed transfer,0.7014524530485293,0.3416575809541774,0.5167370572330384,98,RandomForestRegressor,ru_ahk_outer_to_ru_aho_inner,Mixed transfer,0.6855452381142506,0.3813724081694998,0.5303248062250443,98,0.015907214934278713
32,HistGradientBoostingRegressor,ru_ahk_inner_to_ru_aho_inner,Mixed transfer,0.6033541903697233,0.40858175079319,0.5956131661206681,98,RandomForestRegressor,ru_ahk_outer_to_ru_aho_inner,Mixed transfer,0.605333453219839,0.4372135732132467,0.5941252525821863,98,-0.001979262850115737
33,HistGradientBoostingRegressor,ru_ahk_inner_to_ru_aho_inner,Mixed transfer,0.7343896956283,0.33647772076724825,0.48739976316574307,98,RandomForestRegressor,ru_ahk_outer_to_ru_aho_inner,Mixed transfer,0.7044398590497976,0.37662625708307523,0.5141452010971841,98,0.029949836578502476
34,HistGradientBoostingRegressor,ru_ahk_inner_to_ru_aho_inner,Mixed transfer,0.7163582887489321,0.3421730155571872,0.5036721091954183,98,RandomForestRegressor,ru_ahk_outer_to_ru_aho_inner,Mixed transfer,0.6835295699967645,0.374151167102897,0.5320217931750408,98,0.03282871875216764
35,HistGradientBoostingRegressor,ru_ahk_inner_to_ru_aho_inner,Mixed transfer,0.7399463374200486,0.3292348795033234,0.48227454662179825,98,RandomForestRegressor,ru_ahk_outer_to_ru_aho_inner,Mixed transfer,0.6530955389480739,0.3889696684068433,0.5570161618476,98,0.08685079847197463
36,HistGradientBoostingRegressor,ru_ahk_inner_to_ru_aho_inner,Mixed transfer,0.7126794461858865,0.34736233830879826,0.506927908373289,98,RandomForestRegressor,ru_ahk_outer_to_ru_aho_inner,Mixed transfer,0.675275569840731,0.3775941916160494,0.538915079359661,98,0.03740387634515552
37,HistGradientBoostingRegressor,ru_ahk_inner_to_ru_aho_inner,Mixed transfer,0.687287436302914,0.3506413459910111,0.5288536658290903,98,RandomForestRegressor,ru_ahk_outer_to_ru_aho_inner,Mixed transfer,0.6806323068373239,0.3823169874105906,0.5344515546718916,98,0.006655129465590104
38,HistGradientBoostingRegressor,ru_ahk_inner_to_ru_aho_inner,Mixed transfer,0.6966949288472615,0.35456914522547817,0.5208380327603077,98,RandomForestRegressor,ru_ahk_outer_to_ru_aho_inner,Mixed transfer,0.6535527588975927,0.4046228226819212,0.5566489672709588,98,0.043142169949668796
39,HistGradientBoostingRegressor,ru_ahk_inner_to_ru_aho_inner,Mixed transfer,0.6829886116443827,0.36705121139828156,0.5324763044374715,98,RandomForestRegressor,ru_ahk_outer_to_ru_aho_inner,Mixed transfer,0.6450570241765079,0.3982759123778017,0.5634328278320564,98,0.03793158746787484
40,HistGradientBoostingRegressor,ru_ahk_inner_to_ru_aho_inner,Mixed transfer,0.6979090713082399,0.3447868715634324,0.5197945195566775,98,RandomForestRegressor,ru_ahk_outer_to_ru_aho_inner,Mixed transfer,0.6583235808215876,0.392329398580667,0.552802957115301,98,0.039585490486652275
41,HistGradientBoostingRegressor,ru_ahk_inner_to_ru_aho_inner,Mixed transfer,0.7491982985227709,0.3318769447525279,0.47361788416527106,98,RandomForestRegressor,ru_ahk_outer_to_ru_aho_inner,Mixed transfer,0.7204366861945279,0.3576449596445339,0.5000379245546971,98,0.028761612328242925
42,HistGradientBoostingRegressor,ru_ahk_inner_to_ru_aho_inner,Mixed transfer,0.7029082984069634,0.35252056958565897,0.5154756022020172,98,RandomForestRegressor,ru_ahk_outer_to_ru_aho_inner,Mixed transfer,0.6498062381609025,0.39440565664706645,0.5596507071209117,98,0.0531020602460609
43,HistGradientBoostingRegressor,ru_ahk_inner_to_ru_aho_inner,Mixed transfer,0.6743938019987576,0.35093125604888936,0.5396462775502698,98,RandomForestRegressor,ru_ahk_outer_to_ru_aho_inner,Mixed transfer,0.6733947932977618,0.376513024085354,0.5404735014246489,98,0.000999008700995896
44,HistGradientBoostingRegressor,ru_ahk_inner_to_ru_aho_inner,Mixed transfer,0.7311217688224072,0.34119571874331717,0.49038894964548996,98,RandomForestRegressor,ru_ahk_outer_to_ru_aho_inner,Mixed transfer,0.6503358918817682,0.39004673681751384,0.5592273225867627,98,0.08078587694063899
45,HistGradientBoostingRegressor,ru_ahk_inner_to_ru_aho_inner,Mixed transfer,0.6683982657289373,0.370457428074199,0.5445919916892995,98,RandomForestRegressor,ru_ahk_outer_to_ru_aho_inner,Mixed transfer,0.662222157319249,0.3946451522065279,0.5496401290029529,98,0.006176108409688297
46,HistGradientBoostingRegressor,ru_ahk_inner_to_ru_aho_inner,Mixed transfer,0.7012249427112424,0.3589682466837691,0.5169339113597433,98,RandomForestRegressor,ru_ahk_outer_to_ru_aho_inner,Mixed transfer,0.6834857928609472,0.37670688661987173,0.5320585890060402,98,0.01773914985029512
47,HistGradientBoostingRegressor,ru_ahk_inner_to_ru_aho_inner,Mixed transfer,0.6880525753282027,0.36221007705571057,0.528206275143487,98,RandomForestRegressor,ru_ahk_outer_to_ru_aho_inner,Mixed transfer,0.6094582753322073,0.4215792895243107,0.5910123742587959,98,0.07859429999599543
48,HistGradientBoostingRegressor,ru_ahk_inner_to_ru_aho_inner,Mixed transfer,0.7335766652506851,0.3321415587649082,0.4881451559931275,98,RandomForestRegressor,ru_ahk_outer_to_ru_aho_inner,Mixed transfer,0.7047445148827518,0.36895733555278126,0.5138801489165143,98,0.028832150367933296
49,HistGradientBoostingRegressor,ru_ahk_inner_to_ru_aho_inner,Mixed transfer,0.7188873446884034,0.33867747392318226,0.5014216166347808,98,RandomForestRegressor,ru_ahk_outer_to_ru_aho_inner,Mixed transfer,0.6850712212131436,0.3709463182931676,0.5307243680822802,98,0.03381612347525986
50,HistGradientBoostingRegressor,ru_ahk_inner_to_ru_aho_inner,Mixed transfer,0.6931781311983416,0.3643129432313499,0.5238488676465776,98,RandomForestRegressor,ru_ahk_outer_to_ru_aho_inner,Mixed transfer,0.6470583172976782,0.4008864431151458,0.5618421664310296,98,0.04611981390066344
51,HistGradientBoostingRegressor,ru_ahk_inner_to_ru_aho_inner,Mixed transfer,0.7254691105313671,0.35311543714927557,0.4955168904320111,98,RandomForestRegressor,ru_ahk_outer_to_ru_aho_inner,Mixed transfer,0.6758287401182834,0.38944512179735263,0.5384558609525254,98,0.04964037041308367
52,HistGradientBoostingRegressor,ru_ahk_inner_to_ru_aho_inner,Mixed transfer,0.5754506793496493,0.4073343305184964,0.6162074280522883,98,RandomForestRegressor,ru_ahk_outer_to_ru_aho_inner,Mixed transfer,0.6442989352054348,0.3982962871905957,0.5640341982172339,98,-0.06884825585578547
53,HistGradientBoostingRegressor,ru_ahk_inner_to_ru_aho_inner,Mixed transfer,0.7273664366704824,0.35231479557338585,0.49380162410722234,98,RandomForestRegressor,ru_ahk_outer_to_ru_aho_inner,Mixed transfer,0.6856652213103924,0.3800506441594097,0.5302236213428619,98,0.04170121536008997
54,HistGradientBoostingRegressor,ru_ahk_inner_to_ru_aho_inner,Mixed transfer,0.7047819859830233,0.34318151074071424,0.5138475394197658,98,RandomForestRegressor,ru_ahk_outer_to_ru_aho_inner,Mixed transfer,0.6835395407714704,0.3725163045388072,0.5320134121215226,98,0.02124244521155294
55,HistGradientBoostingRegressor,ru_ahk_inner_to_ru_aho_inner,Mixed transfer,0.6942696648755893,0.37011655561329926,0.5229162285552765,98,RandomForestRegressor,ru_ahk_outer_to_ru_aho_inner,Mixed transfer,0.6678959331754841,0.39977966835867557,0.5450043278319843,98,0.026373731700105152
56,HistGradientBoostingRegressor,ru_ahk_inner_to_ru_aho_inner,Mixed transfer,0.7261591840394324,0.3360219721474097,0.49489372152192057,98,RandomForestRegressor,ru_ahk_outer_to_ru_aho_inner,Mixed transfer,0.6609469967504611,0.40167944328768224,0.5506766374653557,98,0.06521218728897127
57,HistGradientBoostingRegressor,ru_ahk_inner_to_ru_aho_inner,Mixed transfer,0.7267534223508787,0.35034565955073066,0.4943564668330182,98,RandomForestRegressor,ru_ahk_outer_to_ru_aho_inner,Mixed transfer,0.6602921588014756,0.3852768845640175,0.5512081620486693,98,0.06646126354940307
58,HistGradientBoostingRegressor,ru_ahk_inner_to_ru_aho_inner,Mixed transfer,0.7194509246416434,0.3570690516379604,0.5009187347045346,98,RandomForestRegressor,ru_ahk_outer_to_ru_aho_inner,Mixed transfer,0.666662959593469,0.38754834453418385,0.5460150853985954,98,0.0527879650481744
59,HistGradientBoostingRegressor,ru_ahk_inner_to_ru_aho_inner,Mixed transfer,0.43824604410304224,0.4625889551274182,0.708819935875415,98,RandomForestRegressor,ru_ahk_outer_to_ru_aho_inner,Mixed transfer,0.542522117005284,0.45203461911603743,0.6396581024866631,98,-0.10427607290224172
60,HistGradientBoostingRegressor,ru_ahk_inner_to_ru_aho_inner,Mixed transfer,0.7469870087346795,0.35175279175317514,0.47570121934732357,98,RandomForestRegressor,ru_ahk_outer_to_ru_aho_inner,Mixed transfer,0.6759204784256551,0.39556569047486484,0.538379665850362,98,0.07106653030902443
61,HistGradientBoostingRegressor,ru_ahk_inner_to_ru_aho_inner,Mixed transfer,0.6961049552145883,0.3558588456718582,0.5213443405241341,98,RandomForestRegressor,ru_ahk_outer_to_ru_aho_inner,Mixed transfer,0.7093578658881441,0.3649406765622331,0.5098496681367326,98,-0.013252910673555829
62,HistGradientBoostingRegressor,ru_ahk_inner_to_ru_aho_inner,Mixed transfer,0.7128505968282327,0.34873541786366413,0.5067769028843715,98,RandomForestRegressor,ru_ahk_outer_to_ru_aho_inner,Mixed transfer,0.7103188833517382,0.35574343430837646,0.509006053124739,98,0.0025317134764945015
63,HistGradientBoostingRegressor,ru_ahk_inner_to_ru_aho_inner,Mixed transfer,0.7192484662145497,0.36182995923261013,0.5010994462770274,98,RandomForestRegressor,ru_ahk_outer_to_ru_aho_inner,Mixed transfer,0.6832682213352361,0.3855144297466201,0.532241425842017,98,0.035980244879313616
64,HistGradientBoostingRegressor,ru_ahk_inner_to_ru_aho_inner,Mixed transfer,0.706798162226246,0.3385019819104661,0.51208988565573,98,RandomForestRegressor,ru_ahk_outer_to_ru_aho_inner,Mixed transfer,0.6694926997340973,0.38185049286480954,0.5436925503876581,98,0.03730546249214872
65,HistGradientBoostingRegressor,ru_ahk_inner_to_ru_aho_inner,Mixed transfer,0.7160981204419405,0.35483304509380725,0.5039030510487175,98,RandomForestRegressor,ru_ahk_outer_to_ru_aho_inner,Mixed transfer,0.6578593090720481,0.3950568224796009,0.5531784054286955,98,0.058238811369892396
66,HistGradientBoostingRegressor,ru_ahk_inner_to_ru_aho_inner,Mixed transfer,0.7346825962129566,0.3389366962857357,0.48713095007404933,98,RandomForestRegressor,ru_ahk_outer_to_ru_aho_inner,Mixed transfer,0.6806881632389397,0.3861480455612503,0.5344048156830803,98,0.05399443297401696
67,HistGradientBoostingRegressor,ru_ahk_inner_to_ru_aho_inner,Mixed transfer,0.6770935861192597,0.37832860600014423,0.5374043652359045,98,RandomForestRegressor,ru_ahk_outer_to_ru_aho_inner,Mixed transfer,0.660095152893325,0.39603512418905545,0.5513679692597135,98,0.01699843322593475
68,HistGradientBoostingRegressor,ru_ahk_inner_to_ru_aho_inner,Mixed transfer,0.7077990111844953,0.34894091985082665,0.5112151251865557,98,RandomForestRegressor,ru_ahk_outer_to_ru_aho_inner,Mixed transfer,0.6673700509679177,0.3785289739443497,0.5454356605638454,98,0.0404289602165776
69,HistGradientBoostingRegressor,ru_ahk_inner_to_ru_aho_inner,Mixed transfer,0.7039790276476509,0.36366571439151496,0.5145458673868282,98,RandomForestRegressor,ru_ahk_outer_to_ru_aho_inner,Mixed transfer,0.6803878822151663,0.3829942106959037,0.534656033924186,98,0.023591145432484528
70,HistGradientBoostingRegressor,ru_ahk_inner_to_ru_aho_inner,Mixed transfer,0.7180529123880817,0.3554244191409076,0.5021652550961219,98,RandomForestRegressor,ru_ahk_outer_to_ru_aho_inner,Mixed transfer,0.678732561088443,0.3803050246509476,0.5360387794668843,98,0.03932035129963862
71,HistGradientBoostingRegressor,ru_ahk_inner_to_ru_aho_inner,Mixed transfer,0.6880616848336909,0.3521846856120042,0.5281985627331414,98,RandomForestRegressor,ru_ahk_outer_to_ru_aho_inner,Mixed transfer,0.6654072406306657,0.3781736783859633,0.5470425694530004,98,0.022654444203025204
72,HistGradientBoostingRegressor,ru_ahk_inner_to_ru_aho_inner,Mixed transfer,0.6982474497860083,0.3570560358619477,0.5195033215382248,98,RandomForestRegressor,ru_ahk_outer_to_ru_aho_inner,Mixed transfer,0.666407099955259,0.38005855067537525,0.5462245977052786,98,0.03184034983074924
73,HistGradientBoostingRegressor,ru_ahk_inner_to_ru_aho_inner,Mixed transfer,0.7365233704758739,0.3513487316975845,0.48543814958988984,98,RandomForestRegressor,ru_ahk_outer_to_ru_aho_inner,Mixed transfer,0.6671764698592956,0.39535239591552085,0.5455943514493422,98,0.06934690061657833
74,HistGradientBoostingRegressor,ru_ahk_inner_to_ru_aho_inner,Mixed transfer,0.714950047813105,0.35794867944749603,0.5049208914616367,98,RandomForestRegressor,ru_ahk_outer_to_ru_aho_inner,Mixed transfer,0.6864404886539429,0.3777600245325372,0.5295693526149762,98,0.02850955915916209
75,HistGradientBoostingRegressor,ru_ahk_inner_to_ru_aho_inner,Mixed transfer,0.7251541047703796,0.3495240338815142,0.4958010951079092,98,RandomForestRegressor,ru_ahk_outer_to_ru_aho_inner,Mixed transfer,0.6644667455787592,0.3888209094338249,0.5478108613265237,98,0.06068735919162038
76,HistGradientBoostingRegressor,ru_ahk_inner_to_ru_aho_inner,Mixed transfer,0.7368140640466438,0.33386907036929825,0.48517028390953054,98,RandomForestRegressor,ru_ahk_outer_to_ru_aho_inner,Mixed transfer,0.698758416006528,0.36069760394710215,0.5190632902663183,98,0.03805564804011585
77,HistGradientBoostingRegressor,ru_ahk_inner_to_ru_aho_inner,Mixed transfer,0.711565628458418,0.3346186814099471,0.5079095282737146,98,RandomForestRegressor,ru_ahk_outer_to_ru_aho_inner,Mixed transfer,0.6443195343976691,0.4041307359240738,0.5640178659395939,98,0.06724609406074888
78,HistGradientBoostingRegressor,ru_ahk_inner_to_ru_aho_inner,Mixed transfer,0.7159403558830649,0.3543183030481421,0.5040430413183674,98,RandomForestRegressor,ru_ahk_outer_to_ru_aho_inner,Mixed transfer,0.6856874336218011,0.37793620479387474,0.5302048870171335,98,0.03025292226126386
79,HistGradientBoostingRegressor,ru_ahk_inner_to_ru_aho_inner,Mixed transfer,0.6349612027391436,0.40517561577742617,0.5713896461345925,98,RandomForestRegressor,ru_ahk_outer_to_ru_aho_inner,Mixed transfer,0.6491994787517523,0.4019393946649345,0.56013533364364,98,-0.014238276012608742
80,HistGradientBoostingRegressor,ru_ahk_inner_to_ru_aho_inner,Mixed transfer,0.6994890732022354,0.35068504482953106,0.5184334177680257,98,RandomForestRegressor,ru_ahk_outer_to_ru_aho_inner,Mixed transfer,0.7009447167796969,0.35368816242226664,0.5171762748586621,98,-0.0014556435774615295
81,HistGradientBoostingRegressor,ru_ahk_inner_to_ru_aho_inner,Mixed transfer,0.7061538848376661,0.37274525202002623,0.5126522062928015,98,RandomForestRegressor,ru_ahk_outer_to_ru_aho_inner,Mixed transfer,0.6899547353297486,0.3814865074570234,0.5265933924979214,98,0.016199149507917454
82,HistGradientBoostingRegressor,ru_ahk_inner_to_ru_aho_inner,Mixed transfer,0.7171656868435776,0.3561463971357353,0.5029547363721366,98,RandomForestRegressor,ru_ahk_outer_to_ru_aho_inner,Mixed transfer,0.655971389398729,0.39862148635205186,0.5547025148130599,98,0.06119429744484861
83,HistGradientBoostingRegressor,ru_ahk_inner_to_ru_aho_inner,Mixed transfer,0.568279828238583,0.3980080744644459,0.6213896634132374,98,RandomForestRegressor,ru_ahk_outer_to_ru_aho_inner,Mixed transfer,0.6759085297108529,0.38197494572317103,0.5383895907073187,98,-0.10762870147226988
84,HistGradientBoostingRegressor,ru_ahk_inner_to_ru_aho_inner,Mixed transfer,0.7403648732925545,0.34070639375117634,0.4818862989104057,98,RandomForestRegressor,ru_ahk_outer_to_ru_aho_inner,Mixed transfer,0.6934272608701901,0.3722513637148196,0.5236361500858742,98,0.04693761242236438
85,HistGradientBoostingRegressor,ru_ahk_inner_to_ru_aho_inner,Mixed transfer,0.6905758981481089,0.3564257797229713,0.5260656240228565,98,RandomForestRegressor,ru_ahk_outer_to_ru_aho_inner,Mixed transfer,0.6516720867980828,0.38936273448719877,0.5581577933988681,98,0.038903811350026185
86,HistGradientBoostingRegressor,ru_ahk_inner_to_ru_aho_inner,Mixed transfer,0.7081058386794103,0.3515343334017504,0.5109466523536932,98,RandomForestRegressor,ru_ahk_outer_to_ru_aho_inner,Mixed transfer,0.6772064780645527,0.38053933030371156,0.5373104155261147,98,0.03089936061485765
87,HistGradientBoostingRegressor,ru_ahk_inner_to_ru_aho_inner,Mixed transfer,0.6887133154316001,0.35642549763654235,0.5276465781458851,98,RandomForestRegressor,ru_ahk_outer_to_ru_aho_inner,Mixed transfer,0.7004859006667611,0.3604723294218128,0.5175728534813776,98,-0.011772585235161004
88,HistGradientBoostingRegressor,ru_ahk_inner_to_ru_aho_inner,Mixed transfer,0.4363825615980249,0.45812469420716845,0.7099946316025937,98,RandomForestRegressor,ru_ahk_outer_to_ru_aho_inner,Mixed transfer,0.6010357058725857,0.42629268020833144,0.5973513766190331,98,-0.1646531442745608
89,HistGradientBoostingRegressor,ru_ahk_inner_to_ru_aho_inner,Mixed transfer,0.6369698422747018,0.4017313482638106,0.5698154312318107,98,RandomForestRegressor,ru_ahk_outer_to_ru_aho_inner,Mixed transfer,0.6148742770082438,0.43157773360190915,0.5869000106236666,98,0.02209556526645795
90,HistGradientBoostingRegressor,ru_ahk_inner_to_ru_aho_inner,Mixed transfer,0.724736101555641,0.34524584127522717,0.4961779748733909,98,RandomForestRegressor,ru_ahk_outer_to_ru_aho_inner,Mixed transfer,0.6853303104397063,0.381325103294463,0.530506011952277,98,0.039405791115934785
91,HistGradientBoostingRegressor,ru_ahk_inner_to_ru_aho_inner,Mixed transfer,0.6881228471622696,0.36547868893255736,0.5281467777548291,98,RandomForestRegressor,ru_ahk_outer_to_ru_aho_inner,Mixed transfer,0.680155223575316,0.3783395949515495,0.5348505974425818,98,0.007967623586953576
92,HistGradientBoostingRegressor,ru_ahk_inner_to_ru_aho_inner,Mixed transfer,0.6922656471136397,0.37834407830544314,0.5246272490730658,98,RandomForestRegressor,ru_ahk_outer_to_ru_aho_inner,Mixed transfer,0.6352408222985351,0.4214469308685536,0.5711707621005073,98,0.057024824815104624
93,HistGradientBoostingRegressor,ru_ahk_inner_to_ru_aho_inner,Mixed transfer,0.712117507137564,0.3409830562873588,0.5074233888318107,98,RandomForestRegressor,ru_ahk_outer_to_ru_aho_inner,Mixed transfer,0.6959249084325788,0.3650050556059973,0.5214987564539977,98,0.01619259870498524
94,HistGradientBoostingRegressor,ru_ahk_inner_to_ru_aho_inner,Mixed transfer,0.716276904524813,0.35125830799780094,0.5037443623624746,98,RandomForestRegressor,ru_ahk_outer_to_ru_aho_inner,Mixed transfer,0.6847244859107056,0.37583040328207373,0.5310164503925935,98,0.0315524186141074
95,HistGradientBoostingRegressor,ru_ahk_inner_to_ru_aho_inner,Mixed transfer,0.7243184901833706,0.3365399637170157,0.49655421570028135,98,RandomForestRegressor,ru_ahk_outer_to_ru_aho_inner,Mixed transfer,0.673644344659106,0.38953280045418825,0.540266980418544,98,0.050674145524264524
96,HistGradientBoostingRegressor,ru_ahk_inner_to_ru_aho_inner,Mixed transfer,0.7436373425174312,0.3204126594061251,0.478839795332995,98,RandomForestRegressor,ru_ahk_outer_to_ru_aho_inner,Mixed transfer,0.713244495155856,0.3540857910835151,0.5064291969929369,98,0.030392847361575215
97,HistGradientBoostingRegressor,ru_ahk_inner_to_ru_aho_inner,Mixed transfer,0.722550894809554,0.35369574256219005,0.4981435579135346,98,RandomForestRegressor,ru_ahk_outer_to_ru_aho_inner,Mixed transfer,0.6513210678300548,0.3988070003584748,0.5584389575414245,98,0.0712298269794992
98,HistGradientBoostingRegressor,ru_ahk_inner_to_ru_aho_inner,Mixed transfer,0.7388617056369929,0.3346099163740968,0.48327923543193724,98,RandomForestRegressor,ru_ahk_outer_to_ru_aho_inner,Mixed transfer,0.7025365236369832,0.36148841857460706,0.5157980294290258,98,0.03632518200000978
99,HistGradientBoostingRegressor,ru_ahk_inner_to_ru_aho_inner,Mixed transfer,0.6682980044837079,0.3860088153066408,0.5446743153609831,98,RandomForestRegressor,ru_ahk_outer_to_ru_aho_inner,Mixed transfer,0.6650199333323474,0.3883864932896948,0.5473590919952422,98,0.0032780711513604732
100,HistGradientBoostingRegressor,ru_ahk_inner_to_ru_aho_inner,Mixed transfer,0.7099653185334838,0.34396437930548834,0.5093165872639892,98,RandomForestRegressor,ru_ahk_outer_to_ru_aho_inner,Mixed transfer,0.6758261354365627,0.38425534832217584,0.5384580241660716,98,0.0341391830969211
