model,"Target-only
Ru-AHO inner","AHK outer -> AHO inner
Mixed","AHK outer -> AHO inner
Delta","AHK inner -> AHO inner
Mixed","AHK inner -> AHO inner
Delta"
ExtraTreesRegressor,0.4275911238865955,0.5732014590181249,0.413899466114352,0.6818130552542941,0.5400688236813365
GradientBoostingRegressor,0.6216549561960976,0.5989373788811767,0.5781409623021697,0.6303138594191212,0.6364706974387011
HistGradientBoostingRegressor,0.5421358986025179,0.6169487663150228,0.6376560957843842,0.7029082984069634,0.5938600036217196
RandomForestRegressor,0.5008918124905893,0.6498062381609024,0.6176347681426153,0.664337713132809,0.6106850466742093
GaussianProcessRegressor,0.02642296303235414,0.07167806879971772,0.02642296303235414,0.055935343288601724,0.026422963032354252
KNeighborsRegressor,0.31017451798442175,0.3305070412480857,0.23986430334149933,0.33686276477013577,0.3917416362818925
SVR,0.48832294240658614,0.5558921470948416,0.5000714826451123,0.48594356021880525,0.48653352741747347
LinearSVR,-0.20530521317908867,-2.404711829601157,-4.5496041089072765,0.23430115412965324,-0.9130113520183956
DecisionTreeRegressor,0.20988500164170398,0.41278983283127724,-0.27277048029160844,0.32387799665304207,-0.04466625809439018
ExtraTreeRegressor,0.24309471879769795,0.3887338301114055,-0.8541454008410001,0.2010203229175057,0.46239434458182604
