target_index,fold_id,y_true,y_pred,selection,display_name,model,method_label,point_color,absolute_error
0,1,4.50050002,2.5539076950128248,baseline,Best target-only baseline,GradientBoostingRegressor,Target-only,#B0B0B0,1.9465923249871748
4,1,3.13437597,2.620195624092866,baseline,Best target-only baseline,GradientBoostingRegressor,Target-only,#B0B0B0,0.5141803459071337
10,1,2.89279432,2.5912616603314764,baseline,Best target-only baseline,GradientBoostingRegressor,Target-only,#B0B0B0,0.3015326596685237
12,1,2.72095293,2.5912616603314764,baseline,Best target-only baseline,GradientBoostingRegressor,Target-only,#B0B0B0,0.12969126966852373
18,1,2.72095293,3.1243918356390123,baseline,Best target-only baseline,GradientBoostingRegressor,Target-only,#B0B0B0,0.4034389056390122
22,1,2.63729647,2.299260006086971,baseline,Best target-only baseline,GradientBoostingRegressor,Target-only,#B0B0B0,0.3380364639130291
26,1,2.49268506,1.816007064172199,baseline,Best target-only baseline,GradientBoostingRegressor,Target-only,#B0B0B0,0.6766779958278009
31,1,2.30450133,1.8487199649473536,baseline,Best target-only baseline,GradientBoostingRegressor,Target-only,#B0B0B0,0.4557813650526463
40,1,2.13954868,2.0319027092022037,baseline,Best target-only baseline,GradientBoostingRegressor,Target-only,#B0B0B0,0.10764597079779614
42,1,2.12255274,2.3798650004857964,baseline,Best target-only baseline,GradientBoostingRegressor,Target-only,#B0B0B0,0.25731226048579625
44,1,2.02174776,1.87597511326444,baseline,Best target-only baseline,GradientBoostingRegressor,Target-only,#B0B0B0,0.14577264673555979
47,1,1.97754867,1.6152041779007174,baseline,Best target-only baseline,GradientBoostingRegressor,Target-only,#B0B0B0,0.36234449209928266
62,1,1.56906465,1.864405572798052,baseline,Best target-only baseline,GradientBoostingRegressor,Target-only,#B0B0B0,0.2953409227980519
64,1,1.53168147,1.4978706026782977,baseline,Best target-only baseline,GradientBoostingRegressor,Target-only,#B0B0B0,0.033810867321702354
73,1,1.39055932,1.4707180952652523,baseline,Best target-only baseline,GradientBoostingRegressor,Target-only,#B0B0B0,0.08015877526525239
75,1,1.36999511,1.3732722048383577,baseline,Best target-only baseline,GradientBoostingRegressor,Target-only,#B0B0B0,0.003277094838357586
81,1,1.00421655,1.045199564941697,baseline,Best target-only baseline,GradientBoostingRegressor,Target-only,#B0B0B0,0.04098301494169698
83,1,0.83956097,0.6246156910016065,baseline,Best target-only baseline,GradientBoostingRegressor,Target-only,#B0B0B0,0.21494527899839344
90,1,0.19433377,0.0663271081976747,baseline,Best target-only baseline,GradientBoostingRegressor,Target-only,#B0B0B0,0.12800666180232528
94,1,0.04739647,1.3243302566634696,baseline,Best target-only baseline,GradientBoostingRegressor,Target-only,#B0B0B0,1.2769337866634696
5,2,3.13437597,3.108226782024662,baseline,Best target-only baseline,GradientBoostingRegressor,Target-only,#B0B0B0,0.026149187975337718
9,2,3.13437597,3.77552536229572,baseline,Best target-only baseline,GradientBoostingRegressor,Target-only,#B0B0B0,0.6411493922957203
11,2,2.81808334,2.6981425466939704,baseline,Best target-only baseline,GradientBoostingRegressor,Target-only,#B0B0B0,0.11994079330602947
15,2,2.72095293,1.882076728711855,baseline,Best target-only baseline,GradientBoostingRegressor,Target-only,#B0B0B0,0.8388762012881452
16,2,2.72095293,3.0217308689532962,baseline,Best target-only baseline,GradientBoostingRegressor,Target-only,#B0B0B0,0.3007779389532961
28,2,2.47786275,2.6230371534806367,baseline,Best target-only baseline,GradientBoostingRegressor,Target-only,#B0B0B0,0.14517440348063682
30,2,2.3515711,2.3712497233178347,baseline,Best target-only baseline,GradientBoostingRegressor,Target-only,#B0B0B0,0.019678623317834543
33,2,2.30450133,2.7027499849824363,baseline,Best target-only baseline,GradientBoostingRegressor,Target-only,#B0B0B0,0.39824865498243645
35,2,2.30450133,3.0513816602251826,baseline,Best target-only baseline,GradientBoostingRegressor,Target-only,#B0B0B0,0.7468803302251827
39,2,2.16934032,1.6554797728202615,baseline,Best target-only baseline,GradientBoostingRegressor,Target-only,#B0B0B0,0.5138605471797384
45,2,2.01889808,2.1201984086225973,baseline,Best target-only baseline,GradientBoostingRegressor,Target-only,#B0B0B0,0.1013003286225973
49,2,1.9607788,0.45539151855164617,baseline,Best target-only baseline,GradientBoostingRegressor,Target-only,#B0B0B0,1.5053872814483538
65,2,1.53168147,1.5102174368217351,baseline,Best target-only baseline,GradientBoostingRegressor,Target-only,#B0B0B0,0.021464033178264952
68,2,1.49260764,1.9787394335375723,baseline,Best target-only baseline,GradientBoostingRegressor,Target-only,#B0B0B0,0.4861317935375724
69,2,1.48763592,1.6545959234381873,baseline,Best target-only baseline,GradientBoostingRegressor,Target-only,#B0B0B0,0.1669600034381873
70,2,1.47570337,1.9349658359860156,baseline,Best target-only baseline,GradientBoostingRegressor,Target-only,#B0B0B0,0.4592624659860156
72,2,1.40708549,1.3993297699866274,baseline,Best target-only baseline,GradientBoostingRegressor,Target-only,#B0B0B0,0.007755720013372658
80,2,1.31904107,1.3244318930651116,baseline,Best target-only baseline,GradientBoostingRegressor,Target-only,#B0B0B0,0.005390823065111627
88,2,0.39647984,1.0911462252375541,baseline,Best target-only baseline,GradientBoostingRegressor,Target-only,#B0B0B0,0.6946663852375541
93,2,0.04819171,0.14931103956550446,baseline,Best target-only baseline,GradientBoostingRegressor,Target-only,#B0B0B0,0.10111932956550446
3,3,3.67873076,2.6320462474604924,baseline,Best target-only baseline,GradientBoostingRegressor,Target-only,#B0B0B0,1.0466845125395077
6,3,3.13437597,1.9956705509312118,baseline,Best target-only baseline,GradientBoostingRegressor,Target-only,#B0B0B0,1.138705419068788
7,3,3.13437597,3.0627999265086503,baseline,Best target-only baseline,GradientBoostingRegressor,Target-only,#B0B0B0,0.0715760434913495
8,3,3.13437597,1.9956705509312118,baseline,Best target-only baseline,GradientBoostingRegressor,Target-only,#B0B0B0,1.138705419068788
13,3,2.72095293,2.5815236423713874,baseline,Best target-only baseline,GradientBoostingRegressor,Target-only,#B0B0B0,0.13942928762861273
17,3,2.72095293,3.8462228575133777,baseline,Best target-only baseline,GradientBoostingRegressor,Target-only,#B0B0B0,1.1252699275133775
19,3,2.72095293,2.7595351257914045,baseline,Best target-only baseline,GradientBoostingRegressor,Target-only,#B0B0B0,0.03858219579140432
24,3,2.49823771,2.5961355554154117,baseline,Best target-only baseline,GradientBoostingRegressor,Target-only,#B0B0B0,0.09789784541541158
25,3,2.49823771,2.395933726393574,baseline,Best target-only baseline,GradientBoostingRegressor,Target-only,#B0B0B0,0.10230398360642612
27,3,2.47786275,2.5016607973859504,baseline,Best target-only baseline,GradientBoostingRegressor,Target-only,#B0B0B0,0.023798047385950483
34,3,2.30450133,2.7462105084543165,baseline,Best target-only baseline,GradientBoostingRegressor,Target-only,#B0B0B0,0.44170917845431656
36,3,2.28957767,2.215541040485478,baseline,Best target-only baseline,GradientBoostingRegressor,Target-only,#B0B0B0,0.07403662951452183
38,3,2.20688949,2.25039093243141,baseline,Best target-only baseline,GradientBoostingRegressor,Target-only,#B0B0B0,0.04350144243141019
53,3,1.84440958,1.7836696494953643,baseline,Best target-only baseline,GradientBoostingRegressor,Target-only,#B0B0B0,0.060739930504635664
55,3,1.80901573,2.035909251093689,baseline,Best target-only baseline,GradientBoostingRegressor,Target-only,#B0B0B0,0.2268935210936891
56,3,1.73731552,2.6218937156022295,baseline,Best target-only baseline,GradientBoostingRegressor,Target-only,#B0B0B0,0.8845781956022296
76,3,1.36999511,0.12438313855265593,baseline,Best target-only baseline,GradientBoostingRegressor,Target-only,#B0B0B0,1.2456119714473441
78,3,1.35390456,1.4207408638812136,baseline,Best target-only baseline,GradientBoostingRegressor,Target-only,#B0B0B0,0.06683630388121364
79,3,1.33471728,1.3305874391115087,baseline,Best target-only baseline,GradientBoostingRegressor,Target-only,#B0B0B0,0.004129840888491332
85,3,0.80254597,0.13809369224128848,baseline,Best target-only baseline,GradientBoostingRegressor,Target-only,#B0B0B0,0.6644522777587116
32,4,2.30450133,2.379616176857783,baseline,Best target-only baseline,GradientBoostingRegressor,Target-only,#B0B0B0,0.07511484685778314
41,4,2.13444943,2.660129936943758,baseline,Best target-only baseline,GradientBoostingRegressor,Target-only,#B0B0B0,0.525680506943758
43,4,2.11117069,1.6058927588934537,baseline,Best target-only baseline,GradientBoostingRegressor,Target-only,#B0B0B0,0.5052779311065461
46,4,2.00941149,2.1812052699998694,baseline,Best target-only baseline,GradientBoostingRegressor,Target-only,#B0B0B0,0.17179377999986922
48,4,1.96551622,2.0228159047208374,baseline,Best target-only baseline,GradientBoostingRegressor,Target-only,#B0B0B0,0.05729968472083735
50,4,1.95650617,1.7449906586200368,baseline,Best target-only baseline,GradientBoostingRegressor,Target-only,#B0B0B0,0.21151551137996316
54,4,1.80901573,2.224705891724291,baseline,Best target-only baseline,GradientBoostingRegressor,Target-only,#B0B0B0,0.41569016172429096
57,4,1.68395754,2.1544330804082086,baseline,Best target-only baseline,GradientBoostingRegressor,Target-only,#B0B0B0,0.4704755404082086
58,4,1.66417952,1.4724329276483619,baseline,Best target-only baseline,GradientBoostingRegressor,Target-only,#B0B0B0,0.19174659235163816
59,4,1.62929332,1.565535062790808,baseline,Best target-only baseline,GradientBoostingRegressor,Target-only,#B0B0B0,0.06375825720919193
61,4,1.57873877,1.3235759703125047,baseline,Best target-only baseline,GradientBoostingRegressor,Target-only,#B0B0B0,0.2551627996874952
63,4,1.56019653,1.3235759703125047,baseline,Best target-only baseline,GradientBoostingRegressor,Target-only,#B0B0B0,0.2366205596874953
66,4,1.51369193,1.5085994066473545,baseline,Best target-only baseline,GradientBoostingRegressor,Target-only,#B0B0B0,0.005092523352645539
67,4,1.51369193,1.4742149461500476,baseline,Best target-only baseline,GradientBoostingRegressor,Target-only,#B0B0B0,0.03947698384995246
77,4,1.36283425,1.0892236905248325,baseline,Best target-only baseline,GradientBoostingRegressor,Target-only,#B0B0B0,0.27361055947516744
84,4,0.80438248,1.1409204222471732,baseline,Best target-only baseline,GradientBoostingRegressor,Target-only,#B0B0B0,0.33653794224717315
95,4,0.0120419,0.3800004437300504,baseline,Best target-only baseline,GradientBoostingRegressor,Target-only,#B0B0B0,0.3679585437300504
96,4,0.0,0.8557166133383153,baseline,Best target-only baseline,GradientBoostingRegressor,Target-only,#B0B0B0,0.8557166133383153
97,4,0.0,0.8384995862572081,baseline,Best target-only baseline,GradientBoostingRegressor,Target-only,#B0B0B0,0.8384995862572081
1,5,4.50050002,3.3935618678635993,baseline,Best target-only baseline,GradientBoostingRegressor,Target-only,#B0B0B0,1.1069381521364003
2,5,3.84937533,3.1376292278073703,baseline,Best target-only baseline,GradientBoostingRegressor,Target-only,#B0B0B0,0.7117461021926297
14,5,2.72095293,2.7240366932587383,baseline,Best target-only baseline,GradientBoostingRegressor,Target-only,#B0B0B0,0.003083763258738159
20,5,2.72095293,2.997689985255946,baseline,Best target-only baseline,GradientBoostingRegressor,Target-only,#B0B0B0,0.27673705525594583
21,5,2.6917632,2.512945383678703,baseline,Best target-only baseline,GradientBoostingRegressor,Target-only,#B0B0B0,0.17881781632129723
23,5,2.61179564,2.1568013768013174,baseline,Best target-only baseline,GradientBoostingRegressor,Target-only,#B0B0B0,0.4549942631986825
29,5,2.47786275,3.2267841596217277,baseline,Best target-only baseline,GradientBoostingRegressor,Target-only,#B0B0B0,0.7489214096217278
37,5,2.26077037,2.2126767961645863,baseline,Best target-only baseline,GradientBoostingRegressor,Target-only,#B0B0B0,0.04809357383541357
51,5,1.94448624,1.8254480435741978,baseline,Best target-only baseline,GradientBoostingRegressor,Target-only,#B0B0B0,0.11903819642580227
52,5,1.88185187,1.726957194018573,baseline,Best target-only baseline,GradientBoostingRegressor,Target-only,#B0B0B0,0.15489467598142692
60,5,1.62929332,2.112455972164194,baseline,Best target-only baseline,GradientBoostingRegressor,Target-only,#B0B0B0,0.48316265216419385
71,5,1.47016368,1.5571097340366882,baseline,Best target-only baseline,GradientBoostingRegressor,Target-only,#B0B0B0,0.0869460540366882
74,5,1.38325909,1.4297680058021045,baseline,Best target-only baseline,GradientBoostingRegressor,Target-only,#B0B0B0,0.04650891580210459
82,5,0.99242206,1.0569375028011683,baseline,Best target-only baseline,GradientBoostingRegressor,Target-only,#B0B0B0,0.06451544280116828
86,5,0.67501313,1.9176643364589918,baseline,Best target-only baseline,GradientBoostingRegressor,Target-only,#B0B0B0,1.2426512064589919
87,5,0.56782018,1.6722300812436657,baseline,Best target-only baseline,GradientBoostingRegressor,Target-only,#B0B0B0,1.1044099012436657
89,5,0.33293116,1.67369444998277,baseline,Best target-only baseline,GradientBoostingRegressor,Target-only,#B0B0B0,1.34076328998277
91,5,0.10866753,1.2722129725740037,baseline,Best target-only baseline,GradientBoostingRegressor,Target-only,#B0B0B0,1.1635454425740037
92,5,0.09139463,0.9793552316470125,baseline,Best target-only baseline,GradientBoostingRegressor,Target-only,#B0B0B0,0.8879606016470125
0,1,4.50050002,2.637453628871727,different_mechanism_transfer,Best different-mechanism transfer,RandomForestRegressor,Mixed transfer,#B56F61,1.8630463911282726
4,1,3.13437597,2.8196675981225234,different_mechanism_transfer,Best different-mechanism transfer,RandomForestRegressor,Mixed transfer,#B56F61,0.31470837187747636
10,1,2.89279432,2.7251929007696503,different_mechanism_transfer,Best different-mechanism transfer,RandomForestRegressor,Mixed transfer,#B56F61,0.16760141923034988
12,1,2.72095293,2.7219639674191414,different_mechanism_transfer,Best different-mechanism transfer,RandomForestRegressor,Mixed transfer,#B56F61,0.0010110374191412141
18,1,2.72095293,2.689751360927857,different_mechanism_transfer,Best different-mechanism transfer,RandomForestRegressor,Mixed transfer,#B56F61,0.031201569072143
22,1,2.63729647,2.35567972248453,different_mechanism_transfer,Best different-mechanism transfer,RandomForestRegressor,Mixed transfer,#B56F61,0.28161674751547006
26,1,2.49268506,1.8456671366611843,different_mechanism_transfer,Best different-mechanism transfer,RandomForestRegressor,Mixed transfer,#B56F61,0.6470179233388156
31,1,2.30450133,1.7840585493028567,different_mechanism_transfer,Best different-mechanism transfer,RandomForestRegressor,Mixed transfer,#B56F61,0.5204427806971432
40,1,2.13954868,2.145207602404939,different_mechanism_transfer,Best different-mechanism transfer,RandomForestRegressor,Mixed transfer,#B56F61,0.005658922404939037
42,1,2.12255274,2.453582596354165,different_mechanism_transfer,Best different-mechanism transfer,RandomForestRegressor,Mixed transfer,#B56F61,0.33102985635416493
44,1,2.02174776,2.052480310090905,different_mechanism_transfer,Best different-mechanism transfer,RandomForestRegressor,Mixed transfer,#B56F61,0.030732550090905253
47,1,1.97754867,1.482999288429303,different_mechanism_transfer,Best different-mechanism transfer,RandomForestRegressor,Mixed transfer,#B56F61,0.49454938157069694
62,1,1.56906465,2.0875044649494745,different_mechanism_transfer,Best different-mechanism transfer,RandomForestRegressor,Mixed transfer,#B56F61,0.5184398149494744
64,1,1.53168147,1.5237176252624307,different_mechanism_transfer,Best different-mechanism transfer,RandomForestRegressor,Mixed transfer,#B56F61,0.007963844737569392
73,1,1.39055932,1.4465447283010155,different_mechanism_transfer,Best different-mechanism transfer,RandomForestRegressor,Mixed transfer,#B56F61,0.055985408301015616
75,1,1.36999511,1.3982053351406842,different_mechanism_transfer,Best different-mechanism transfer,RandomForestRegressor,Mixed transfer,#B56F61,0.028210225140684164
81,1,1.00421655,1.2355575706673867,different_mechanism_transfer,Best different-mechanism transfer,RandomForestRegressor,Mixed transfer,#B56F61,0.2313410206673867
83,1,0.83956097,0.5489133007016175,different_mechanism_transfer,Best different-mechanism transfer,RandomForestRegressor,Mixed transfer,#B56F61,0.2906476692983825
90,1,0.19433377,0.23206976331571127,different_mechanism_transfer,Best different-mechanism transfer,RandomForestRegressor,Mixed transfer,#B56F61,0.037735993315711286
94,1,0.04739647,0.9468790556236815,different_mechanism_transfer,Best different-mechanism transfer,RandomForestRegressor,Mixed transfer,#B56F61,0.8994825856236814
5,2,3.13437597,2.9198312451282544,different_mechanism_transfer,Best different-mechanism transfer,RandomForestRegressor,Mixed transfer,#B56F61,0.21454472487174536
9,2,3.13437597,3.6745979584023623,different_mechanism_transfer,Best different-mechanism transfer,RandomForestRegressor,Mixed transfer,#B56F61,0.5402219884023625
11,2,2.81808334,2.6323440553000017,different_mechanism_transfer,Best different-mechanism transfer,RandomForestRegressor,Mixed transfer,#B56F61,0.18573928469999812
15,2,2.72095293,1.6149093034772795,different_mechanism_transfer,Best different-mechanism transfer,RandomForestRegressor,Mixed transfer,#B56F61,1.1060436265227207
16,2,2.72095293,3.1447277754785263,different_mechanism_transfer,Best different-mechanism transfer,RandomForestRegressor,Mixed transfer,#B56F61,0.4237748454785262
28,2,2.47786275,2.673345606859586,different_mechanism_transfer,Best different-mechanism transfer,RandomForestRegressor,Mixed transfer,#B56F61,0.1954828568595861
30,2,2.3515711,2.412518995340129,different_mechanism_transfer,Best different-mechanism transfer,RandomForestRegressor,Mixed transfer,#B56F61,0.06094789534012879
33,2,2.30450133,2.6833743668174095,different_mechanism_transfer,Best different-mechanism transfer,RandomForestRegressor,Mixed transfer,#B56F61,0.3788730368174096
35,2,2.30450133,2.636470977993403,different_mechanism_transfer,Best different-mechanism transfer,RandomForestRegressor,Mixed transfer,#B56F61,0.3319696479934029
39,2,2.16934032,1.2067611217799612,different_mechanism_transfer,Best different-mechanism transfer,RandomForestRegressor,Mixed transfer,#B56F61,0.9625791982200387
45,2,2.01889808,1.9527227922300006,different_mechanism_transfer,Best different-mechanism transfer,RandomForestRegressor,Mixed transfer,#B56F61,0.06617528776999948
49,2,1.9607788,0.8870496995143068,different_mechanism_transfer,Best different-mechanism transfer,RandomForestRegressor,Mixed transfer,#B56F61,1.0737291004856933
65,2,1.53168147,1.4729339674584179,different_mechanism_transfer,Best different-mechanism transfer,RandomForestRegressor,Mixed transfer,#B56F61,0.05874750254158223
68,2,1.49260764,2.0298242718229456,different_mechanism_transfer,Best different-mechanism transfer,RandomForestRegressor,Mixed transfer,#B56F61,0.5372166318229457
69,2,1.48763592,1.6438063005459795,different_mechanism_transfer,Best different-mechanism transfer,RandomForestRegressor,Mixed transfer,#B56F61,0.15617038054597954
70,2,1.47570337,1.6016308112565725,different_mechanism_transfer,Best different-mechanism transfer,RandomForestRegressor,Mixed transfer,#B56F61,0.12592744125657251
72,2,1.40708549,1.3997840136753497,different_mechanism_transfer,Best different-mechanism transfer,RandomForestRegressor,Mixed transfer,#B56F61,0.007301476324650391
80,2,1.31904107,1.3594500763695576,different_mechanism_transfer,Best different-mechanism transfer,RandomForestRegressor,Mixed transfer,#B56F61,0.04040900636955769
88,2,0.39647984,1.275822959525373,different_mechanism_transfer,Best different-mechanism transfer,RandomForestRegressor,Mixed transfer,#B56F61,0.8793431195253729
93,2,0.04819171,0.29115499771146564,different_mechanism_transfer,Best different-mechanism transfer,RandomForestRegressor,Mixed transfer,#B56F61,0.24296328771146564
3,3,3.67873076,2.2637132821313655,different_mechanism_transfer,Best different-mechanism transfer,RandomForestRegressor,Mixed transfer,#B56F61,1.4150174778686346
6,3,3.13437597,2.446612620498478,different_mechanism_transfer,Best different-mechanism transfer,RandomForestRegressor,Mixed transfer,#B56F61,0.6877633495015218
7,3,3.13437597,2.51397989946973,different_mechanism_transfer,Best different-mechanism transfer,RandomForestRegressor,Mixed transfer,#B56F61,0.6203960705302696
8,3,3.13437597,2.434570295347854,different_mechanism_transfer,Best different-mechanism transfer,RandomForestRegressor,Mixed transfer,#B56F61,0.6998056746521457
13,3,2.72095293,2.255079724999778,different_mechanism_transfer,Best different-mechanism transfer,RandomForestRegressor,Mixed transfer,#B56F61,0.46587320500022233
17,3,2.72095293,2.853494607834516,different_mechanism_transfer,Best different-mechanism transfer,RandomForestRegressor,Mixed transfer,#B56F61,0.13254167783451587
19,3,2.72095293,2.7334424758163296,different_mechanism_transfer,Best different-mechanism transfer,RandomForestRegressor,Mixed transfer,#B56F61,0.01248954581632944
24,3,2.49823771,2.4294032810396997,different_mechanism_transfer,Best different-mechanism transfer,RandomForestRegressor,Mixed transfer,#B56F61,0.06883442896030045
25,3,2.49823771,2.4904789353955676,different_mechanism_transfer,Best different-mechanism transfer,RandomForestRegressor,Mixed transfer,#B56F61,0.007758774604432528
27,3,2.47786275,3.3108190078530235,different_mechanism_transfer,Best different-mechanism transfer,RandomForestRegressor,Mixed transfer,#B56F61,0.8329562578530236
34,3,2.30450133,2.6943997294009048,different_mechanism_transfer,Best different-mechanism transfer,RandomForestRegressor,Mixed transfer,#B56F61,0.38989839940090487
36,3,2.28957767,2.3670279061156183,different_mechanism_transfer,Best different-mechanism transfer,RandomForestRegressor,Mixed transfer,#B56F61,0.07745023611561841
38,3,2.20688949,1.5404635053151454,different_mechanism_transfer,Best different-mechanism transfer,RandomForestRegressor,Mixed transfer,#B56F61,0.6664259846848546
53,3,1.84440958,1.9247431223740217,different_mechanism_transfer,Best different-mechanism transfer,RandomForestRegressor,Mixed transfer,#B56F61,0.08033354237402168
55,3,1.80901573,2.0286288449969305,different_mechanism_transfer,Best different-mechanism transfer,RandomForestRegressor,Mixed transfer,#B56F61,0.21961311499693048
56,3,1.73731552,2.5549047676999983,different_mechanism_transfer,Best different-mechanism transfer,RandomForestRegressor,Mixed transfer,#B56F61,0.8175892476999984
76,3,1.36999511,0.2527592876933594,different_mechanism_transfer,Best different-mechanism transfer,RandomForestRegressor,Mixed transfer,#B56F61,1.1172358223066405
78,3,1.35390456,1.371560207398869,different_mechanism_transfer,Best different-mechanism transfer,RandomForestRegressor,Mixed transfer,#B56F61,0.017655647398869156
79,3,1.33471728,1.3223054543092334,different_mechanism_transfer,Best different-mechanism transfer,RandomForestRegressor,Mixed transfer,#B56F61,0.012411825690766598
85,3,0.80254597,0.2527592876933594,different_mechanism_transfer,Best different-mechanism transfer,RandomForestRegressor,Mixed transfer,#B56F61,0.5497866823066406
32,4,2.30450133,2.4419450829349465,different_mechanism_transfer,Best different-mechanism transfer,RandomForestRegressor,Mixed transfer,#B56F61,0.1374437529349466
41,4,2.13444943,1.7578936684560833,different_mechanism_transfer,Best different-mechanism transfer,RandomForestRegressor,Mixed transfer,#B56F61,0.3765557615439168
43,4,2.11117069,1.667301804668767,different_mechanism_transfer,Best different-mechanism transfer,RandomForestRegressor,Mixed transfer,#B56F61,0.4438688853312327
46,4,2.00941149,2.015642633158514,different_mechanism_transfer,Best different-mechanism transfer,RandomForestRegressor,Mixed transfer,#B56F61,0.00623114315851403
48,4,1.96551622,1.9359072363685044,different_mechanism_transfer,Best different-mechanism transfer,RandomForestRegressor,Mixed transfer,#B56F61,0.029608983631495667
50,4,1.95650617,1.651632255636258,different_mechanism_transfer,Best different-mechanism transfer,RandomForestRegressor,Mixed transfer,#B56F61,0.304873914363742
54,4,1.80901573,2.047099959689319,different_mechanism_transfer,Best different-mechanism transfer,RandomForestRegressor,Mixed transfer,#B56F61,0.23808422968931886
57,4,1.68395754,2.665911499247347,different_mechanism_transfer,Best different-mechanism transfer,RandomForestRegressor,Mixed transfer,#B56F61,0.981953959247347
58,4,1.66417952,1.3902047765280259,different_mechanism_transfer,Best different-mechanism transfer,RandomForestRegressor,Mixed transfer,#B56F61,0.27397474347197415
59,4,1.62929332,1.4715647850342293,different_mechanism_transfer,Best different-mechanism transfer,RandomForestRegressor,Mixed transfer,#B56F61,0.15772853496577066
61,4,1.57873877,1.4089842434974085,different_mechanism_transfer,Best different-mechanism transfer,RandomForestRegressor,Mixed transfer,#B56F61,0.16975452650259149
63,4,1.56019653,1.374440571895974,different_mechanism_transfer,Best different-mechanism transfer,RandomForestRegressor,Mixed transfer,#B56F61,0.185755958104026
66,4,1.51369193,1.302022614398237,different_mechanism_transfer,Best different-mechanism transfer,RandomForestRegressor,Mixed transfer,#B56F61,0.21166931560176305
67,4,1.51369193,1.4113845446787232,different_mechanism_transfer,Best different-mechanism transfer,RandomForestRegressor,Mixed transfer,#B56F61,0.10230738532127681
77,4,1.36283425,1.2971213217989837,different_mechanism_transfer,Best different-mechanism transfer,RandomForestRegressor,Mixed transfer,#B56F61,0.06571292820101626
84,4,0.80438248,1.4130023615444984,different_mechanism_transfer,Best different-mechanism transfer,RandomForestRegressor,Mixed transfer,#B56F61,0.6086198815444984
95,4,0.0120419,0.4873663515229377,different_mechanism_transfer,Best different-mechanism transfer,RandomForestRegressor,Mixed transfer,#B56F61,0.47532445152293773
96,4,0.0,0.7419473261280396,different_mechanism_transfer,Best different-mechanism transfer,RandomForestRegressor,Mixed transfer,#B56F61,0.7419473261280396
97,4,0.0,1.068236489310244,different_mechanism_transfer,Best different-mechanism transfer,RandomForestRegressor,Mixed transfer,#B56F61,1.068236489310244
1,5,4.50050002,2.9369663480572012,different_mechanism_transfer,Best different-mechanism transfer,RandomForestRegressor,Mixed transfer,#B56F61,1.5635336719427984
2,5,3.84937533,2.79902780508583,different_mechanism_transfer,Best different-mechanism transfer,RandomForestRegressor,Mixed transfer,#B56F61,1.0503475249141698
14,5,2.72095293,2.610722583356822,different_mechanism_transfer,Best different-mechanism transfer,RandomForestRegressor,Mixed transfer,#B56F61,0.11023034664317821
20,5,2.72095293,2.6394037854245456,different_mechanism_transfer,Best different-mechanism transfer,RandomForestRegressor,Mixed transfer,#B56F61,0.08154914457545459
21,5,2.6917632,2.6904862943300394,different_mechanism_transfer,Best different-mechanism transfer,RandomForestRegressor,Mixed transfer,#B56F61,0.0012769056699606374
23,5,2.61179564,2.2535788294458885,different_mechanism_transfer,Best different-mechanism transfer,RandomForestRegressor,Mixed transfer,#B56F61,0.3582168105541115
29,5,2.47786275,2.5025860647133067,different_mechanism_transfer,Best different-mechanism transfer,RandomForestRegressor,Mixed transfer,#B56F61,0.0247233147133068
37,5,2.26077037,2.1503459759071273,different_mechanism_transfer,Best different-mechanism transfer,RandomForestRegressor,Mixed transfer,#B56F61,0.11042439409287264
51,5,1.94448624,1.9186398365713202,different_mechanism_transfer,Best different-mechanism transfer,RandomForestRegressor,Mixed transfer,#B56F61,0.02584640342867983
52,5,1.88185187,1.5110166424260294,different_mechanism_transfer,Best different-mechanism transfer,RandomForestRegressor,Mixed transfer,#B56F61,0.3708352275739706
60,5,1.62929332,2.2734907774999975,different_mechanism_transfer,Best different-mechanism transfer,RandomForestRegressor,Mixed transfer,#B56F61,0.6441974574999976
71,5,1.47016368,1.4901481057864092,different_mechanism_transfer,Best different-mechanism transfer,RandomForestRegressor,Mixed transfer,#B56F61,0.019984425786409243
74,5,1.38325909,1.3600862149402033,different_mechanism_transfer,Best different-mechanism transfer,RandomForestRegressor,Mixed transfer,#B56F61,0.023172875059796594
82,5,0.99242206,1.1756776409336642,different_mechanism_transfer,Best different-mechanism transfer,RandomForestRegressor,Mixed transfer,#B56F61,0.18325558093366423
86,5,0.67501313,1.306342656822614,different_mechanism_transfer,Best different-mechanism transfer,RandomForestRegressor,Mixed transfer,#B56F61,0.631329526822614
87,5,0.56782018,1.235061910595359,different_mechanism_transfer,Best different-mechanism transfer,RandomForestRegressor,Mixed transfer,#B56F61,0.6672417305953591
89,5,0.33293116,1.3467388784289045,different_mechanism_transfer,Best different-mechanism transfer,RandomForestRegressor,Mixed transfer,#B56F61,1.0138077184289045
91,5,0.10866753,0.7608827313230734,different_mechanism_transfer,Best different-mechanism transfer,RandomForestRegressor,Mixed transfer,#B56F61,0.6522152013230734
92,5,0.09139463,1.3928877323897353,different_mechanism_transfer,Best different-mechanism transfer,RandomForestRegressor,Mixed transfer,#B56F61,1.3014931023897354
0,1,4.50050002,2.378314209454689,same_mechanism_transfer,Best same-mechanism transfer,HistGradientBoostingRegressor,Mixed transfer,#278579,2.1221858105453104
4,1,3.13437597,3.2500398361954144,same_mechanism_transfer,Best same-mechanism transfer,HistGradientBoostingRegressor,Mixed transfer,#278579,0.11566386619541458
10,1,2.89279432,2.418837601182187,same_mechanism_transfer,Best same-mechanism transfer,HistGradientBoostingRegressor,Mixed transfer,#278579,0.4739567188178131
12,1,2.72095293,2.4634084426417906,same_mechanism_transfer,Best same-mechanism transfer,HistGradientBoostingRegressor,Mixed transfer,#278579,0.25754448735820956
18,1,2.72095293,2.6163437168681107,same_mechanism_transfer,Best same-mechanism transfer,HistGradientBoostingRegressor,Mixed transfer,#278579,0.10460921313188942
22,1,2.63729647,2.2862835947646523,same_mechanism_transfer,Best same-mechanism transfer,HistGradientBoostingRegressor,Mixed transfer,#278579,0.35101287523534763
26,1,2.49268506,1.8168236678906704,same_mechanism_transfer,Best same-mechanism transfer,HistGradientBoostingRegressor,Mixed transfer,#278579,0.6758613921093295
31,1,2.30450133,1.8549526735741084,same_mechanism_transfer,Best same-mechanism transfer,HistGradientBoostingRegressor,Mixed transfer,#278579,0.4495486564258915
40,1,2.13954868,1.9724895161896978,same_mechanism_transfer,Best same-mechanism transfer,HistGradientBoostingRegressor,Mixed transfer,#278579,0.16705916381030206
42,1,2.12255274,2.2827731272719722,same_mechanism_transfer,Best same-mechanism transfer,HistGradientBoostingRegressor,Mixed transfer,#278579,0.16022038727197208
44,1,2.02174776,1.8861252098687362,same_mechanism_transfer,Best same-mechanism transfer,HistGradientBoostingRegressor,Mixed transfer,#278579,0.13562255013126356
47,1,1.97754867,1.5604616951343673,same_mechanism_transfer,Best same-mechanism transfer,HistGradientBoostingRegressor,Mixed transfer,#278579,0.41708697486563273
62,1,1.56906465,1.8861252098687362,same_mechanism_transfer,Best same-mechanism transfer,HistGradientBoostingRegressor,Mixed transfer,#278579,0.31706055986873616
64,1,1.53168147,1.467122022967305,same_mechanism_transfer,Best same-mechanism transfer,HistGradientBoostingRegressor,Mixed transfer,#278579,0.06455944703269512
73,1,1.39055932,1.4312783299130973,same_mechanism_transfer,Best same-mechanism transfer,HistGradientBoostingRegressor,Mixed transfer,#278579,0.040719009913097404
75,1,1.36999511,1.410549584698273,same_mechanism_transfer,Best same-mechanism transfer,HistGradientBoostingRegressor,Mixed transfer,#278579,0.04055447469827289
81,1,1.00421655,1.0620763286168011,same_mechanism_transfer,Best same-mechanism transfer,HistGradientBoostingRegressor,Mixed transfer,#278579,0.05785977861680114
83,1,0.83956097,0.5387025605338459,same_mechanism_transfer,Best same-mechanism transfer,HistGradientBoostingRegressor,Mixed transfer,#278579,0.30085840946615405
90,1,0.19433377,0.021191929569773213,same_mechanism_transfer,Best same-mechanism transfer,HistGradientBoostingRegressor,Mixed transfer,#278579,0.1731418404302268
94,1,0.04739647,0.9266669731865648,same_mechanism_transfer,Best same-mechanism transfer,HistGradientBoostingRegressor,Mixed transfer,#278579,0.8792705031865647
5,2,3.13437597,3.1373501242110895,same_mechanism_transfer,Best same-mechanism transfer,HistGradientBoostingRegressor,Mixed transfer,#278579,0.002974154211089708
9,2,3.13437597,3.4572175341337683,same_mechanism_transfer,Best same-mechanism transfer,HistGradientBoostingRegressor,Mixed transfer,#278579,0.3228415641337685
11,2,2.81808334,2.4376812743795395,same_mechanism_transfer,Best same-mechanism transfer,HistGradientBoostingRegressor,Mixed transfer,#278579,0.3804020656204603
15,2,2.72095293,1.8445202566532337,same_mechanism_transfer,Best same-mechanism transfer,HistGradientBoostingRegressor,Mixed transfer,#278579,0.8764326733467664
16,2,2.72095293,3.1494994604473674,same_mechanism_transfer,Best same-mechanism transfer,HistGradientBoostingRegressor,Mixed transfer,#278579,0.42854653044736724
28,2,2.47786275,2.609287780587647,same_mechanism_transfer,Best same-mechanism transfer,HistGradientBoostingRegressor,Mixed transfer,#278579,0.1314250305876472
30,2,2.3515711,2.2454448212090767,same_mechanism_transfer,Best same-mechanism transfer,HistGradientBoostingRegressor,Mixed transfer,#278579,0.1061262787909234
33,2,2.30450133,2.772799797911677,same_mechanism_transfer,Best same-mechanism transfer,HistGradientBoostingRegressor,Mixed transfer,#278579,0.4682984679116773
35,2,2.30450133,3.0205935136903657,same_mechanism_transfer,Best same-mechanism transfer,HistGradientBoostingRegressor,Mixed transfer,#278579,0.7160921836903658
39,2,2.16934032,2.147181580582355,same_mechanism_transfer,Best same-mechanism transfer,HistGradientBoostingRegressor,Mixed transfer,#278579,0.022158739417645013
45,2,2.01889808,2.114023913877006,same_mechanism_transfer,Best same-mechanism transfer,HistGradientBoostingRegressor,Mixed transfer,#278579,0.09512583387700602
49,2,1.9607788,1.3949377452455394,same_mechanism_transfer,Best same-mechanism transfer,HistGradientBoostingRegressor,Mixed transfer,#278579,0.5658410547544606
65,2,1.53168147,1.4329443326603424,same_mechanism_transfer,Best same-mechanism transfer,HistGradientBoostingRegressor,Mixed transfer,#278579,0.09873713733965772
68,2,1.49260764,2.0532626611040796,same_mechanism_transfer,Best same-mechanism transfer,HistGradientBoostingRegressor,Mixed transfer,#278579,0.5606550211040797
69,2,1.48763592,1.8043692467656625,same_mechanism_transfer,Best same-mechanism transfer,HistGradientBoostingRegressor,Mixed transfer,#278579,0.31673332676566246
70,2,1.47570337,2.221154275786637,same_mechanism_transfer,Best same-mechanism transfer,HistGradientBoostingRegressor,Mixed transfer,#278579,0.745450905786637
72,2,1.40708549,1.411779629758692,same_mechanism_transfer,Best same-mechanism transfer,HistGradientBoostingRegressor,Mixed transfer,#278579,0.004694139758691929
80,2,1.31904107,1.2910848724416326,same_mechanism_transfer,Best same-mechanism transfer,HistGradientBoostingRegressor,Mixed transfer,#278579,0.027956197558367313
88,2,0.39647984,0.8975111612850807,same_mechanism_transfer,Best same-mechanism transfer,HistGradientBoostingRegressor,Mixed transfer,#278579,0.5010313212850808
93,2,0.04819171,0.07379137292297192,same_mechanism_transfer,Best same-mechanism transfer,HistGradientBoostingRegressor,Mixed transfer,#278579,0.025599662922971916
3,3,3.67873076,2.9224435367245776,same_mechanism_transfer,Best same-mechanism transfer,HistGradientBoostingRegressor,Mixed transfer,#278579,0.7562872232754225
6,3,3.13437597,2.7464800813066232,same_mechanism_transfer,Best same-mechanism transfer,HistGradientBoostingRegressor,Mixed transfer,#278579,0.38789588869337654
7,3,3.13437597,2.655188208675024,same_mechanism_transfer,Best same-mechanism transfer,HistGradientBoostingRegressor,Mixed transfer,#278579,0.479187761324976
8,3,3.13437597,2.6268661598134284,same_mechanism_transfer,Best same-mechanism transfer,HistGradientBoostingRegressor,Mixed transfer,#278579,0.5075098101865714
13,3,2.72095293,2.62856575615411,same_mechanism_transfer,Best same-mechanism transfer,HistGradientBoostingRegressor,Mixed transfer,#278579,0.09238717384589012
17,3,2.72095293,2.9648259501381338,same_mechanism_transfer,Best same-mechanism transfer,HistGradientBoostingRegressor,Mixed transfer,#278579,0.2438730201381336
19,3,2.72095293,2.839870633254544,same_mechanism_transfer,Best same-mechanism transfer,HistGradientBoostingRegressor,Mixed transfer,#278579,0.11891770325454365
24,3,2.49823771,2.474788356152529,same_mechanism_transfer,Best same-mechanism transfer,HistGradientBoostingRegressor,Mixed transfer,#278579,0.023449353847471155
25,3,2.49823771,3.2752465296583586,same_mechanism_transfer,Best same-mechanism transfer,HistGradientBoostingRegressor,Mixed transfer,#278579,0.7770088196583584
27,3,2.47786275,2.8321295555764365,same_mechanism_transfer,Best same-mechanism transfer,HistGradientBoostingRegressor,Mixed transfer,#278579,0.35426680557643664
34,3,2.30450133,2.8535586017388814,same_mechanism_transfer,Best same-mechanism transfer,HistGradientBoostingRegressor,Mixed transfer,#278579,0.5490572717388815
36,3,2.28957767,2.3140432358334015,same_mechanism_transfer,Best same-mechanism transfer,HistGradientBoostingRegressor,Mixed transfer,#278579,0.024465565833401648
38,3,2.20688949,2.1787817676715,same_mechanism_transfer,Best same-mechanism transfer,HistGradientBoostingRegressor,Mixed transfer,#278579,0.028107722328500007
53,3,1.84440958,1.861341378563372,same_mechanism_transfer,Best same-mechanism transfer,HistGradientBoostingRegressor,Mixed transfer,#278579,0.016931798563371903
55,3,1.80901573,2.0241286441698256,same_mechanism_transfer,Best same-mechanism transfer,HistGradientBoostingRegressor,Mixed transfer,#278579,0.2151129141698256
56,3,1.73731552,3.228671381885701,same_mechanism_transfer,Best same-mechanism transfer,HistGradientBoostingRegressor,Mixed transfer,#278579,1.4913558618857012
76,3,1.36999511,0.3142457045942246,same_mechanism_transfer,Best same-mechanism transfer,HistGradientBoostingRegressor,Mixed transfer,#278579,1.0557494054057754
78,3,1.35390456,1.2744684509455688,same_mechanism_transfer,Best same-mechanism transfer,HistGradientBoostingRegressor,Mixed transfer,#278579,0.0794361090544311
79,3,1.33471728,1.2784134796258697,same_mechanism_transfer,Best same-mechanism transfer,HistGradientBoostingRegressor,Mixed transfer,#278579,0.0563038003741303
85,3,0.80254597,0.12130775710762821,same_mechanism_transfer,Best same-mechanism transfer,HistGradientBoostingRegressor,Mixed transfer,#278579,0.6812382128923719
32,4,2.30450133,2.5441825856220945,same_mechanism_transfer,Best same-mechanism transfer,HistGradientBoostingRegressor,Mixed transfer,#278579,0.23968125562209464
41,4,2.13444943,1.7623586294548648,same_mechanism_transfer,Best same-mechanism transfer,HistGradientBoostingRegressor,Mixed transfer,#278579,0.3720908005451353
43,4,2.11117069,1.9118465070421693,same_mechanism_transfer,Best same-mechanism transfer,HistGradientBoostingRegressor,Mixed transfer,#278579,0.1993241829578305
46,4,2.00941149,2.2802099350744975,same_mechanism_transfer,Best same-mechanism transfer,HistGradientBoostingRegressor,Mixed transfer,#278579,0.27079844507449735
48,4,1.96551622,2.044776892206064,same_mechanism_transfer,Best same-mechanism transfer,HistGradientBoostingRegressor,Mixed transfer,#278579,0.07926067220606381
50,4,1.95650617,1.9118465070421693,same_mechanism_transfer,Best same-mechanism transfer,HistGradientBoostingRegressor,Mixed transfer,#278579,0.04465966295783064
54,4,1.80901573,2.1876413125094216,same_mechanism_transfer,Best same-mechanism transfer,HistGradientBoostingRegressor,Mixed transfer,#278579,0.3786255825094216
57,4,1.68395754,1.9483431167524254,same_mechanism_transfer,Best same-mechanism transfer,HistGradientBoostingRegressor,Mixed transfer,#278579,0.26438557675242547
58,4,1.66417952,1.2583943126861323,same_mechanism_transfer,Best same-mechanism transfer,HistGradientBoostingRegressor,Mixed transfer,#278579,0.4057852073138677
59,4,1.62929332,1.5720036169692546,same_mechanism_transfer,Best same-mechanism transfer,HistGradientBoostingRegressor,Mixed transfer,#278579,0.05728970303074532
61,4,1.57873877,1.7113486755995095,same_mechanism_transfer,Best same-mechanism transfer,HistGradientBoostingRegressor,Mixed transfer,#278579,0.13260990559950958
63,4,1.56019653,1.7113486755995095,same_mechanism_transfer,Best same-mechanism transfer,HistGradientBoostingRegressor,Mixed transfer,#278579,0.1511521455995095
66,4,1.51369193,1.530363936215331,same_mechanism_transfer,Best same-mechanism transfer,HistGradientBoostingRegressor,Mixed transfer,#278579,0.016672006215330937
67,4,1.51369193,1.3646473825811969,same_mechanism_transfer,Best same-mechanism transfer,HistGradientBoostingRegressor,Mixed transfer,#278579,0.14904454741880313
77,4,1.36283425,1.1608695565221894,same_mechanism_transfer,Best same-mechanism transfer,HistGradientBoostingRegressor,Mixed transfer,#278579,0.20196469347781054
84,4,0.80438248,1.5123390189109847,same_mechanism_transfer,Best same-mechanism transfer,HistGradientBoostingRegressor,Mixed transfer,#278579,0.7079565389109846
95,4,0.0120419,0.23004880226869984,same_mechanism_transfer,Best same-mechanism transfer,HistGradientBoostingRegressor,Mixed transfer,#278579,0.21800690226869984
96,4,0.0,0.849611666051786,same_mechanism_transfer,Best same-mechanism transfer,HistGradientBoostingRegressor,Mixed transfer,#278579,0.849611666051786
97,4,0.0,0.7160831787851939,same_mechanism_transfer,Best same-mechanism transfer,HistGradientBoostingRegressor,Mixed transfer,#278579,0.7160831787851939
1,5,4.50050002,2.924717143462803,same_mechanism_transfer,Best same-mechanism transfer,HistGradientBoostingRegressor,Mixed transfer,#278579,1.5757828765371964
2,5,3.84937533,2.6636164415655474,same_mechanism_transfer,Best same-mechanism transfer,HistGradientBoostingRegressor,Mixed transfer,#278579,1.1857588884344525
14,5,2.72095293,2.7110318328286858,same_mechanism_transfer,Best same-mechanism transfer,HistGradientBoostingRegressor,Mixed transfer,#278579,0.009921097171314397
20,5,2.72095293,2.6466200828293167,same_mechanism_transfer,Best same-mechanism transfer,HistGradientBoostingRegressor,Mixed transfer,#278579,0.07433284717068345
21,5,2.6917632,2.4272261652502736,same_mechanism_transfer,Best same-mechanism transfer,HistGradientBoostingRegressor,Mixed transfer,#278579,0.26453703474972645
23,5,2.61179564,2.052228834901001,same_mechanism_transfer,Best same-mechanism transfer,HistGradientBoostingRegressor,Mixed transfer,#278579,0.5595668050989988
29,5,2.47786275,2.3790683180978474,same_mechanism_transfer,Best same-mechanism transfer,HistGradientBoostingRegressor,Mixed transfer,#278579,0.09879443190215254
37,5,2.26077037,2.2122979164018015,same_mechanism_transfer,Best same-mechanism transfer,HistGradientBoostingRegressor,Mixed transfer,#278579,0.048472453598198406
51,5,1.94448624,1.6805636930042442,same_mechanism_transfer,Best same-mechanism transfer,HistGradientBoostingRegressor,Mixed transfer,#278579,0.2639225469957558
52,5,1.88185187,1.9149523091028158,same_mechanism_transfer,Best same-mechanism transfer,HistGradientBoostingRegressor,Mixed transfer,#278579,0.03310043910281579
60,5,1.62929332,2.498541340058572,same_mechanism_transfer,Best same-mechanism transfer,HistGradientBoostingRegressor,Mixed transfer,#278579,0.8692480200585719
71,5,1.47016368,1.4631679536312614,same_mechanism_transfer,Best same-mechanism transfer,HistGradientBoostingRegressor,Mixed transfer,#278579,0.006995726368738575
74,5,1.38325909,1.3372069072587993,same_mechanism_transfer,Best same-mechanism transfer,HistGradientBoostingRegressor,Mixed transfer,#278579,0.0460521827412006
82,5,0.99242206,1.068578951923557,same_mechanism_transfer,Best same-mechanism transfer,HistGradientBoostingRegressor,Mixed transfer,#278579,0.0761568919235569
86,5,0.67501313,0.670074422242865,same_mechanism_transfer,Best same-mechanism transfer,HistGradientBoostingRegressor,Mixed transfer,#278579,0.004938707757135008
87,5,0.56782018,0.7171137883327268,same_mechanism_transfer,Best same-mechanism transfer,HistGradientBoostingRegressor,Mixed transfer,#278579,0.14929360833272676
89,5,0.33293116,0.7953805165112804,same_mechanism_transfer,Best same-mechanism transfer,HistGradientBoostingRegressor,Mixed transfer,#278579,0.4624493565112804
91,5,0.10866753,1.1304945783247005,same_mechanism_transfer,Best same-mechanism transfer,HistGradientBoostingRegressor,Mixed transfer,#278579,1.0218270483247005
92,5,0.09139463,0.7921961828490138,same_mechanism_transfer,Best same-mechanism transfer,HistGradientBoostingRegressor,Mixed transfer,#278579,0.7008015528490138
