target_index,fold_id,y_true,y_pred,selection,display_name,model,method_label,point_color,absolute_error,entry,layer
0,1,4.50050002,2.5539076950128248,baseline,Best target-only baseline,GradientBoostingRegressor,Target-only,#B0B0B0,1.9465923249871748,1,0
1,5,4.50050002,3.3935618678635997,baseline,Best target-only baseline,GradientBoostingRegressor,Target-only,#B0B0B0,1.1069381521364,2,0
2,5,3.84937533,3.1376292278073703,baseline,Best target-only baseline,GradientBoostingRegressor,Target-only,#B0B0B0,0.7117461021926297,3,0
3,3,3.67873076,2.6320462474604924,baseline,Best target-only baseline,GradientBoostingRegressor,Target-only,#B0B0B0,1.0466845125395077,4,0
4,1,3.13437597,2.620195624092866,baseline,Best target-only baseline,GradientBoostingRegressor,Target-only,#B0B0B0,0.5141803459071337,5,0
5,2,3.13437597,3.108226782024662,baseline,Best target-only baseline,GradientBoostingRegressor,Target-only,#B0B0B0,0.026149187975337718,6,0
6,3,3.13437597,1.995670550931212,baseline,Best target-only baseline,GradientBoostingRegressor,Target-only,#B0B0B0,1.1387054190687877,7,0
7,3,3.13437597,3.0627999265086503,baseline,Best target-only baseline,GradientBoostingRegressor,Target-only,#B0B0B0,0.0715760434913495,8,0
8,3,3.13437597,1.995670550931212,baseline,Best target-only baseline,GradientBoostingRegressor,Target-only,#B0B0B0,1.1387054190687877,9,0
9,2,3.13437597,3.77552536229572,baseline,Best target-only baseline,GradientBoostingRegressor,Target-only,#B0B0B0,0.6411493922957203,10,0
10,1,2.89279432,2.5912616603314764,baseline,Best target-only baseline,GradientBoostingRegressor,Target-only,#B0B0B0,0.3015326596685237,11,0
11,2,2.81808334,2.6981425466939704,baseline,Best target-only baseline,GradientBoostingRegressor,Target-only,#B0B0B0,0.11994079330602947,12,0
12,1,2.72095293,2.5912616603314764,baseline,Best target-only baseline,GradientBoostingRegressor,Target-only,#B0B0B0,0.12969126966852373,13,0
13,3,2.72095293,2.5815236423713874,baseline,Best target-only baseline,GradientBoostingRegressor,Target-only,#B0B0B0,0.13942928762861273,14,0
14,5,2.72095293,2.7240366932587383,baseline,Best target-only baseline,GradientBoostingRegressor,Target-only,#B0B0B0,0.003083763258738159,15,0
15,2,2.72095293,1.882076728711855,baseline,Best target-only baseline,GradientBoostingRegressor,Target-only,#B0B0B0,0.8388762012881452,16,0
16,2,2.72095293,3.021730868953296,baseline,Best target-only baseline,GradientBoostingRegressor,Target-only,#B0B0B0,0.30077793895329563,17,0
17,3,2.72095293,3.8462228575133777,baseline,Best target-only baseline,GradientBoostingRegressor,Target-only,#B0B0B0,1.1252699275133775,18,0
18,1,2.72095293,3.1243918356390123,baseline,Best target-only baseline,GradientBoostingRegressor,Target-only,#B0B0B0,0.4034389056390122,19,0
19,3,2.72095293,2.7595351257914045,baseline,Best target-only baseline,GradientBoostingRegressor,Target-only,#B0B0B0,0.03858219579140432,20,0
20,5,2.72095293,2.997689985255946,baseline,Best target-only baseline,GradientBoostingRegressor,Target-only,#B0B0B0,0.27673705525594583,21,0
21,5,2.6917632,2.512945383678703,baseline,Best target-only baseline,GradientBoostingRegressor,Target-only,#B0B0B0,0.17881781632129723,22,0
22,1,2.63729647,2.299260006086971,baseline,Best target-only baseline,GradientBoostingRegressor,Target-only,#B0B0B0,0.3380364639130291,23,0
23,5,2.61179564,2.156801376801317,baseline,Best target-only baseline,GradientBoostingRegressor,Target-only,#B0B0B0,0.45499426319868297,24,0
24,3,2.49823771,2.596135555415412,baseline,Best target-only baseline,GradientBoostingRegressor,Target-only,#B0B0B0,0.09789784541541202,25,0
25,3,2.49823771,2.395933726393574,baseline,Best target-only baseline,GradientBoostingRegressor,Target-only,#B0B0B0,0.10230398360642612,26,0
26,1,2.49268506,1.816007064172199,baseline,Best target-only baseline,GradientBoostingRegressor,Target-only,#B0B0B0,0.6766779958278009,27,0
27,3,2.47786275,2.5016607973859504,baseline,Best target-only baseline,GradientBoostingRegressor,Target-only,#B0B0B0,0.023798047385950483,28,0
28,2,2.47786275,2.6230371534806367,baseline,Best target-only baseline,GradientBoostingRegressor,Target-only,#B0B0B0,0.14517440348063682,29,0
29,5,2.47786275,3.226784159621728,baseline,Best target-only baseline,GradientBoostingRegressor,Target-only,#B0B0B0,0.7489214096217283,30,0
30,2,2.3515711,2.3712497233178347,baseline,Best target-only baseline,GradientBoostingRegressor,Target-only,#B0B0B0,0.019678623317834543,31,0
31,1,2.30450133,1.8487199649473536,baseline,Best target-only baseline,GradientBoostingRegressor,Target-only,#B0B0B0,0.4557813650526463,32,0
32,4,2.30450133,2.379616176857783,baseline,Best target-only baseline,GradientBoostingRegressor,Target-only,#B0B0B0,0.07511484685778314,33,0
33,2,2.30450133,2.7027499849824363,baseline,Best target-only baseline,GradientBoostingRegressor,Target-only,#B0B0B0,0.39824865498243645,34,0
34,3,2.30450133,2.7462105084543165,baseline,Best target-only baseline,GradientBoostingRegressor,Target-only,#B0B0B0,0.44170917845431656,35,0
35,2,2.30450133,3.051381660225182,baseline,Best target-only baseline,GradientBoostingRegressor,Target-only,#B0B0B0,0.7468803302251823,36,0
36,3,2.28957767,2.215541040485478,baseline,Best target-only baseline,GradientBoostingRegressor,Target-only,#B0B0B0,0.07403662951452183,37,0
37,5,2.26077037,2.2126767961645863,baseline,Best target-only baseline,GradientBoostingRegressor,Target-only,#B0B0B0,0.04809357383541357,38,0
38,3,2.20688949,2.25039093243141,baseline,Best target-only baseline,GradientBoostingRegressor,Target-only,#B0B0B0,0.04350144243141019,39,0
39,2,2.16934032,1.6554797728202617,baseline,Best target-only baseline,GradientBoostingRegressor,Target-only,#B0B0B0,0.5138605471797382,40,0
40,1,2.13954868,2.031902709202204,baseline,Best target-only baseline,GradientBoostingRegressor,Target-only,#B0B0B0,0.1076459707977957,41,0
41,4,2.13444943,2.660129936943758,baseline,Best target-only baseline,GradientBoostingRegressor,Target-only,#B0B0B0,0.525680506943758,42,0
42,1,2.12255274,2.3798650004857964,baseline,Best target-only baseline,GradientBoostingRegressor,Target-only,#B0B0B0,0.25731226048579625,43,0
43,4,2.11117069,1.6058927588934535,baseline,Best target-only baseline,GradientBoostingRegressor,Target-only,#B0B0B0,0.5052779311065463,44,0
44,1,2.02174776,1.87597511326444,baseline,Best target-only baseline,GradientBoostingRegressor,Target-only,#B0B0B0,0.14577264673555979,45,0
45,2,2.01889808,2.1201984086225973,baseline,Best target-only baseline,GradientBoostingRegressor,Target-only,#B0B0B0,0.1013003286225973,46,0
46,4,2.00941149,2.1812052699998694,baseline,Best target-only baseline,GradientBoostingRegressor,Target-only,#B0B0B0,0.17179377999986922,47,0
47,1,1.97754867,1.6152041779007174,baseline,Best target-only baseline,GradientBoostingRegressor,Target-only,#B0B0B0,0.36234449209928266,48,0
48,4,1.96551622,2.0228159047208374,baseline,Best target-only baseline,GradientBoostingRegressor,Target-only,#B0B0B0,0.05729968472083735,49,0
49,2,1.9607788,0.4553915185516461,baseline,Best target-only baseline,GradientBoostingRegressor,Target-only,#B0B0B0,1.5053872814483538,50,0
50,4,1.95650617,1.7449906586200368,baseline,Best target-only baseline,GradientBoostingRegressor,Target-only,#B0B0B0,0.21151551137996316,51,0
51,5,1.94448624,1.8254480435741975,baseline,Best target-only baseline,GradientBoostingRegressor,Target-only,#B0B0B0,0.11903819642580249,52,0
52,5,1.88185187,1.726957194018573,baseline,Best target-only baseline,GradientBoostingRegressor,Target-only,#B0B0B0,0.15489467598142692,53,0
53,3,1.84440958,1.7836696494953643,baseline,Best target-only baseline,GradientBoostingRegressor,Target-only,#B0B0B0,0.060739930504635664,54,0
54,4,1.80901573,2.224705891724291,baseline,Best target-only baseline,GradientBoostingRegressor,Target-only,#B0B0B0,0.41569016172429096,55,0
55,3,1.80901573,2.035909251093689,baseline,Best target-only baseline,GradientBoostingRegressor,Target-only,#B0B0B0,0.2268935210936891,56,0
56,3,1.73731552,2.621893715602229,baseline,Best target-only baseline,GradientBoostingRegressor,Target-only,#B0B0B0,0.8845781956022292,57,0
57,4,1.68395754,2.1544330804082086,baseline,Best target-only baseline,GradientBoostingRegressor,Target-only,#B0B0B0,0.4704755404082086,58,0
58,4,1.66417952,1.472432927648362,baseline,Best target-only baseline,GradientBoostingRegressor,Target-only,#B0B0B0,0.19174659235163793,59,0
59,4,1.62929332,1.565535062790808,baseline,Best target-only baseline,GradientBoostingRegressor,Target-only,#B0B0B0,0.06375825720919193,60,0
60,5,1.62929332,2.112455972164194,baseline,Best target-only baseline,GradientBoostingRegressor,Target-only,#B0B0B0,0.48316265216419385,61,0
61,4,1.57873877,1.3235759703125047,baseline,Best target-only baseline,GradientBoostingRegressor,Target-only,#B0B0B0,0.2551627996874952,62,0
62,1,1.56906465,1.864405572798052,baseline,Best target-only baseline,GradientBoostingRegressor,Target-only,#B0B0B0,0.2953409227980519,63,0
63,4,1.56019653,1.3235759703125047,baseline,Best target-only baseline,GradientBoostingRegressor,Target-only,#B0B0B0,0.2366205596874953,64,0
64,1,1.53168147,1.4978706026782975,baseline,Best target-only baseline,GradientBoostingRegressor,Target-only,#B0B0B0,0.033810867321702576,65,0
65,2,1.53168147,1.5102174368217351,baseline,Best target-only baseline,GradientBoostingRegressor,Target-only,#B0B0B0,0.021464033178264952,66,0
66,4,1.51369193,1.5085994066473545,baseline,Best target-only baseline,GradientBoostingRegressor,Target-only,#B0B0B0,0.005092523352645539,67,0
67,4,1.51369193,1.4742149461500476,baseline,Best target-only baseline,GradientBoostingRegressor,Target-only,#B0B0B0,0.03947698384995246,68,0
68,2,1.49260764,1.9787394335375723,baseline,Best target-only baseline,GradientBoostingRegressor,Target-only,#B0B0B0,0.4861317935375724,69,0
69,2,1.48763592,1.6545959234381873,baseline,Best target-only baseline,GradientBoostingRegressor,Target-only,#B0B0B0,0.1669600034381873,70,0
70,2,1.47570337,1.934965835986016,baseline,Best target-only baseline,GradientBoostingRegressor,Target-only,#B0B0B0,0.45926246598601606,71,0
71,5,1.47016368,1.5571097340366882,baseline,Best target-only baseline,GradientBoostingRegressor,Target-only,#B0B0B0,0.0869460540366882,72,0
72,2,1.40708549,1.3993297699866274,baseline,Best target-only baseline,GradientBoostingRegressor,Target-only,#B0B0B0,0.007755720013372658,73,0
73,1,1.39055932,1.4707180952652523,baseline,Best target-only baseline,GradientBoostingRegressor,Target-only,#B0B0B0,0.08015877526525239,74,0
74,5,1.38325909,1.4297680058021045,baseline,Best target-only baseline,GradientBoostingRegressor,Target-only,#B0B0B0,0.04650891580210459,75,0
75,1,1.36999511,1.3732722048383577,baseline,Best target-only baseline,GradientBoostingRegressor,Target-only,#B0B0B0,0.003277094838357586,76,0
76,3,1.36999511,0.1243831385526559,baseline,Best target-only baseline,GradientBoostingRegressor,Target-only,#B0B0B0,1.2456119714473441,77,0
77,4,1.36283425,1.0892236905248325,baseline,Best target-only baseline,GradientBoostingRegressor,Target-only,#B0B0B0,0.27361055947516744,78,0
78,3,1.35390456,1.4207408638812136,baseline,Best target-only baseline,GradientBoostingRegressor,Target-only,#B0B0B0,0.06683630388121364,79,0
79,3,1.33471728,1.330587439111509,baseline,Best target-only baseline,GradientBoostingRegressor,Target-only,#B0B0B0,0.00412984088849111,80,0
80,2,1.31904107,1.3244318930651116,baseline,Best target-only baseline,GradientBoostingRegressor,Target-only,#B0B0B0,0.005390823065111627,81,0
81,1,1.00421655,1.045199564941697,baseline,Best target-only baseline,GradientBoostingRegressor,Target-only,#B0B0B0,0.04098301494169698,82,0
82,5,0.99242206,1.0569375028011685,baseline,Best target-only baseline,GradientBoostingRegressor,Target-only,#B0B0B0,0.0645154428011685,83,0
83,1,0.83956097,0.6246156910016065,baseline,Best target-only baseline,GradientBoostingRegressor,Target-only,#B0B0B0,0.21494527899839344,84,0
84,4,0.80438248,1.1409204222471732,baseline,Best target-only baseline,GradientBoostingRegressor,Target-only,#B0B0B0,0.33653794224717315,85,0
85,3,0.80254597,0.1380936922412884,baseline,Best target-only baseline,GradientBoostingRegressor,Target-only,#B0B0B0,0.6644522777587116,86,0
86,5,0.67501313,1.917664336458992,baseline,Best target-only baseline,GradientBoostingRegressor,Target-only,#B0B0B0,1.242651206458992,87,0
87,5,0.56782018,1.6722300812436657,baseline,Best target-only baseline,GradientBoostingRegressor,Target-only,#B0B0B0,1.1044099012436657,88,0
88,2,0.39647984,1.091146225237554,baseline,Best target-only baseline,GradientBoostingRegressor,Target-only,#B0B0B0,0.6946663852375539,89,0
89,5,0.33293116,1.67369444998277,baseline,Best target-only baseline,GradientBoostingRegressor,Target-only,#B0B0B0,1.34076328998277,90,0
90,1,0.19433377,0.0663271081976747,baseline,Best target-only baseline,GradientBoostingRegressor,Target-only,#B0B0B0,0.12800666180232528,91,0
91,5,0.10866753,1.2722129725740037,baseline,Best target-only baseline,GradientBoostingRegressor,Target-only,#B0B0B0,1.1635454425740037,92,0
92,5,0.09139463,0.9793552316470124,baseline,Best target-only baseline,GradientBoostingRegressor,Target-only,#B0B0B0,0.8879606016470124,93,0
93,2,0.04819171,0.1493110395655044,baseline,Best target-only baseline,GradientBoostingRegressor,Target-only,#B0B0B0,0.1011193295655044,94,0
94,1,0.04739647,1.3243302566634696,baseline,Best target-only baseline,GradientBoostingRegressor,Target-only,#B0B0B0,1.2769337866634696,95,0
95,4,0.0120419,0.3800004437300504,baseline,Best target-only baseline,GradientBoostingRegressor,Target-only,#B0B0B0,0.3679585437300504,96,0
96,4,0.0,0.8557166133383153,baseline,Best target-only baseline,GradientBoostingRegressor,Target-only,#B0B0B0,0.8557166133383153,97,0
97,4,0.0,0.8384995862572081,baseline,Best target-only baseline,GradientBoostingRegressor,Target-only,#B0B0B0,0.8384995862572081,98,0
0,1,4.50050002,2.6374536288717256,different_mechanism_transfer,Best different-mechanism transfer,RandomForestRegressor,Mixed transfer,#B56F61,1.863046391128274,1,1
1,5,4.50050002,2.9369663480572026,different_mechanism_transfer,Best different-mechanism transfer,RandomForestRegressor,Mixed transfer,#B56F61,1.563533671942797,2,1
2,5,3.84937533,2.7990278050858297,different_mechanism_transfer,Best different-mechanism transfer,RandomForestRegressor,Mixed transfer,#B56F61,1.0503475249141703,3,1
3,3,3.67873076,2.263713282131365,different_mechanism_transfer,Best different-mechanism transfer,RandomForestRegressor,Mixed transfer,#B56F61,1.415017477868635,4,1
4,1,3.13437597,2.819667598122524,different_mechanism_transfer,Best different-mechanism transfer,RandomForestRegressor,Mixed transfer,#B56F61,0.3147083718774759,5,1
5,2,3.13437597,2.919831245128254,different_mechanism_transfer,Best different-mechanism transfer,RandomForestRegressor,Mixed transfer,#B56F61,0.2145447248717458,6,1
6,3,3.13437597,2.446612620498478,different_mechanism_transfer,Best different-mechanism transfer,RandomForestRegressor,Mixed transfer,#B56F61,0.6877633495015218,7,1
7,3,3.13437597,2.51397989946973,different_mechanism_transfer,Best different-mechanism transfer,RandomForestRegressor,Mixed transfer,#B56F61,0.6203960705302696,8,1
8,3,3.13437597,2.4345702953478545,different_mechanism_transfer,Best different-mechanism transfer,RandomForestRegressor,Mixed transfer,#B56F61,0.6998056746521453,9,1
9,2,3.13437597,3.674597958402362,different_mechanism_transfer,Best different-mechanism transfer,RandomForestRegressor,Mixed transfer,#B56F61,0.540221988402362,10,1
10,1,2.89279432,2.72519290076965,different_mechanism_transfer,Best different-mechanism transfer,RandomForestRegressor,Mixed transfer,#B56F61,0.16760141923035032,11,1
11,2,2.81808334,2.632344055300003,different_mechanism_transfer,Best different-mechanism transfer,RandomForestRegressor,Mixed transfer,#B56F61,0.1857392846999968,12,1
12,1,2.72095293,2.7219639674191414,different_mechanism_transfer,Best different-mechanism transfer,RandomForestRegressor,Mixed transfer,#B56F61,0.0010110374191412141,13,1
13,3,2.72095293,2.2550797249997783,different_mechanism_transfer,Best different-mechanism transfer,RandomForestRegressor,Mixed transfer,#B56F61,0.4658732050002219,14,1
14,5,2.72095293,2.610722583356822,different_mechanism_transfer,Best different-mechanism transfer,RandomForestRegressor,Mixed transfer,#B56F61,0.11023034664317821,15,1
15,2,2.72095293,1.61490930347728,different_mechanism_transfer,Best different-mechanism transfer,RandomForestRegressor,Mixed transfer,#B56F61,1.1060436265227203,16,1
16,2,2.72095293,3.1447277754785263,different_mechanism_transfer,Best different-mechanism transfer,RandomForestRegressor,Mixed transfer,#B56F61,0.4237748454785262,17,1
17,3,2.72095293,2.853494607834516,different_mechanism_transfer,Best different-mechanism transfer,RandomForestRegressor,Mixed transfer,#B56F61,0.13254167783451587,18,1
18,1,2.72095293,2.689751360927857,different_mechanism_transfer,Best different-mechanism transfer,RandomForestRegressor,Mixed transfer,#B56F61,0.031201569072143,19,1
19,3,2.72095293,2.7334424758163305,different_mechanism_transfer,Best different-mechanism transfer,RandomForestRegressor,Mixed transfer,#B56F61,0.012489545816330327,20,1
20,5,2.72095293,2.6394037854245447,different_mechanism_transfer,Best different-mechanism transfer,RandomForestRegressor,Mixed transfer,#B56F61,0.08154914457545548,21,1
21,5,2.6917632,2.6904862943300407,different_mechanism_transfer,Best different-mechanism transfer,RandomForestRegressor,Mixed transfer,#B56F61,0.001276905669959305,22,1
22,1,2.63729647,2.3556797224845294,different_mechanism_transfer,Best different-mechanism transfer,RandomForestRegressor,Mixed transfer,#B56F61,0.2816167475154705,23,1
23,5,2.61179564,2.253578829445889,different_mechanism_transfer,Best different-mechanism transfer,RandomForestRegressor,Mixed transfer,#B56F61,0.35821681055411103,24,1
24,3,2.49823771,2.4294032810397,different_mechanism_transfer,Best different-mechanism transfer,RandomForestRegressor,Mixed transfer,#B56F61,0.06883442896030001,25,1
25,3,2.49823771,2.490478935395568,different_mechanism_transfer,Best different-mechanism transfer,RandomForestRegressor,Mixed transfer,#B56F61,0.007758774604432084,26,1
26,1,2.49268506,1.8456671366611843,different_mechanism_transfer,Best different-mechanism transfer,RandomForestRegressor,Mixed transfer,#B56F61,0.6470179233388156,27,1
27,3,2.47786275,3.3108190078530244,different_mechanism_transfer,Best different-mechanism transfer,RandomForestRegressor,Mixed transfer,#B56F61,0.8329562578530245,28,1
28,2,2.47786275,2.673345606859586,different_mechanism_transfer,Best different-mechanism transfer,RandomForestRegressor,Mixed transfer,#B56F61,0.1954828568595861,29,1
29,5,2.47786275,2.502586064713307,different_mechanism_transfer,Best different-mechanism transfer,RandomForestRegressor,Mixed transfer,#B56F61,0.024723314713307243,30,1
30,2,2.3515711,2.412518995340129,different_mechanism_transfer,Best different-mechanism transfer,RandomForestRegressor,Mixed transfer,#B56F61,0.06094789534012879,31,1
31,1,2.30450133,1.784058549302857,different_mechanism_transfer,Best different-mechanism transfer,RandomForestRegressor,Mixed transfer,#B56F61,0.520442780697143,32,1
32,4,2.30450133,2.4419450829349474,different_mechanism_transfer,Best different-mechanism transfer,RandomForestRegressor,Mixed transfer,#B56F61,0.13744375293494748,33,1
33,2,2.30450133,2.683374366817409,different_mechanism_transfer,Best different-mechanism transfer,RandomForestRegressor,Mixed transfer,#B56F61,0.37887303681740914,34,1
34,3,2.30450133,2.6943997294009048,different_mechanism_transfer,Best different-mechanism transfer,RandomForestRegressor,Mixed transfer,#B56F61,0.38989839940090487,35,1
35,2,2.30450133,2.636470977993402,different_mechanism_transfer,Best different-mechanism transfer,RandomForestRegressor,Mixed transfer,#B56F61,0.331969647993402,36,1
36,3,2.28957767,2.3670279061156188,different_mechanism_transfer,Best different-mechanism transfer,RandomForestRegressor,Mixed transfer,#B56F61,0.07745023611561885,37,1
37,5,2.26077037,2.150345975907126,different_mechanism_transfer,Best different-mechanism transfer,RandomForestRegressor,Mixed transfer,#B56F61,0.11042439409287397,38,1
38,3,2.20688949,1.540463505315145,different_mechanism_transfer,Best different-mechanism transfer,RandomForestRegressor,Mixed transfer,#B56F61,0.666425984684855,39,1
39,2,2.16934032,1.2067611217799612,different_mechanism_transfer,Best different-mechanism transfer,RandomForestRegressor,Mixed transfer,#B56F61,0.9625791982200387,40,1
40,1,2.13954868,2.145207602404939,different_mechanism_transfer,Best different-mechanism transfer,RandomForestRegressor,Mixed transfer,#B56F61,0.005658922404939037,41,1
41,4,2.13444943,1.7578936684560826,different_mechanism_transfer,Best different-mechanism transfer,RandomForestRegressor,Mixed transfer,#B56F61,0.37655576154391746,42,1
42,1,2.12255274,2.453582596354165,different_mechanism_transfer,Best different-mechanism transfer,RandomForestRegressor,Mixed transfer,#B56F61,0.33102985635416493,43,1
43,4,2.11117069,1.667301804668767,different_mechanism_transfer,Best different-mechanism transfer,RandomForestRegressor,Mixed transfer,#B56F61,0.4438688853312327,44,1
44,1,2.02174776,2.052480310090905,different_mechanism_transfer,Best different-mechanism transfer,RandomForestRegressor,Mixed transfer,#B56F61,0.030732550090905253,45,1
45,2,2.01889808,1.9527227922300008,different_mechanism_transfer,Best different-mechanism transfer,RandomForestRegressor,Mixed transfer,#B56F61,0.06617528776999926,46,1
46,4,2.00941149,2.015642633158514,different_mechanism_transfer,Best different-mechanism transfer,RandomForestRegressor,Mixed transfer,#B56F61,0.00623114315851403,47,1
47,1,1.97754867,1.4829992884293048,different_mechanism_transfer,Best different-mechanism transfer,RandomForestRegressor,Mixed transfer,#B56F61,0.49454938157069517,48,1
48,4,1.96551622,1.9359072363685048,different_mechanism_transfer,Best different-mechanism transfer,RandomForestRegressor,Mixed transfer,#B56F61,0.029608983631495223,49,1
49,2,1.9607788,0.887049699514307,different_mechanism_transfer,Best different-mechanism transfer,RandomForestRegressor,Mixed transfer,#B56F61,1.0737291004856928,50,1
50,4,1.95650617,1.6516322556362582,different_mechanism_transfer,Best different-mechanism transfer,RandomForestRegressor,Mixed transfer,#B56F61,0.3048739143637418,51,1
51,5,1.94448624,1.9186398365713204,different_mechanism_transfer,Best different-mechanism transfer,RandomForestRegressor,Mixed transfer,#B56F61,0.02584640342867961,52,1
52,5,1.88185187,1.5110166424260294,different_mechanism_transfer,Best different-mechanism transfer,RandomForestRegressor,Mixed transfer,#B56F61,0.3708352275739706,53,1
53,3,1.84440958,1.924743122374022,different_mechanism_transfer,Best different-mechanism transfer,RandomForestRegressor,Mixed transfer,#B56F61,0.0803335423740219,54,1
54,4,1.80901573,2.047099959689319,different_mechanism_transfer,Best different-mechanism transfer,RandomForestRegressor,Mixed transfer,#B56F61,0.23808422968931886,55,1
55,3,1.80901573,2.02862884499693,different_mechanism_transfer,Best different-mechanism transfer,RandomForestRegressor,Mixed transfer,#B56F61,0.21961311499693004,56,1
56,3,1.73731552,2.5549047676999983,different_mechanism_transfer,Best different-mechanism transfer,RandomForestRegressor,Mixed transfer,#B56F61,0.8175892476999984,57,1
57,4,1.68395754,2.6659114992473474,different_mechanism_transfer,Best different-mechanism transfer,RandomForestRegressor,Mixed transfer,#B56F61,0.9819539592473474,58,1
58,4,1.66417952,1.3902047765280257,different_mechanism_transfer,Best different-mechanism transfer,RandomForestRegressor,Mixed transfer,#B56F61,0.27397474347197437,59,1
59,4,1.62929332,1.47156478503423,different_mechanism_transfer,Best different-mechanism transfer,RandomForestRegressor,Mixed transfer,#B56F61,0.15772853496577,60,1
60,5,1.62929332,2.273490777499998,different_mechanism_transfer,Best different-mechanism transfer,RandomForestRegressor,Mixed transfer,#B56F61,0.644197457499998,61,1
61,4,1.57873877,1.408984243497408,different_mechanism_transfer,Best different-mechanism transfer,RandomForestRegressor,Mixed transfer,#B56F61,0.16975452650259193,62,1
62,1,1.56906465,2.087504464949475,different_mechanism_transfer,Best different-mechanism transfer,RandomForestRegressor,Mixed transfer,#B56F61,0.5184398149494749,63,1
63,4,1.56019653,1.3744405718959734,different_mechanism_transfer,Best different-mechanism transfer,RandomForestRegressor,Mixed transfer,#B56F61,0.18575595810402667,64,1
64,1,1.53168147,1.523717625262431,different_mechanism_transfer,Best different-mechanism transfer,RandomForestRegressor,Mixed transfer,#B56F61,0.00796384473756917,65,1
65,2,1.53168147,1.472933967458418,different_mechanism_transfer,Best different-mechanism transfer,RandomForestRegressor,Mixed transfer,#B56F61,0.05874750254158201,66,1
66,4,1.51369193,1.3020226143982367,different_mechanism_transfer,Best different-mechanism transfer,RandomForestRegressor,Mixed transfer,#B56F61,0.21166931560176327,67,1
67,4,1.51369193,1.4113845446787232,different_mechanism_transfer,Best different-mechanism transfer,RandomForestRegressor,Mixed transfer,#B56F61,0.10230738532127681,68,1
68,2,1.49260764,2.029824271822946,different_mechanism_transfer,Best different-mechanism transfer,RandomForestRegressor,Mixed transfer,#B56F61,0.5372166318229461,69,1
69,2,1.48763592,1.643806300545979,different_mechanism_transfer,Best different-mechanism transfer,RandomForestRegressor,Mixed transfer,#B56F61,0.1561703805459791,70,1
70,2,1.47570337,1.6016308112565725,different_mechanism_transfer,Best different-mechanism transfer,RandomForestRegressor,Mixed transfer,#B56F61,0.12592744125657251,71,1
71,5,1.47016368,1.4901481057864092,different_mechanism_transfer,Best different-mechanism transfer,RandomForestRegressor,Mixed transfer,#B56F61,0.019984425786409243,72,1
72,2,1.40708549,1.39978401367535,different_mechanism_transfer,Best different-mechanism transfer,RandomForestRegressor,Mixed transfer,#B56F61,0.007301476324649947,73,1
73,1,1.39055932,1.4465447283010149,different_mechanism_transfer,Best different-mechanism transfer,RandomForestRegressor,Mixed transfer,#B56F61,0.05598540830101495,74,1
74,5,1.38325909,1.360086214940204,different_mechanism_transfer,Best different-mechanism transfer,RandomForestRegressor,Mixed transfer,#B56F61,0.023172875059795928,75,1
75,1,1.36999511,1.3982053351406845,different_mechanism_transfer,Best different-mechanism transfer,RandomForestRegressor,Mixed transfer,#B56F61,0.028210225140684386,76,1
76,3,1.36999511,0.2527592876933595,different_mechanism_transfer,Best different-mechanism transfer,RandomForestRegressor,Mixed transfer,#B56F61,1.1172358223066405,77,1
77,4,1.36283425,1.2971213217989837,different_mechanism_transfer,Best different-mechanism transfer,RandomForestRegressor,Mixed transfer,#B56F61,0.06571292820101626,78,1
78,3,1.35390456,1.3715602073988686,different_mechanism_transfer,Best different-mechanism transfer,RandomForestRegressor,Mixed transfer,#B56F61,0.017655647398868712,79,1
79,3,1.33471728,1.3223054543092334,different_mechanism_transfer,Best different-mechanism transfer,RandomForestRegressor,Mixed transfer,#B56F61,0.012411825690766598,80,1
80,2,1.31904107,1.3594500763695578,different_mechanism_transfer,Best different-mechanism transfer,RandomForestRegressor,Mixed transfer,#B56F61,0.04040900636955791,81,1
81,1,1.00421655,1.2355575706673867,different_mechanism_transfer,Best different-mechanism transfer,RandomForestRegressor,Mixed transfer,#B56F61,0.2313410206673867,82,1
82,5,0.99242206,1.1756776409336644,different_mechanism_transfer,Best different-mechanism transfer,RandomForestRegressor,Mixed transfer,#B56F61,0.18325558093366445,83,1
83,1,0.83956097,0.5489133007016175,different_mechanism_transfer,Best different-mechanism transfer,RandomForestRegressor,Mixed transfer,#B56F61,0.2906476692983825,84,1
84,4,0.80438248,1.4130023615444989,different_mechanism_transfer,Best different-mechanism transfer,RandomForestRegressor,Mixed transfer,#B56F61,0.6086198815444989,85,1
85,3,0.80254597,0.2527592876933595,different_mechanism_transfer,Best different-mechanism transfer,RandomForestRegressor,Mixed transfer,#B56F61,0.5497866823066406,86,1
86,5,0.67501313,1.3063426568226135,different_mechanism_transfer,Best different-mechanism transfer,RandomForestRegressor,Mixed transfer,#B56F61,0.6313295268226136,87,1
87,5,0.56782018,1.2350619105953593,different_mechanism_transfer,Best different-mechanism transfer,RandomForestRegressor,Mixed transfer,#B56F61,0.6672417305953593,88,1
88,2,0.39647984,1.275822959525373,different_mechanism_transfer,Best different-mechanism transfer,RandomForestRegressor,Mixed transfer,#B56F61,0.8793431195253729,89,1
89,5,0.33293116,1.3467388784289052,different_mechanism_transfer,Best different-mechanism transfer,RandomForestRegressor,Mixed transfer,#B56F61,1.0138077184289052,90,1
90,1,0.19433377,0.232069763315711,different_mechanism_transfer,Best different-mechanism transfer,RandomForestRegressor,Mixed transfer,#B56F61,0.03773599331571101,91,1
91,5,0.10866753,0.7608827313230734,different_mechanism_transfer,Best different-mechanism transfer,RandomForestRegressor,Mixed transfer,#B56F61,0.6522152013230734,92,1
92,5,0.09139463,1.3928877323897362,different_mechanism_transfer,Best different-mechanism transfer,RandomForestRegressor,Mixed transfer,#B56F61,1.3014931023897363,93,1
93,2,0.04819171,0.2911549977114656,different_mechanism_transfer,Best different-mechanism transfer,RandomForestRegressor,Mixed transfer,#B56F61,0.24296328771146558,94,1
94,1,0.04739647,0.9468790556236816,different_mechanism_transfer,Best different-mechanism transfer,RandomForestRegressor,Mixed transfer,#B56F61,0.8994825856236816,95,1
95,4,0.0120419,0.4873663515229377,different_mechanism_transfer,Best different-mechanism transfer,RandomForestRegressor,Mixed transfer,#B56F61,0.47532445152293773,96,1
96,4,0.0,0.7419473261280394,different_mechanism_transfer,Best different-mechanism transfer,RandomForestRegressor,Mixed transfer,#B56F61,0.7419473261280394,97,1
97,4,0.0,1.0682364893102445,different_mechanism_transfer,Best different-mechanism transfer,RandomForestRegressor,Mixed transfer,#B56F61,1.0682364893102445,98,1
0,1,4.50050002,2.378314209454689,same_mechanism_transfer,Best same-mechanism transfer,HistGradientBoostingRegressor,Mixed transfer,#278579,2.1221858105453104,1,2
1,5,4.50050002,2.924717143462803,same_mechanism_transfer,Best same-mechanism transfer,HistGradientBoostingRegressor,Mixed transfer,#278579,1.5757828765371964,2,2
2,5,3.84937533,2.6636164415655474,same_mechanism_transfer,Best same-mechanism transfer,HistGradientBoostingRegressor,Mixed transfer,#278579,1.1857588884344525,3,2
3,3,3.67873076,2.9224435367245776,same_mechanism_transfer,Best same-mechanism transfer,HistGradientBoostingRegressor,Mixed transfer,#278579,0.7562872232754225,4,2
4,1,3.13437597,3.2500398361954144,same_mechanism_transfer,Best same-mechanism transfer,HistGradientBoostingRegressor,Mixed transfer,#278579,0.11566386619541458,5,2
5,2,3.13437597,3.137350124211089,same_mechanism_transfer,Best same-mechanism transfer,HistGradientBoostingRegressor,Mixed transfer,#278579,0.002974154211089264,6,2
6,3,3.13437597,2.7464800813066232,same_mechanism_transfer,Best same-mechanism transfer,HistGradientBoostingRegressor,Mixed transfer,#278579,0.38789588869337654,7,2
7,3,3.13437597,2.655188208675024,same_mechanism_transfer,Best same-mechanism transfer,HistGradientBoostingRegressor,Mixed transfer,#278579,0.479187761324976,8,2
8,3,3.13437597,2.6268661598134284,same_mechanism_transfer,Best same-mechanism transfer,HistGradientBoostingRegressor,Mixed transfer,#278579,0.5075098101865714,9,2
9,2,3.13437597,3.4572175341337683,same_mechanism_transfer,Best same-mechanism transfer,HistGradientBoostingRegressor,Mixed transfer,#278579,0.3228415641337685,10,2
10,1,2.89279432,2.418837601182187,same_mechanism_transfer,Best same-mechanism transfer,HistGradientBoostingRegressor,Mixed transfer,#278579,0.4739567188178131,11,2
11,2,2.81808334,2.4376812743795395,same_mechanism_transfer,Best same-mechanism transfer,HistGradientBoostingRegressor,Mixed transfer,#278579,0.3804020656204603,12,2
12,1,2.72095293,2.4634084426417906,same_mechanism_transfer,Best same-mechanism transfer,HistGradientBoostingRegressor,Mixed transfer,#278579,0.25754448735820956,13,2
13,3,2.72095293,2.62856575615411,same_mechanism_transfer,Best same-mechanism transfer,HistGradientBoostingRegressor,Mixed transfer,#278579,0.09238717384589012,14,2
14,5,2.72095293,2.7110318328286858,same_mechanism_transfer,Best same-mechanism transfer,HistGradientBoostingRegressor,Mixed transfer,#278579,0.009921097171314397,15,2
15,2,2.72095293,1.8445202566532335,same_mechanism_transfer,Best same-mechanism transfer,HistGradientBoostingRegressor,Mixed transfer,#278579,0.8764326733467667,16,2
16,2,2.72095293,3.1494994604473674,same_mechanism_transfer,Best same-mechanism transfer,HistGradientBoostingRegressor,Mixed transfer,#278579,0.42854653044736724,17,2
17,3,2.72095293,2.9648259501381338,same_mechanism_transfer,Best same-mechanism transfer,HistGradientBoostingRegressor,Mixed transfer,#278579,0.2438730201381336,18,2
18,1,2.72095293,2.6163437168681107,same_mechanism_transfer,Best same-mechanism transfer,HistGradientBoostingRegressor,Mixed transfer,#278579,0.10460921313188942,19,2
19,3,2.72095293,2.839870633254544,same_mechanism_transfer,Best same-mechanism transfer,HistGradientBoostingRegressor,Mixed transfer,#278579,0.11891770325454365,20,2
20,5,2.72095293,2.6466200828293167,same_mechanism_transfer,Best same-mechanism transfer,HistGradientBoostingRegressor,Mixed transfer,#278579,0.07433284717068345,21,2
21,5,2.6917632,2.4272261652502736,same_mechanism_transfer,Best same-mechanism transfer,HistGradientBoostingRegressor,Mixed transfer,#278579,0.26453703474972645,22,2
22,1,2.63729647,2.2862835947646523,same_mechanism_transfer,Best same-mechanism transfer,HistGradientBoostingRegressor,Mixed transfer,#278579,0.35101287523534763,23,2
23,5,2.61179564,2.052228834901001,same_mechanism_transfer,Best same-mechanism transfer,HistGradientBoostingRegressor,Mixed transfer,#278579,0.5595668050989988,24,2
24,3,2.49823771,2.474788356152529,same_mechanism_transfer,Best same-mechanism transfer,HistGradientBoostingRegressor,Mixed transfer,#278579,0.023449353847471155,25,2
25,3,2.49823771,3.2752465296583586,same_mechanism_transfer,Best same-mechanism transfer,HistGradientBoostingRegressor,Mixed transfer,#278579,0.7770088196583584,26,2
26,1,2.49268506,1.8168236678906704,same_mechanism_transfer,Best same-mechanism transfer,HistGradientBoostingRegressor,Mixed transfer,#278579,0.6758613921093295,27,2
27,3,2.47786275,2.8321295555764365,same_mechanism_transfer,Best same-mechanism transfer,HistGradientBoostingRegressor,Mixed transfer,#278579,0.35426680557643664,28,2
28,2,2.47786275,2.609287780587647,same_mechanism_transfer,Best same-mechanism transfer,HistGradientBoostingRegressor,Mixed transfer,#278579,0.1314250305876472,29,2
29,5,2.47786275,2.379068318097848,same_mechanism_transfer,Best same-mechanism transfer,HistGradientBoostingRegressor,Mixed transfer,#278579,0.09879443190215209,30,2
30,2,2.3515711,2.2454448212090767,same_mechanism_transfer,Best same-mechanism transfer,HistGradientBoostingRegressor,Mixed transfer,#278579,0.1061262787909234,31,2
31,1,2.30450133,1.8549526735741084,same_mechanism_transfer,Best same-mechanism transfer,HistGradientBoostingRegressor,Mixed transfer,#278579,0.4495486564258915,32,2
32,4,2.30450133,2.5441825856220945,same_mechanism_transfer,Best same-mechanism transfer,HistGradientBoostingRegressor,Mixed transfer,#278579,0.23968125562209464,33,2
33,2,2.30450133,2.772799797911677,same_mechanism_transfer,Best same-mechanism transfer,HistGradientBoostingRegressor,Mixed transfer,#278579,0.4682984679116773,34,2
34,3,2.30450133,2.853558601738881,same_mechanism_transfer,Best same-mechanism transfer,HistGradientBoostingRegressor,Mixed transfer,#278579,0.5490572717388811,35,2
35,2,2.30450133,3.0205935136903657,same_mechanism_transfer,Best same-mechanism transfer,HistGradientBoostingRegressor,Mixed transfer,#278579,0.7160921836903658,36,2
36,3,2.28957767,2.314043235833401,same_mechanism_transfer,Best same-mechanism transfer,HistGradientBoostingRegressor,Mixed transfer,#278579,0.024465565833401204,37,2
37,5,2.26077037,2.212297916401801,same_mechanism_transfer,Best same-mechanism transfer,HistGradientBoostingRegressor,Mixed transfer,#278579,0.04847245359819885,38,2
38,3,2.20688949,2.1787817676715,same_mechanism_transfer,Best same-mechanism transfer,HistGradientBoostingRegressor,Mixed transfer,#278579,0.028107722328500007,39,2
39,2,2.16934032,2.147181580582355,same_mechanism_transfer,Best same-mechanism transfer,HistGradientBoostingRegressor,Mixed transfer,#278579,0.022158739417645013,40,2
40,1,2.13954868,1.9724895161896976,same_mechanism_transfer,Best same-mechanism transfer,HistGradientBoostingRegressor,Mixed transfer,#278579,0.16705916381030228,41,2
41,4,2.13444943,1.7623586294548648,same_mechanism_transfer,Best same-mechanism transfer,HistGradientBoostingRegressor,Mixed transfer,#278579,0.3720908005451353,42,2
42,1,2.12255274,2.282773127271972,same_mechanism_transfer,Best same-mechanism transfer,HistGradientBoostingRegressor,Mixed transfer,#278579,0.16022038727197163,43,2
43,4,2.11117069,1.9118465070421693,same_mechanism_transfer,Best same-mechanism transfer,HistGradientBoostingRegressor,Mixed transfer,#278579,0.1993241829578305,44,2
44,1,2.02174776,1.886125209868736,same_mechanism_transfer,Best same-mechanism transfer,HistGradientBoostingRegressor,Mixed transfer,#278579,0.13562255013126379,45,2
45,2,2.01889808,2.114023913877006,same_mechanism_transfer,Best same-mechanism transfer,HistGradientBoostingRegressor,Mixed transfer,#278579,0.09512583387700602,46,2
46,4,2.00941149,2.280209935074497,same_mechanism_transfer,Best same-mechanism transfer,HistGradientBoostingRegressor,Mixed transfer,#278579,0.2707984450744969,47,2
47,1,1.97754867,1.5604616951343673,same_mechanism_transfer,Best same-mechanism transfer,HistGradientBoostingRegressor,Mixed transfer,#278579,0.41708697486563273,48,2
48,4,1.96551622,2.044776892206064,same_mechanism_transfer,Best same-mechanism transfer,HistGradientBoostingRegressor,Mixed transfer,#278579,0.07926067220606381,49,2
49,2,1.9607788,1.3949377452455394,same_mechanism_transfer,Best same-mechanism transfer,HistGradientBoostingRegressor,Mixed transfer,#278579,0.5658410547544606,50,2
50,4,1.95650617,1.9118465070421693,same_mechanism_transfer,Best same-mechanism transfer,HistGradientBoostingRegressor,Mixed transfer,#278579,0.04465966295783064,51,2
51,5,1.94448624,1.6805636930042442,same_mechanism_transfer,Best same-mechanism transfer,HistGradientBoostingRegressor,Mixed transfer,#278579,0.2639225469957558,52,2
52,5,1.88185187,1.914952309102816,same_mechanism_transfer,Best same-mechanism transfer,HistGradientBoostingRegressor,Mixed transfer,#278579,0.033100439102816015,53,2
53,3,1.84440958,1.861341378563372,same_mechanism_transfer,Best same-mechanism transfer,HistGradientBoostingRegressor,Mixed transfer,#278579,0.016931798563371903,54,2
54,4,1.80901573,2.1876413125094216,same_mechanism_transfer,Best same-mechanism transfer,HistGradientBoostingRegressor,Mixed transfer,#278579,0.3786255825094216,55,2
55,3,1.80901573,2.0241286441698256,same_mechanism_transfer,Best same-mechanism transfer,HistGradientBoostingRegressor,Mixed transfer,#278579,0.2151129141698256,56,2
56,3,1.73731552,3.228671381885701,same_mechanism_transfer,Best same-mechanism transfer,HistGradientBoostingRegressor,Mixed transfer,#278579,1.4913558618857012,57,2
57,4,1.68395754,1.9483431167524252,same_mechanism_transfer,Best same-mechanism transfer,HistGradientBoostingRegressor,Mixed transfer,#278579,0.26438557675242524,58,2
58,4,1.66417952,1.2583943126861323,same_mechanism_transfer,Best same-mechanism transfer,HistGradientBoostingRegressor,Mixed transfer,#278579,0.4057852073138677,59,2
59,4,1.62929332,1.5720036169692546,same_mechanism_transfer,Best same-mechanism transfer,HistGradientBoostingRegressor,Mixed transfer,#278579,0.05728970303074532,60,2
60,5,1.62929332,2.498541340058572,same_mechanism_transfer,Best same-mechanism transfer,HistGradientBoostingRegressor,Mixed transfer,#278579,0.8692480200585719,61,2
61,4,1.57873877,1.7113486755995095,same_mechanism_transfer,Best same-mechanism transfer,HistGradientBoostingRegressor,Mixed transfer,#278579,0.13260990559950958,62,2
62,1,1.56906465,1.886125209868736,same_mechanism_transfer,Best same-mechanism transfer,HistGradientBoostingRegressor,Mixed transfer,#278579,0.31706055986873594,63,2
63,4,1.56019653,1.7113486755995095,same_mechanism_transfer,Best same-mechanism transfer,HistGradientBoostingRegressor,Mixed transfer,#278579,0.1511521455995095,64,2
64,1,1.53168147,1.467122022967305,same_mechanism_transfer,Best same-mechanism transfer,HistGradientBoostingRegressor,Mixed transfer,#278579,0.06455944703269512,65,2
65,2,1.53168147,1.4329443326603424,same_mechanism_transfer,Best same-mechanism transfer,HistGradientBoostingRegressor,Mixed transfer,#278579,0.09873713733965772,66,2
66,4,1.51369193,1.530363936215331,same_mechanism_transfer,Best same-mechanism transfer,HistGradientBoostingRegressor,Mixed transfer,#278579,0.016672006215330937,67,2
67,4,1.51369193,1.3646473825811969,same_mechanism_transfer,Best same-mechanism transfer,HistGradientBoostingRegressor,Mixed transfer,#278579,0.14904454741880313,68,2
68,2,1.49260764,2.05326266110408,same_mechanism_transfer,Best same-mechanism transfer,HistGradientBoostingRegressor,Mixed transfer,#278579,0.5606550211040802,69,2
69,2,1.48763592,1.8043692467656625,same_mechanism_transfer,Best same-mechanism transfer,HistGradientBoostingRegressor,Mixed transfer,#278579,0.31673332676566246,70,2
70,2,1.47570337,2.221154275786637,same_mechanism_transfer,Best same-mechanism transfer,HistGradientBoostingRegressor,Mixed transfer,#278579,0.745450905786637,71,2
71,5,1.47016368,1.4631679536312614,same_mechanism_transfer,Best same-mechanism transfer,HistGradientBoostingRegressor,Mixed transfer,#278579,0.006995726368738575,72,2
72,2,1.40708549,1.411779629758692,same_mechanism_transfer,Best same-mechanism transfer,HistGradientBoostingRegressor,Mixed transfer,#278579,0.004694139758691929,73,2
73,1,1.39055932,1.4312783299130971,same_mechanism_transfer,Best same-mechanism transfer,HistGradientBoostingRegressor,Mixed transfer,#278579,0.04071900991309718,74,2
74,5,1.38325909,1.337206907258799,same_mechanism_transfer,Best same-mechanism transfer,HistGradientBoostingRegressor,Mixed transfer,#278579,0.04605218274120082,75,2
75,1,1.36999511,1.410549584698273,same_mechanism_transfer,Best same-mechanism transfer,HistGradientBoostingRegressor,Mixed transfer,#278579,0.04055447469827289,76,2
76,3,1.36999511,0.3142457045942246,same_mechanism_transfer,Best same-mechanism transfer,HistGradientBoostingRegressor,Mixed transfer,#278579,1.0557494054057754,77,2
77,4,1.36283425,1.1608695565221894,same_mechanism_transfer,Best same-mechanism transfer,HistGradientBoostingRegressor,Mixed transfer,#278579,0.20196469347781054,78,2
78,3,1.35390456,1.2744684509455688,same_mechanism_transfer,Best same-mechanism transfer,HistGradientBoostingRegressor,Mixed transfer,#278579,0.0794361090544311,79,2
79,3,1.33471728,1.2784134796258697,same_mechanism_transfer,Best same-mechanism transfer,HistGradientBoostingRegressor,Mixed transfer,#278579,0.0563038003741303,80,2
80,2,1.31904107,1.2910848724416326,same_mechanism_transfer,Best same-mechanism transfer,HistGradientBoostingRegressor,Mixed transfer,#278579,0.027956197558367313,81,2
81,1,1.00421655,1.0620763286168011,same_mechanism_transfer,Best same-mechanism transfer,HistGradientBoostingRegressor,Mixed transfer,#278579,0.05785977861680114,82,2
82,5,0.99242206,1.068578951923557,same_mechanism_transfer,Best same-mechanism transfer,HistGradientBoostingRegressor,Mixed transfer,#278579,0.0761568919235569,83,2
83,1,0.83956097,0.5387025605338459,same_mechanism_transfer,Best same-mechanism transfer,HistGradientBoostingRegressor,Mixed transfer,#278579,0.30085840946615405,84,2
84,4,0.80438248,1.5123390189109849,same_mechanism_transfer,Best same-mechanism transfer,HistGradientBoostingRegressor,Mixed transfer,#278579,0.7079565389109849,85,2
85,3,0.80254597,0.1213077571076282,same_mechanism_transfer,Best same-mechanism transfer,HistGradientBoostingRegressor,Mixed transfer,#278579,0.6812382128923719,86,2
86,5,0.67501313,0.670074422242865,same_mechanism_transfer,Best same-mechanism transfer,HistGradientBoostingRegressor,Mixed transfer,#278579,0.004938707757135008,87,2
87,5,0.56782018,0.7171137883327268,same_mechanism_transfer,Best same-mechanism transfer,HistGradientBoostingRegressor,Mixed transfer,#278579,0.14929360833272676,88,2
88,2,0.39647984,0.8975111612850807,same_mechanism_transfer,Best same-mechanism transfer,HistGradientBoostingRegressor,Mixed transfer,#278579,0.5010313212850808,89,2
89,5,0.33293116,0.7953805165112804,same_mechanism_transfer,Best same-mechanism transfer,HistGradientBoostingRegressor,Mixed transfer,#278579,0.4624493565112804,90,2
90,1,0.19433377,0.0211919295697732,same_mechanism_transfer,Best same-mechanism transfer,HistGradientBoostingRegressor,Mixed transfer,#278579,0.1731418404302268,91,2
91,5,0.10866753,1.1304945783247005,same_mechanism_transfer,Best same-mechanism transfer,HistGradientBoostingRegressor,Mixed transfer,#278579,1.0218270483247005,92,2
92,5,0.09139463,0.7921961828490138,same_mechanism_transfer,Best same-mechanism transfer,HistGradientBoostingRegressor,Mixed transfer,#278579,0.7008015528490138,93,2
93,2,0.04819171,0.0737913729229719,same_mechanism_transfer,Best same-mechanism transfer,HistGradientBoostingRegressor,Mixed transfer,#278579,0.025599662922971902,94,2
94,1,0.04739647,0.9266669731865648,same_mechanism_transfer,Best same-mechanism transfer,HistGradientBoostingRegressor,Mixed transfer,#278579,0.8792705031865647,95,2
95,4,0.0120419,0.2300488022686998,same_mechanism_transfer,Best same-mechanism transfer,HistGradientBoostingRegressor,Mixed transfer,#278579,0.21800690226869981,96,2
96,4,0.0,0.849611666051786,same_mechanism_transfer,Best same-mechanism transfer,HistGradientBoostingRegressor,Mixed transfer,#278579,0.849611666051786,97,2
97,4,0.0,0.7160831787851939,same_mechanism_transfer,Best same-mechanism transfer,HistGradientBoostingRegressor,Mixed transfer,#278579,0.7160831787851939,98,2
