descriptor_id,descriptor,fold_id,reaction_representation_matched_rbf_mmd,mechanism_aligned_rbf_mmd,matched_minus_aligned,matched_is_closer
maccs,MACCS,1,0.3326483881546801,0.3751202231652476,-0.042471835010567505,True
maccs,MACCS,2,0.3319440839456031,0.3751353178655037,-0.043191233919900596,True
maccs,MACCS,3,0.33054630100071475,0.3744531458841338,-0.04390684488341906,True
maccs,MACCS,4,0.33180282813781725,0.37187377865374377,-0.04007095051592652,True
maccs,MACCS,5,0.3348775598613982,0.37634069471252257,-0.04146313485112435,True
spoc,SPOC,1,0.3133192767040641,0.35783154299506836,-0.04451226629100424,True
spoc,SPOC,2,0.3105014791837341,0.3564170512661937,-0.04591557208245961,True
spoc,SPOC,3,0.31051673982863814,0.356063345481079,-0.04554660565244084,True
spoc,SPOC,4,0.3142865610575725,0.35727083944372984,-0.042984278386157315,True
spoc,SPOC,5,0.31443483287610485,0.3584485759537077,-0.04401374307760286,True
