model,aligned_R2,n_repeats,mismatched_R2_mean,mismatched_R2_std,mismatched_R2_median,mismatched_R2_min,mismatched_R2_max,aligned_advantage_mean,aligned_higher_fraction
HistGradientBoostingRegressor,0.7029082984069634,10,0.6197783984777786,0.01930439644273522,0.6205956724544865,0.589952059324666,0.6541348804119318,0.08312989992918486,1.0
ExtraTreesRegressor,0.6818130552542941,10,0.5881697194583626,0.033319484021617614,0.5801017423348807,0.5419400857176873,0.6408455299745841,0.09364333579593154,1.0
RandomForestRegressor,0.6643377131328091,10,0.6426994798868958,0.03500487483477813,0.6467576654601819,0.5744998753902366,0.685300173628212,0.021638233245913262,0.6
GradientBoostingRegressor,0.6364706974387012,10,0.5771524067483852,0.05133936056753731,0.5746368211919451,0.4873987018118898,0.6639428860561649,0.05931829069031602,0.9
SVR,0.48655307091186095,10,0.5321312530401998,0.0072557920116462,0.5306468214083422,0.5232589992253844,0.5442435254114419,-0.04557818212833884,0.0
ExtraTreeRegressor,0.46239434458182604,10,0.3216616702150875,0.1355906423434756,0.3223716880293231,0.07813076466698687,0.5163688874648558,0.14073267436673853,0.8
KNeighborsRegressor,0.3917416362818924,10,0.3339945588884517,0.026946776093168548,0.3335653084377827,0.30731635488368614,0.3969714476734225,0.057747077393440704,0.9
DecisionTreeRegressor,0.32387799665304207,10,0.410728409613229,0.14562992828170226,0.3832503744619428,0.24724141226965735,0.663906474996931,-0.08685041296018692,0.5
LinearSVR,0.23430115412965324,10,-0.87557046479451,0.3559559489130668,-0.9097426080432265,-1.3946723469763858,-0.15377386950962935,1.1098716189241633,1.0
GaussianProcessRegressor,0.055935343288601724,10,0.09240803803707838,0.028699929726600442,0.0874685555335567,0.06361966454052415,0.13182680735744667,-0.036472694748476656,0.0
