analysis_id,source_rule_id,source_label,source_partition,repeat_id,model,method_label,R2,MAE,RMSE,n_test_total,n_source_mean
size_matched_mismatched_repeated,mechanism_mismatched_size_matched,"Mechanism mismatched, size matched",outer,37,GradientBoostingRegressor,Delta learning,0.6639428860561649,0.39307838044950577,0.5482383361115225,98,495.0
size_matched_mismatched_repeated,mechanism_mismatched_size_matched,"Mechanism mismatched, size matched",outer,38,RandomForestRegressor,Mixed transfer,0.6690903873679752,0.38173361211270396,0.5440233565646223,98,495.0
size_matched_mismatched_repeated,mechanism_mismatched_size_matched,"Mechanism mismatched, size matched",outer,39,RandomForestRegressor,Mixed transfer,0.685300173628212,0.3731657217959231,0.5305314153791548,98,495.0
size_matched_mismatched_repeated,mechanism_mismatched_size_matched,"Mechanism mismatched, size matched",outer,40,ExtraTreesRegressor,Delta learning,0.6340204869193262,0.3788334696447234,0.5721254164564233,98,495.0
size_matched_mismatched_repeated,mechanism_mismatched_size_matched,"Mechanism mismatched, size matched",outer,41,RandomForestRegressor,Mixed transfer,0.63641258672756,0.401845119051328,0.5702526002141037,98,495.0
size_matched_mismatched_repeated,mechanism_mismatched_size_matched,"Mechanism mismatched, size matched",outer,42,RandomForestRegressor,Mixed transfer,0.6764814422900829,0.38500905549210845,0.5379135112149221,98,495.0
size_matched_mismatched_repeated,mechanism_mismatched_size_matched,"Mechanism mismatched, size matched",outer,43,RandomForestRegressor,Mixed transfer,0.6246283511329843,0.4207225706373099,0.5794201418268765,98,495.0
size_matched_mismatched_repeated,mechanism_mismatched_size_matched,"Mechanism mismatched, size matched",outer,44,RandomForestRegressor,Delta learning,0.6694131687336438,0.38628342701567836,0.5437579616682574,98,495.0
size_matched_mismatched_repeated,mechanism_mismatched_size_matched,"Mechanism mismatched, size matched",outer,45,RandomForestRegressor,Mixed transfer,0.6571027441928039,0.3931493403170104,0.5537896806403346,98,495.0
size_matched_mismatched_repeated,mechanism_mismatched_size_matched,"Mechanism mismatched, size matched",outer,46,HistGradientBoostingRegressor,Mixed transfer,0.6374661742643859,0.40222297994167705,0.5694257744039078,98,495.0
